PRAGMA foreign_keys=OFF;
BEGIN TRANSACTION;
CREATE TABLE IF NOT EXISTS "_prisma_migrations" (
    "id"                    TEXT PRIMARY KEY NOT NULL,
    "checksum"              TEXT NOT NULL,
    "finished_at"           DATETIME,
    "migration_name"        TEXT NOT NULL,
    "logs"                  TEXT,
    "rolled_back_at"        DATETIME,
    "started_at"            DATETIME NOT NULL DEFAULT current_timestamp,
    "applied_steps_count"   INTEGER UNSIGNED NOT NULL DEFAULT 0
);
INSERT INTO _prisma_migrations VALUES('0e99c277-4c9f-4c3c-955f-2e65c26c5c19','a74c67e51be21cbdf187094df092c1f730fd8b5e2a73f3d46e452d6b45e6f082',1755038254740,'20250806151822_init',NULL,NULL,1755038254733,1);
INSERT INTO _prisma_migrations VALUES('a20865be-ac78-4468-893b-3fb5ff61edca','6cbb896effb94f66340e3fde6e917cd6090114b0df239d9159f0e0facb20a4b3',1755267929425,'20250815142529_add_degree_faculty_relation',NULL,NULL,1755267929423,1);
INSERT INTO _prisma_migrations VALUES('43942327-c0c9-40a9-aa3b-b193c3e3cef3','423322b09f551e35201203ded9d9604ad7a15afb77146004b4114374975b10a2',1755458281242,'20250817191801_remove_learning_resources',NULL,NULL,1755458281236,1);
CREATE TABLE IF NOT EXISTS "University" (
    "id" TEXT NOT NULL PRIMARY KEY,
    "translationId" TEXT NOT NULL,
    CONSTRAINT "University_translationId_fkey" FOREIGN KEY ("translationId") REFERENCES "Translation" ("id") ON DELETE RESTRICT ON UPDATE CASCADE
);
INSERT INTO University VALUES('3856bd36-8082-4821-8b1d-9ce806403ab2','fa6eb564-ad2c-480c-9086-82a4fd474b0a');
INSERT INTO University VALUES('92e73fb7-96de-45e4-aff3-4ca7b89be16c','b4dad9c8-73fc-4da4-96c8-9586d1134663');
INSERT INTO University VALUES('1f3de78b-954c-4747-9353-8df6803d835f','fb5130e5-42f0-4e95-8fd7-6ec892ea3dd5');
INSERT INTO University VALUES('42e9a858-0a22-482d-ab1d-65f7a00ceb4c','b5c861e7-7b50-4e5c-a34d-60b7ad37e59d');
CREATE TABLE IF NOT EXISTS "Faculty" (
    "id" TEXT NOT NULL PRIMARY KEY,
    "descriptionId" TEXT NOT NULL,
    "translationId" TEXT NOT NULL,
    "universityId" TEXT NOT NULL,
    CONSTRAINT "Faculty_translationId_fkey" FOREIGN KEY ("translationId") REFERENCES "Translation" ("id") ON DELETE RESTRICT ON UPDATE CASCADE,
    CONSTRAINT "Faculty_descriptionId_fkey" FOREIGN KEY ("descriptionId") REFERENCES "Translation" ("id") ON DELETE RESTRICT ON UPDATE CASCADE,
    CONSTRAINT "Faculty_universityId_fkey" FOREIGN KEY ("universityId") REFERENCES "University" ("id") ON DELETE RESTRICT ON UPDATE CASCADE
);
INSERT INTO Faculty VALUES('067fc944-3d78-4675-a759-804e22b179a9','758e11bb-1619-4450-b0c9-456a871f2f1e','067fc944-3d78-4675-a759-804e22b179a9','3856bd36-8082-4821-8b1d-9ce806403ab2');
INSERT INTO Faculty VALUES('c65fa3bd-2f3a-40d8-b192-3be77adc7802','39ae54f0-57f9-473d-82c9-785dce83f328','ca18e408-bc40-4f5c-8460-9be7bad1e78c','3856bd36-8082-4821-8b1d-9ce806403ab2');
INSERT INTO Faculty VALUES('8f2e1d4c-5b3a-4e8f-9c7d-1a2b3c4d5e6f','461c044e-c567-4d6b-bf11-a42b73cb6525','369f5ce8-05f1-4d30-820e-baeb8bfb4e93','3856bd36-8082-4821-8b1d-9ce806403ab2');
INSERT INTO Faculty VALUES('5ab28f7a-c455-47a8-b891-d9076c46d673','401d30ef-cc8d-42d9-97b4-c81d5f390146','1b1daa8c-4cc3-4715-b876-908c29dba6a4','3856bd36-8082-4821-8b1d-9ce806403ab2');
INSERT INTO Faculty VALUES('7e3f2c1b-9a8d-4f6e-8c5b-2d3e4f5a6b7c','39ae54f0-57f9-473d-82c9-785dce83f328','ca18e408-bc40-4f5c-8460-9be7bad1e78c','92e73fb7-96de-45e4-aff3-4ca7b89be16c');
CREATE TABLE IF NOT EXISTS "Course" (
    "id" TEXT NOT NULL PRIMARY KEY,
    "translationId" TEXT NOT NULL,
    "universityId" TEXT NOT NULL,
    "publishedAt" DATETIME,
    "blockId" TEXT NOT NULL,
    CONSTRAINT "Course_translationId_fkey" FOREIGN KEY ("translationId") REFERENCES "Translation" ("id") ON DELETE RESTRICT ON UPDATE CASCADE,
    CONSTRAINT "Course_universityId_fkey" FOREIGN KEY ("universityId") REFERENCES "University" ("id") ON DELETE RESTRICT ON UPDATE CASCADE,
    CONSTRAINT "Course_blockId_fkey" FOREIGN KEY ("blockId") REFERENCES "Block" ("id") ON DELETE RESTRICT ON UPDATE CASCADE
);
INSERT INTO Course VALUES('15ec6466-6b06-49d0-b544-faba02ad791e','f0ae6d1b-c1c6-4d2f-ba0d-5eade0cb623b','92e73fb7-96de-45e4-aff3-4ca7b89be16c',NULL,'54b62c76-29ca-49e9-a35b-734ef27a45db');
INSERT INTO Course VALUES('17e9c6f3-e013-49c6-a83c-53662af927fb','68453935-7832-405a-b42a-e41d10099093','92e73fb7-96de-45e4-aff3-4ca7b89be16c',NULL,'c651ed04-7a51-4a9e-a770-e3457c69f60e');
INSERT INTO Course VALUES('dcff9c44-0c67-40ea-af5a-b837efbaf297','43f262a6-2545-43fb-8a5d-90d69072fddf','92e73fb7-96de-45e4-aff3-4ca7b89be16c',NULL,'c331fa88-e9f3-4341-9b8a-4fe05b428f1f');
INSERT INTO Course VALUES('08958745-cffa-43a9-b02a-d8cdcbb26de3','43fb0be2-16ac-4052-a44f-689d4af82440','92e73fb7-96de-45e4-aff3-4ca7b89be16c',NULL,'9c26aa0e-9b49-405e-b1c4-090ce2d16d29');
INSERT INTO Course VALUES('3B714857-64FC-45B4-872F-079CAF47718A','C44DBE0A-CFF5-4259-9064-163E3ED72F32','92e73fb7-96de-45e4-aff3-4ca7b89be16c',NULL,'EDE16E3C-66B1-4240-86B0-67B2A8B92973');
INSERT INTO Course VALUES('9f8e7d6c-5b4a-3928-8c7b-6a5d4f3e2c1b','3c4d5f6a-8b9c-4d0e-af2b-3c4d5f6a8b9c','92e73fb7-96de-45e4-aff3-4ca7b89be16c',NULL,'4b3a2c1d-8e7f-4a6d-9c5b-3a4b5c6d7e8f');
INSERT INTO Course VALUES('c5147e60-4ad0-40cb-a93a-6de6983b3c7c','8d81b8f4-b107-4ecd-9584-d7f8c9f26be7','92e73fb7-96de-45e4-aff3-4ca7b89be16c',NULL,'baed1685-70b6-4316-8598-693ddb29836a');
INSERT INTO Course VALUES('97fca4ad-7d96-404b-bb98-a037123a46c1','47191873-af34-406e-b66b-8f90c065057e','92e73fb7-96de-45e4-aff3-4ca7b89be16c',NULL,'e4a74368-8567-4f01-9907-d51434ffcbfd');
INSERT INTO Course VALUES('c9448b5a-5a7c-451f-9895-430ec91af65d','72f86c11-f987-48fd-975a-6627b0019940','92e73fb7-96de-45e4-aff3-4ca7b89be16c',NULL,'1052c11f-8fea-4d91-b180-297632d36c46');
INSERT INTO Course VALUES('961fb771-a9ce-4ed1-855e-caa87ca347f9','0f9fce5f-6089-4661-93cc-72e6aa2e57cd','92e73fb7-96de-45e4-aff3-4ca7b89be16c',NULL,'4389ad4c-3cf3-4e06-b4d3-20f6b43a723b');
INSERT INTO Course VALUES('8209acb5-9531-4a34-9036-e3a681349bb4','8b9cde61-4a1d-4e8d-800b-f41449623a07','3856bd36-8082-4821-8b1d-9ce806403ab2',NULL,'12607152-f869-4b7b-84a7-38d15a74b388');
INSERT INTO Course VALUES('f4c1aaeb-90c3-4b58-8cde-57d0e2fccb2d','851db662-4933-444c-9a54-a5795074a8a4','3856bd36-8082-4821-8b1d-9ce806403ab2',NULL,'50db41ff-0606-40b9-8df4-89878c424024');
INSERT INTO Course VALUES('cc8fe111-8b1b-41d2-9299-6a68f2cca395','4b42c9f4-436a-4008-9291-5ca24df618fe','3856bd36-8082-4821-8b1d-9ce806403ab2',NULL,'7b4f3a21-89d5-4c3e-a8f7-1e3d2c9b8a5f');
INSERT INTO Course VALUES('28B8218D-2AD3-47DB-8273-0FB48288551A','68A324D1-5434-4889-9900-236DBA47D169','3856bd36-8082-4821-8b1d-9ce806403ab2',NULL,'93063920-88DB-41DB-AFDD-1FDE26CA5686');
INSERT INTO Course VALUES('7b6523b1-5740-4f10-8303-773cdca0619d','be355b4a-6a11-49b9-ac5b-c3b66d52212b','3856bd36-8082-4821-8b1d-9ce806403ab2',NULL,'31d48832-b6e9-4d7f-9807-cad5bc502df2');
INSERT INTO Course VALUES('8feece5c-218b-4125-add2-e82c5c9fafef','6b3dd279-082e-47d6-a5cf-e795d5f07986','3856bd36-8082-4821-8b1d-9ce806403ab2',NULL,'213c1ac3-1a7b-4b1e-8a95-4ba5433ffac7');
INSERT INTO Course VALUES('3F315C7D-0CF4-43BB-B8A1-FF03717E1EF8','C44DBE0A-CFF5-4259-9064-163E3ED72F32','3856bd36-8082-4821-8b1d-9ce806403ab2',NULL,'31E0F17C-392F-4CF7-BA4D-B188EF7E767F');
INSERT INTO Course VALUES('7ba4a982-3b9a-4bf5-a587-c3e6152732d3','d191be2f-56ed-4cf6-880b-18c749786af9','3856bd36-8082-4821-8b1d-9ce806403ab2',NULL,'a4bcc89e-7c87-425f-8f5b-7a05fab2cd40');
INSERT INTO Course VALUES('0a70f485-4d99-4e35-a4f0-591a7de6b1eb','c7e930db-5b2a-43ba-a6e9-567bf5883053','3856bd36-8082-4821-8b1d-9ce806403ab2',NULL,'824dc1ce-e232-48c0-aba1-98c445c9a0f8');
INSERT INTO Course VALUES('77911a52-ded8-40b3-bac4-4d5dbd104053','45268d5a-6c0d-4760-ab4f-828be0a86d88','3856bd36-8082-4821-8b1d-9ce806403ab2',NULL,'95c9c671-dc31-43ce-b068-0ffa0acda312');
INSERT INTO Course VALUES('9bc75568-f18c-42dc-b872-768e17550935','d3b11a88-d9c2-4397-b6e4-2d2b0976a83a','3856bd36-8082-4821-8b1d-9ce806403ab2',NULL,'dc260f47-d88a-4e7e-b96e-a0d88779f784');
INSERT INTO Course VALUES('c3acb8e4-bacb-4aa9-9d11-337d9e301403','ef61ce16-2b50-4316-91dd-16913271687b','3856bd36-8082-4821-8b1d-9ce806403ab2',NULL,'08859f70-6ad9-4163-a601-9b67e88ce43d');
INSERT INTO Course VALUES('8a032019-3923-485b-8ef2-1c8c99494038','2d97a756-9661-4ff2-929f-66a368b704cc','3856bd36-8082-4821-8b1d-9ce806403ab2',NULL,'760e386b-da49-4d65-ad23-0ae1d461e3c2');
INSERT INTO Course VALUES('8a2f48fe-8a72-4784-abf5-dcf5069982d9','f7e34ceb-36a4-4321-bf3f-be4b967a8f84','3856bd36-8082-4821-8b1d-9ce806403ab2',NULL,'26c124f0-1f05-4b18-921d-3b21d3f2279b');
INSERT INTO Course VALUES('f97cf23c-5ce6-4c04-a74e-8b757cc97c47','18dee43c-2d42-4740-8fcd-700038824deb','3856bd36-8082-4821-8b1d-9ce806403ab2',NULL,'fd581c68-40d3-493b-8220-202e51946d5f');
INSERT INTO Course VALUES('1c32db9e-a4dd-4a63-a9d4-deb500cc0a6c','bcb61756-0297-4deb-a66f-d182600e0179','3856bd36-8082-4821-8b1d-9ce806403ab2',NULL,'c77d5070-787a-4fa4-9e62-e36313200e2a');
INSERT INTO Course VALUES('5b1c439a-cdef-43a6-853c-1a6eb255a4d1','1c48257b-684a-4ccb-89c5-78e344de5c4a','3856bd36-8082-4821-8b1d-9ce806403ab2',NULL,'4812c1ad-4c64-4df0-af58-55abf897861f');
INSERT INTO Course VALUES('28f851b6-0be8-4088-9035-845cbb7a1caf','d0498c23-075c-4a53-8093-66b8982f940f','3856bd36-8082-4821-8b1d-9ce806403ab2',NULL,'9693717e-b199-4760-aa14-2773b30effe0');
INSERT INTO Course VALUES('68736b00-1b9c-4acd-ac42-4efe25a079ad','f4bd0465-66ed-4a94-9021-e37700974c03','3856bd36-8082-4821-8b1d-9ce806403ab2',NULL,'b7d22482-a9b2-4f16-a498-012b063ce289');
INSERT INTO Course VALUES('9c53b063-3d2c-4993-9cb3-92d1d8a3e7d8','76223a65-8be7-4d0b-8f7f-76591882255f','3856bd36-8082-4821-8b1d-9ce806403ab2',NULL,'9ec308be-4c73-4414-b6ac-fb147cca6f5e');
INSERT INTO Course VALUES('c12d61c1-c095-4cb4-aa2c-e79740ef333b','33debec6-42c7-4984-a19a-04ab6ad88272','3856bd36-8082-4821-8b1d-9ce806403ab2',NULL,'643a2bc5-d588-4c0d-a792-ac6f53150c7b');
INSERT INTO Course VALUES('d5fecfea-f1c9-4479-9c0a-713befee59d7','e1b58f24-a1f7-4ccc-b09b-2e95ab840f57','3856bd36-8082-4821-8b1d-9ce806403ab2',NULL,'89a6578d-2fa6-4339-be72-bce4e9ac5c50');
INSERT INTO Course VALUES('83abedee-d83b-4957-bf0c-e4a66c511dde','188799c1-cb5f-4908-9f74-474f5fa96d36','3856bd36-8082-4821-8b1d-9ce806403ab2',NULL,'cd51ecf0-6899-4cae-aec8-1e28c293fee9');
INSERT INTO Course VALUES('90ac34be-66ce-430e-ab2b-aa670a3822f7','66ababae-045e-4406-b616-00f44e8acd21','3856bd36-8082-4821-8b1d-9ce806403ab2',NULL,'f0cdf659-f0ce-49ec-a736-fe0f6b206fb1');
INSERT INTO Course VALUES('681a88d0-1a56-4c39-815f-b6a900340187','9b00bf4a-1b10-48d7-bead-19a202108e8b','3856bd36-8082-4821-8b1d-9ce806403ab2',NULL,'53a9b98b-c124-4a2b-9eca-90d4ea56208a');
INSERT INTO Course VALUES('7506db0b-8c97-4c11-b9ba-aa271d0097e8','29fff600-3511-4311-bc67-c7f61504513a','3856bd36-8082-4821-8b1d-9ce806403ab2',NULL,'771c925f-6b27-4a6c-8d33-a68defc9c21a');
INSERT INTO Course VALUES('dbf59a8e-52b5-4b74-bcde-9c8dd2e96ff4','d82fe5b4-1676-41e3-ace2-6b0ee92a1833','3856bd36-8082-4821-8b1d-9ce806403ab2',NULL,'8deece25-acb3-4e79-869a-db098d479ec9');
INSERT INTO Course VALUES('cebc7789-75b3-4ee0-bd78-dfa99858e545','3292ae0f-3ba5-4526-99a8-10e7aa6238b0','3856bd36-8082-4821-8b1d-9ce806403ab2',NULL,'8032b711-618c-4ff6-8bb3-afffd63fe61c');
INSERT INTO Course VALUES('18f17e49-ac1b-451e-a21e-732c7bb0fea8','37771716-f5eb-444c-942d-901751914f80','3856bd36-8082-4821-8b1d-9ce806403ab2',NULL,'5f6c93a2-02aa-4b7a-8637-9406a5a5386f');
INSERT INTO Course VALUES('6cf0d792-8d19-4340-88e7-9c271d7141d6','40e51728-2ccd-47bb-bc71-6d39499ed577','3856bd36-8082-4821-8b1d-9ce806403ab2',NULL,'31bda8c8-bb68-4ec6-9a48-13a40ad46c5e');
INSERT INTO Course VALUES('8b9c78e4-513d-473a-8a00-665e4fe1f29a','7c9224fb-793d-48c1-8475-1285ed9da02d','3856bd36-8082-4821-8b1d-9ce806403ab2',NULL,'136e9363-7853-45b0-84e5-fee8012894b9');
INSERT INTO Course VALUES('d4a38b56-2528-4ff3-8d8e-3084bc0e4167','43fb0be2-16ac-4052-a44f-689d4af82440','3856bd36-8082-4821-8b1d-9ce806403ab2',NULL,'ac9e3b41-b2f5-4b77-8c76-1ef2293ea1f1');
INSERT INTO Course VALUES('ccad392a-6ae1-4525-aaaf-636898d8b413','11d4ed91-e7d3-4eb5-ae96-5933d7de4951','3856bd36-8082-4821-8b1d-9ce806403ab2',NULL,'6a66ccb6-e93a-48f4-84dd-44ea808813f3');
INSERT INTO Course VALUES('1986e2c9-762c-4176-804d-469910fd8a5d','9ccbc3cc-2abf-4120-9377-f5a8beaaa10c','3856bd36-8082-4821-8b1d-9ce806403ab2',NULL,'2f04c92e-1f5a-4421-b1b5-c9820c5a2c20');
INSERT INTO Course VALUES('591c44f1-2ab1-4dbf-8df2-ef06e5c4260e','818a894b-ef5a-4ef6-8f6c-363e8eae93fb','3856bd36-8082-4821-8b1d-9ce806403ab2',NULL,'e719ae79-9e51-4a3b-a420-967892bf3a81');
INSERT INTO Course VALUES('1267c131-bd95-40e2-8240-39d2100981a7','0f9fce5f-6089-4661-93cc-72e6aa2e57cd','3856bd36-8082-4821-8b1d-9ce806403ab2',NULL,'d8b8235e-431d-404f-9057-8249a2902be0');
INSERT INTO Course VALUES('7f31fe7c-bce3-4ffc-b4fd-042bd210621e','72f86c11-f987-48fd-975a-6627b0019940','3856bd36-8082-4821-8b1d-9ce806403ab2',NULL,'73d5b87a-4c34-4b53-aa86-b3d425a51abd');
INSERT INTO Course VALUES('f733a182-0be1-481d-8dd6-7762bed70993','d4c501df-eb02-4125-9f97-573813b664fb','3856bd36-8082-4821-8b1d-9ce806403ab2',NULL,'0af8f210-29a3-40ef-add3-4555f5fce140');
INSERT INTO Course VALUES('d1ec5e4c-998e-4d27-91f7-7134c225c806','5b076629-77e3-41b1-b18b-b1ddef2cb6ef','3856bd36-8082-4821-8b1d-9ce806403ab2',NULL,'bfe2af79-849c-43f2-a033-832974204715');
INSERT INTO Course VALUES('3e624b22-dabf-422c-82c2-64a6538faf4f','8d81b8f4-b107-4ecd-9584-d7f8c9f26be7','3856bd36-8082-4821-8b1d-9ce806403ab2',NULL,'19cfbc30-475c-4733-a5de-1064fa7f2ee7');
INSERT INTO Course VALUES('26563661-dbcd-4a80-ba5b-52c7ffec3e87','22a25557-6bef-4097-81a4-3b71bd84efb9','3856bd36-8082-4821-8b1d-9ce806403ab2',NULL,'f49316c3-f7e0-44c0-b316-3e4be99913f1');
INSERT INTO Course VALUES('504badae-acc5-4d40-b66b-cbb6dcfc009d','cad57e56-af9a-4bd8-b849-94bdbaf5efca','3856bd36-8082-4821-8b1d-9ce806403ab2',NULL,'b7c6e8ad-8460-458e-91ac-1da7a84179c9');
INSERT INTO Course VALUES('c3103624-867f-4855-b48f-17f21cf0b73e','f0ae6d1b-c1c6-4d2f-ba0d-5eade0cb623b','3856bd36-8082-4821-8b1d-9ce806403ab2',NULL,'993a6a59-7fc7-4d96-ada6-5858d742496a');
INSERT INTO Course VALUES('e520252d-7a0e-45c0-b9d2-e7961f74b345','68453935-7832-405a-b42a-e41d10099093','3856bd36-8082-4821-8b1d-9ce806403ab2',NULL,'86fa4bd9-56ab-411b-8494-19124458b4dd');
INSERT INTO Course VALUES('ea2a8249-c9af-4f62-8e3f-7f16b1b01d7a','f25c3425-8a0b-4d9d-baea-fb78fc675490','3856bd36-8082-4821-8b1d-9ce806403ab2',NULL,'b31e0114-be5e-4f4d-9c94-258a89a1b4ba');
INSERT INTO Course VALUES('66ec5bc4-18aa-4468-a94f-c3f6e444a42d','2bd06a32-de31-423e-be91-cd72dbab4cb8','3856bd36-8082-4821-8b1d-9ce806403ab2',NULL,'cc67261f-c80e-44cb-98fe-2e3d824b15e0');
INSERT INTO Course VALUES('8ffa8ab8-9116-4cd6-b54f-023784edca1e','2befe762-2d92-40b2-a970-83f9a08db26e','3856bd36-8082-4821-8b1d-9ce806403ab2',NULL,'907bd1ae-626e-41d5-8048-ab0be776a402');
INSERT INTO Course VALUES('5bc4c1d7-c235-4bf8-952d-0d151051bb06','56467e4f-9a52-4a30-9e83-8e69f88be7ea','3856bd36-8082-4821-8b1d-9ce806403ab2',NULL,'32daa890-cd21-456e-854f-84bbbe048304');
INSERT INTO Course VALUES('2ca31e5f-0a2f-47ad-8939-cf8e9d2e0c8c','3682e794-c6db-48af-9086-8bcdf3ba1361','3856bd36-8082-4821-8b1d-9ce806403ab2',NULL,'1ba27209-cfc3-4f46-93cc-5df7d272aebc');
INSERT INTO Course VALUES('051d2158-c1fd-4d10-b776-12089e40dd0a','42b0726e-77ec-49e8-96a3-1081de8ed902','3856bd36-8082-4821-8b1d-9ce806403ab2',NULL,'2ca3350d-2870-47c4-b9b4-a397b8bbe7b9');
INSERT INTO Course VALUES('35a35d94-1cba-41fd-b9da-8224c0e05c26','4ee3dc1d-68c8-4d49-8de5-d68b44dbf30d','3856bd36-8082-4821-8b1d-9ce806403ab2',NULL,'a5666d02-3086-44ba-97ab-2261915b21ff');
INSERT INTO Course VALUES('e305c8f1-a78d-4605-b1d9-d76399681f26','7a1911a3-4472-4823-b0a4-ec9acede05c3','3856bd36-8082-4821-8b1d-9ce806403ab2',NULL,'3cd46eb3-eb91-4710-b40a-7f28b9011231');
INSERT INTO Course VALUES('a88f7888-97e1-4115-93f3-9e5faa3b2a6f','90b094e5-7008-4d15-8760-4e5a0004e833','3856bd36-8082-4821-8b1d-9ce806403ab2',NULL,'3105ba27-e740-42e5-be29-4212256eedac');
INSERT INTO Course VALUES('1a07eadb-eb85-4d10-907a-cad281a06137','6086c503-3b98-40e1-a628-10f08a49cc7a','3856bd36-8082-4821-8b1d-9ce806403ab2',NULL,'0ef19d88-5b67-4cb0-abf3-31d2f4e680d3');
INSERT INTO Course VALUES('043d17a2-6309-483d-9319-45d43533d1df','06ab4809-b5a7-4a63-bf64-11b2137e158c','3856bd36-8082-4821-8b1d-9ce806403ab2',NULL,'1fbd6bf5-f9b7-4eff-b215-704bf232b2cc');
INSERT INTO Course VALUES('59e06ab8-984d-4e5b-8e01-f4a1b85d1925','43c27b29-25c0-48bd-b464-9a89b0fbbaaf','3856bd36-8082-4821-8b1d-9ce806403ab2',NULL,'83fa81db-f677-4024-9151-ce8d39feb2c9');
INSERT INTO Course VALUES('627e3bcd-0c1d-4761-9993-eace56a29da4','e29d162e-1a63-4875-b34c-67349bcdfb33','3856bd36-8082-4821-8b1d-9ce806403ab2',NULL,'e4700e5d-bcba-4f6f-8564-f36c97953a8b');
INSERT INTO Course VALUES('8cd40c56-68d2-416b-9639-37f8525bdfe0','e45aa0ec-3d93-402d-be14-83c7e35bfed6','3856bd36-8082-4821-8b1d-9ce806403ab2',NULL,'0af28bdb-67a9-4c7e-8e10-990002576b3a');
INSERT INTO Course VALUES('4874f73a-f045-44b6-99c8-edbbd220475d','85c94e9d-d658-47e1-8792-649c597b4d2a','3856bd36-8082-4821-8b1d-9ce806403ab2',NULL,'2e2063b3-d759-4a8c-97d4-3ae6bdd9ce26');
INSERT INTO Course VALUES('99b40ba0-8cd5-451e-aa30-1413931c3d16','0fca4bf4-a204-4cc8-9911-8485516ff5a0','3856bd36-8082-4821-8b1d-9ce806403ab2',NULL,'e049739c-86a4-4f8e-a423-e39e8f38d2ca');
INSERT INTO Course VALUES('723d9c6b-c174-4831-9342-c58f3339357d','474a614d-806d-4b79-8430-6242b799b7f6','3856bd36-8082-4821-8b1d-9ce806403ab2',NULL,'67251fe0-ebaf-4b7c-839d-6412181f330b');
INSERT INTO Course VALUES('0689ba53-b271-4c13-b7b6-79b5553fd958','37874beb-e35c-4a13-bb04-51eac3fa3b65','3856bd36-8082-4821-8b1d-9ce806403ab2',NULL,'ab8d4523-db3b-480e-8174-420d0ef87012');
INSERT INTO Course VALUES('07990e8d-d205-46ee-ac6a-d1f371dd7a0f','6316c2a7-f4e8-4e32-8fb5-e0e2611bde66','3856bd36-8082-4821-8b1d-9ce806403ab2',NULL,'fb797046-22db-45bc-8663-75421e1fdf84');
INSERT INTO Course VALUES('f7bfbd82-8b62-4e6d-a6dc-20755151ac3b','529780e7-32c7-4685-b54d-df934d032de6','3856bd36-8082-4821-8b1d-9ce806403ab2',NULL,'33c0e247-fca7-4f63-a065-211f1225ffa0');
INSERT INTO Course VALUES('48153e85-e200-4b72-8c9e-2ea63775bfdd','47191873-af34-406e-b66b-8f90c065057e','3856bd36-8082-4821-8b1d-9ce806403ab2',NULL,'a6b8af63-5f91-4381-8a43-12f67d9ec34d');
INSERT INTO Course VALUES('de4a2333-2f9f-46c2-8006-38fa9e9cc466','b5b8e1fb-02be-4c0f-b0dd-d0cf037f887c','3856bd36-8082-4821-8b1d-9ce806403ab2',NULL,'34882399-4d6c-4812-a01f-f1e6aaca802f');
INSERT INTO Course VALUES('CFD5A7C3-E5B8-4E4A-B595-F2DCC4B4674A','21523080-6A39-40DA-9DA3-2D6EB5B7F4AF','3856bd36-8082-4821-8b1d-9ce806403ab2',NULL,'ECE425AA-7490-4361-961D-E92E9064DE06');
INSERT INTO Course VALUES('4A66FFC1-CF90-43B3-B4C2-39B47B63B5FF','A85CE10B-18CD-4858-AFDF-FF1E648FF356','3856bd36-8082-4821-8b1d-9ce806403ab2',NULL,'702AF121-6DBC-424E-B5C6-9A19EC479DFF');
INSERT INTO Course VALUES('C944B168-697A-45A2-92BE-F05D7BF1A632','912BFA9E-3A77-4E04-87D1-A51C676A173C','3856bd36-8082-4821-8b1d-9ce806403ab2',NULL,'B2DBF109-153D-4369-945F-B51DC37C6458');
INSERT INTO Course VALUES('1C3F7A94-2B5C-4E7D-8F9A-6B3D2E4C8A1F','2A1C89A1-3A4F-4A44-A747-3252152438C9','3856bd36-8082-4821-8b1d-9ce806403ab2',NULL,'ED8F17D0-957B-4DAE-A73B-298FDB821976');
INSERT INTO Course VALUES('8F2E4B6A-3C7D-4A9F-B5E8-2D6C9F3A7B1E','97508FE0-85AA-4504-AA81-6FB42E35D496','3856bd36-8082-4821-8b1d-9ce806403ab2',NULL,'44515992-97B8-4248-8048-F1E392653D90');
INSERT INTO Course VALUES('5B8D1F4A-6C9E-4A2F-8D5B-3E7A9C2F6B4D','F2DFBC55-3D87-4086-A84F-926462D58924','3856bd36-8082-4821-8b1d-9ce806403ab2',NULL,'80F05550-E13A-440F-BE7D-F1B02AAA21C6');
INSERT INTO Course VALUES('7A5F2C8E-4B6D-4F9A-A2C7-8E5B9D3F6A1C','381E04F5-B0C5-4D7E-BDDB-910166A0FD89','3856bd36-8082-4821-8b1d-9ce806403ab2',NULL,'D963CBC8-4684-47B0-872E-53ED1377A802');
INSERT INTO Course VALUES('2E8A5F1C-7B4D-4A6F-8E2A-5C9B1F4A7E8D','9AE95896-4575-4A5D-B061-E63084629AFC','3856bd36-8082-4821-8b1d-9ce806403ab2',NULL,'9FE9749F-0326-4D7D-B88A-C24251477C7C');
INSERT INTO Course VALUES('9D4B6F8A-2C5E-4F7A-B9D4-6A2C8F5B9E1A','D16E5F7D-BADB-45FF-AA46-AA098CCCB860','3856bd36-8082-4821-8b1d-9ce806403ab2',NULL,'7F4F9F15-6535-4738-9783-CCBB0E72B28E');
INSERT INTO Course VALUES('13FE6C94-7E65-4CD2-B105-1C8EA63C73A0','B3B64068-0729-47CE-B245-0CB9A61EF133','3856bd36-8082-4821-8b1d-9ce806403ab2',NULL,'25A21167-85B9-4AEB-AE8B-2EBC96805075');
INSERT INTO Course VALUES('8D4E4C31-247D-435C-9FC9-C31C461BABDE','7AD0CC1F-8100-4A61-9E5A-9A33FD44B6C4','3856bd36-8082-4821-8b1d-9ce806403ab2',NULL,'6F8AA229-C26D-48F7-B4D9-99B66801AFB1');
INSERT INTO Course VALUES('C08B3FB0-94A9-4F57-9A9B-195C3F6A9A95','EDA6A1CF-49B1-42B5-B222-2360567A1CC2','3856bd36-8082-4821-8b1d-9ce806403ab2',NULL,'C1D87FAF-DA0D-4BCA-9055-1EB5004A2506');
INSERT INTO Course VALUES('65F040D4-B3B3-4534-9D3C-B1E328887AD6','08DE7ADA-D64A-4A80-B404-ED9FDB890780','3856bd36-8082-4821-8b1d-9ce806403ab2',NULL,'1FE2809D-9DA8-47AB-B16A-82B2B0F3BCEA');
INSERT INTO Course VALUES('7B4E6A9C-2F5D-4A8F-B7E4-6A9C2F5D8A1E','4788A07E-2959-44CB-AFE1-69178D7278E8','3856bd36-8082-4821-8b1d-9ce806403ab2',NULL,'5A39C93C-6FA5-4D38-9AE7-A496F4B3BE23');
INSERT INTO Course VALUES('8EFB3C4A-F840-4099-ABB1-C8B12FBF8337','01791C4F-7F39-4E7A-82C4-74D310FD7764','3856bd36-8082-4821-8b1d-9ce806403ab2',NULL,'67746F9D-EFA7-4C27-97D5-B97D803C414F');
INSERT INTO Course VALUES('9C5513BB-A600-4590-8417-3EB32823B59C','063346E1-5E9F-4B3E-B439-C47123A96642','3856bd36-8082-4821-8b1d-9ce806403ab2',NULL,'EF619178-0075-4528-A5E5-EDD11CDA1AC9');
INSERT INTO Course VALUES('555F3F2B-7CC9-496D-8F2C-FD558855BED4','CCF23719-624D-4B9A-B946-1104B0B1988E','3856bd36-8082-4821-8b1d-9ce806403ab2',NULL,'6995FDB3-1127-49C2-A411-A7774BA057D3');
INSERT INTO Course VALUES('1A5F8C2E-7B4D-4F9A-A1F5-8C2E7B4D9A6F','44FFF4D7-320E-4282-B8FD-A50D3F15F770','3856bd36-8082-4821-8b1d-9ce806403ab2',NULL,'E041319C-A848-4D4A-B65E-5D4550EB977B');
INSERT INTO Course VALUES('7F4A1783-8268-4322-997A-201CF4E2B209','60C2C386-A924-4906-8B1A-F38226A7F396','3856bd36-8082-4821-8b1d-9ce806403ab2',NULL,'441CCB1F-AE04-4992-8337-89D7930F8C3D');
INSERT INTO Course VALUES('908FF0D1-00D1-406B-9BF7-E9EA0374BE0E','A30D9CD7-8C02-4472-BDE7-B23A001870AA','3856bd36-8082-4821-8b1d-9ce806403ab2',NULL,'D3179696-0DF1-4356-99CD-D7884E974815');
INSERT INTO Course VALUES('DD0D76FF-66E4-404C-A897-D1C862601B2D','BD8921E9-E6C9-4EF6-BE69-0D5A07A65191','3856bd36-8082-4821-8b1d-9ce806403ab2',NULL,'CF1CF97B-2C80-4020-A398-2B84513DF1C7');
INSERT INTO Course VALUES('09C42D4D-336B-47B6-AC63-3CB9FB10989E','F6B856CA-7849-4CDA-9FC9-794C9253936E','3856bd36-8082-4821-8b1d-9ce806403ab2',NULL,'D2F5B46F-7D05-4224-9E83-70E2BC136EB3');
INSERT INTO Course VALUES('605D7AB6-ACB6-43CA-9911-496C4469C5E9','F920D0C0-50E9-4A01-9B50-63F4E450C171','3856bd36-8082-4821-8b1d-9ce806403ab2',NULL,'9631D994-C908-4CB1-9E67-9566CD1E94CD');
INSERT INTO Course VALUES('4A8F2C6E-7B3D-4A5F-A4F8-2C6E7B3D5A9F','5B91BD52-22E5-4335-ADE5-1C3E21B12EB8','3856bd36-8082-4821-8b1d-9ce806403ab2',NULL,'42F87231-0ED4-4420-ACF0-D59DFE484B0B');
INSERT INTO Course VALUES('f3fd28f1-bbf3-4774-b331-9777c993d74e','3dda5826-8420-43a9-a99b-7376ae0e9f37','3856bd36-8082-4821-8b1d-9ce806403ab2',NULL,'4ed24fa7-159f-460a-93aa-acb9f7fe098f');
CREATE TABLE IF NOT EXISTS "Block" (
    "id" TEXT NOT NULL PRIMARY KEY
);
INSERT INTO Block VALUES('54b62c76-29ca-49e9-a35b-734ef27a45db');
INSERT INTO Block VALUES('c651ed04-7a51-4a9e-a770-e3457c69f60e');
INSERT INTO Block VALUES('c331fa88-e9f3-4341-9b8a-4fe05b428f1f');
INSERT INTO Block VALUES('9c26aa0e-9b49-405e-b1c4-090ce2d16d29');
INSERT INTO Block VALUES('EDE16E3C-66B1-4240-86B0-67B2A8B92973');
INSERT INTO Block VALUES('4b3a2c1d-8e7f-4a6d-9c5b-3a4b5c6d7e8f');
INSERT INTO Block VALUES('baed1685-70b6-4316-8598-693ddb29836a');
INSERT INTO Block VALUES('e4a74368-8567-4f01-9907-d51434ffcbfd');
INSERT INTO Block VALUES('1052c11f-8fea-4d91-b180-297632d36c46');
INSERT INTO Block VALUES('4389ad4c-3cf3-4e06-b4d3-20f6b43a723b');
INSERT INTO Block VALUES('12607152-f869-4b7b-84a7-38d15a74b388');
INSERT INTO Block VALUES('50db41ff-0606-40b9-8df4-89878c424024');
INSERT INTO Block VALUES('7b4f3a21-89d5-4c3e-a8f7-1e3d2c9b8a5f');
INSERT INTO Block VALUES('93063920-88DB-41DB-AFDD-1FDE26CA5686');
INSERT INTO Block VALUES('31d48832-b6e9-4d7f-9807-cad5bc502df2');
INSERT INTO Block VALUES('213c1ac3-1a7b-4b1e-8a95-4ba5433ffac7');
INSERT INTO Block VALUES('31E0F17C-392F-4CF7-BA4D-B188EF7E767F');
INSERT INTO Block VALUES('a4bcc89e-7c87-425f-8f5b-7a05fab2cd40');
INSERT INTO Block VALUES('824dc1ce-e232-48c0-aba1-98c445c9a0f8');
INSERT INTO Block VALUES('95c9c671-dc31-43ce-b068-0ffa0acda312');
INSERT INTO Block VALUES('dc260f47-d88a-4e7e-b96e-a0d88779f784');
INSERT INTO Block VALUES('08859f70-6ad9-4163-a601-9b67e88ce43d');
INSERT INTO Block VALUES('760e386b-da49-4d65-ad23-0ae1d461e3c2');
INSERT INTO Block VALUES('26c124f0-1f05-4b18-921d-3b21d3f2279b');
INSERT INTO Block VALUES('fd581c68-40d3-493b-8220-202e51946d5f');
INSERT INTO Block VALUES('c77d5070-787a-4fa4-9e62-e36313200e2a');
INSERT INTO Block VALUES('4812c1ad-4c64-4df0-af58-55abf897861f');
INSERT INTO Block VALUES('9693717e-b199-4760-aa14-2773b30effe0');
INSERT INTO Block VALUES('b7d22482-a9b2-4f16-a498-012b063ce289');
INSERT INTO Block VALUES('9ec308be-4c73-4414-b6ac-fb147cca6f5e');
INSERT INTO Block VALUES('643a2bc5-d588-4c0d-a792-ac6f53150c7b');
INSERT INTO Block VALUES('89a6578d-2fa6-4339-be72-bce4e9ac5c50');
INSERT INTO Block VALUES('cd51ecf0-6899-4cae-aec8-1e28c293fee9');
INSERT INTO Block VALUES('f0cdf659-f0ce-49ec-a736-fe0f6b206fb1');
INSERT INTO Block VALUES('53a9b98b-c124-4a2b-9eca-90d4ea56208a');
INSERT INTO Block VALUES('771c925f-6b27-4a6c-8d33-a68defc9c21a');
INSERT INTO Block VALUES('8deece25-acb3-4e79-869a-db098d479ec9');
INSERT INTO Block VALUES('8032b711-618c-4ff6-8bb3-afffd63fe61c');
INSERT INTO Block VALUES('5f6c93a2-02aa-4b7a-8637-9406a5a5386f');
INSERT INTO Block VALUES('31bda8c8-bb68-4ec6-9a48-13a40ad46c5e');
INSERT INTO Block VALUES('136e9363-7853-45b0-84e5-fee8012894b9');
INSERT INTO Block VALUES('ac9e3b41-b2f5-4b77-8c76-1ef2293ea1f1');
INSERT INTO Block VALUES('6a66ccb6-e93a-48f4-84dd-44ea808813f3');
INSERT INTO Block VALUES('2f04c92e-1f5a-4421-b1b5-c9820c5a2c20');
INSERT INTO Block VALUES('e719ae79-9e51-4a3b-a420-967892bf3a81');
INSERT INTO Block VALUES('d8b8235e-431d-404f-9057-8249a2902be0');
INSERT INTO Block VALUES('73d5b87a-4c34-4b53-aa86-b3d425a51abd');
INSERT INTO Block VALUES('0af8f210-29a3-40ef-add3-4555f5fce140');
INSERT INTO Block VALUES('bfe2af79-849c-43f2-a033-832974204715');
INSERT INTO Block VALUES('19cfbc30-475c-4733-a5de-1064fa7f2ee7');
INSERT INTO Block VALUES('f49316c3-f7e0-44c0-b316-3e4be99913f1');
INSERT INTO Block VALUES('b7c6e8ad-8460-458e-91ac-1da7a84179c9');
INSERT INTO Block VALUES('993a6a59-7fc7-4d96-ada6-5858d742496a');
INSERT INTO Block VALUES('86fa4bd9-56ab-411b-8494-19124458b4dd');
INSERT INTO Block VALUES('b31e0114-be5e-4f4d-9c94-258a89a1b4ba');
INSERT INTO Block VALUES('cc67261f-c80e-44cb-98fe-2e3d824b15e0');
INSERT INTO Block VALUES('907bd1ae-626e-41d5-8048-ab0be776a402');
INSERT INTO Block VALUES('32daa890-cd21-456e-854f-84bbbe048304');
INSERT INTO Block VALUES('1ba27209-cfc3-4f46-93cc-5df7d272aebc');
INSERT INTO Block VALUES('2ca3350d-2870-47c4-b9b4-a397b8bbe7b9');
INSERT INTO Block VALUES('a5666d02-3086-44ba-97ab-2261915b21ff');
INSERT INTO Block VALUES('3cd46eb3-eb91-4710-b40a-7f28b9011231');
INSERT INTO Block VALUES('3105ba27-e740-42e5-be29-4212256eedac');
INSERT INTO Block VALUES('0ef19d88-5b67-4cb0-abf3-31d2f4e680d3');
INSERT INTO Block VALUES('1fbd6bf5-f9b7-4eff-b215-704bf232b2cc');
INSERT INTO Block VALUES('83fa81db-f677-4024-9151-ce8d39feb2c9');
INSERT INTO Block VALUES('e4700e5d-bcba-4f6f-8564-f36c97953a8b');
INSERT INTO Block VALUES('0af28bdb-67a9-4c7e-8e10-990002576b3a');
INSERT INTO Block VALUES('2e2063b3-d759-4a8c-97d4-3ae6bdd9ce26');
INSERT INTO Block VALUES('e049739c-86a4-4f8e-a423-e39e8f38d2ca');
INSERT INTO Block VALUES('67251fe0-ebaf-4b7c-839d-6412181f330b');
INSERT INTO Block VALUES('ab8d4523-db3b-480e-8174-420d0ef87012');
INSERT INTO Block VALUES('fb797046-22db-45bc-8663-75421e1fdf84');
INSERT INTO Block VALUES('33c0e247-fca7-4f63-a065-211f1225ffa0');
INSERT INTO Block VALUES('a6b8af63-5f91-4381-8a43-12f67d9ec34d');
INSERT INTO Block VALUES('34882399-4d6c-4812-a01f-f1e6aaca802f');
INSERT INTO Block VALUES('ECE425AA-7490-4361-961D-E92E9064DE06');
INSERT INTO Block VALUES('702AF121-6DBC-424E-B5C6-9A19EC479DFF');
INSERT INTO Block VALUES('B2DBF109-153D-4369-945F-B51DC37C6458');
INSERT INTO Block VALUES('ED8F17D0-957B-4DAE-A73B-298FDB821976');
INSERT INTO Block VALUES('44515992-97B8-4248-8048-F1E392653D90');
INSERT INTO Block VALUES('80F05550-E13A-440F-BE7D-F1B02AAA21C6');
INSERT INTO Block VALUES('D963CBC8-4684-47B0-872E-53ED1377A802');
INSERT INTO Block VALUES('9FE9749F-0326-4D7D-B88A-C24251477C7C');
INSERT INTO Block VALUES('7F4F9F15-6535-4738-9783-CCBB0E72B28E');
INSERT INTO Block VALUES('25A21167-85B9-4AEB-AE8B-2EBC96805075');
INSERT INTO Block VALUES('6F8AA229-C26D-48F7-B4D9-99B66801AFB1');
INSERT INTO Block VALUES('C1D87FAF-DA0D-4BCA-9055-1EB5004A2506');
INSERT INTO Block VALUES('1FE2809D-9DA8-47AB-B16A-82B2B0F3BCEA');
INSERT INTO Block VALUES('5A39C93C-6FA5-4D38-9AE7-A496F4B3BE23');
INSERT INTO Block VALUES('67746F9D-EFA7-4C27-97D5-B97D803C414F');
INSERT INTO Block VALUES('EF619178-0075-4528-A5E5-EDD11CDA1AC9');
INSERT INTO Block VALUES('6995FDB3-1127-49C2-A411-A7774BA057D3');
INSERT INTO Block VALUES('E041319C-A848-4D4A-B65E-5D4550EB977B');
INSERT INTO Block VALUES('441CCB1F-AE04-4992-8337-89D7930F8C3D');
INSERT INTO Block VALUES('D3179696-0DF1-4356-99CD-D7884E974815');
INSERT INTO Block VALUES('CF1CF97B-2C80-4020-A398-2B84513DF1C7');
INSERT INTO Block VALUES('D2F5B46F-7D05-4224-9E83-70E2BC136EB3');
INSERT INTO Block VALUES('9631D994-C908-4CB1-9E67-9566CD1E94CD');
INSERT INTO Block VALUES('42F87231-0ED4-4420-ACF0-D59DFE484B0B');
INSERT INTO Block VALUES('af0bd650-5f32-4dad-ba38-cea69f616692');
INSERT INTO Block VALUES('62e38ada-eb92-4a9c-bd52-943f6ed49b17');
INSERT INTO Block VALUES('7f7b0380-8d2d-45f2-9a8a-645755fadf42');
INSERT INTO Block VALUES('98c59241-27f0-4aec-9e33-84404d014b73');
INSERT INTO Block VALUES('240c2395-db81-48fb-9f3a-e39081da6b9f');
INSERT INTO Block VALUES('4d32cda4-d5c6-4165-a987-a35b313e148e');
INSERT INTO Block VALUES('435bd8ba-3c4c-474d-9d04-3d55cbab9d6f');
INSERT INTO Block VALUES('f91d2e2e-3fc8-45b5-ae64-e08a7d075e24');
INSERT INTO Block VALUES('5a95b965-7626-4c7d-98db-4c45bf72083a');
INSERT INTO Block VALUES('ec8270ca-1f32-4928-a2c6-2f998f6061b6');
INSERT INTO Block VALUES('016ddc51-9b0a-43d0-9ac5-8fe54d171b29');
INSERT INTO Block VALUES('a56fb4f6-cd1f-42e2-83ce-16dafaf2f067');
INSERT INTO Block VALUES('574e782a-2a2f-4b40-8d4e-79d1901e458e');
INSERT INTO Block VALUES('c80139f4-bcbb-4971-a43f-1132ae1c7e13');
INSERT INTO Block VALUES('506521a0-7219-40ba-ae0e-609e012654ce');
INSERT INTO Block VALUES('fce22107-4e8d-435c-9534-da7c38340441');
INSERT INTO Block VALUES('6ef0d2f1-a1df-4118-ab9f-0b804968d490');
INSERT INTO Block VALUES('6e19169a-959d-4f5d-a475-de09ca9ba8cd');
INSERT INTO Block VALUES('3f2e1d4c-5b6a-4789-8c0d-1e2f3a4b5c6d');
INSERT INTO Block VALUES('8b9c0d1e-2f3a-4b5c-86de-8f9a0b1c2d3e');
INSERT INTO Block VALUES('9c0d1e2f-3a4b-4c6d-87ef-9a0b1c2d3e4f');
INSERT INTO Block VALUES('0d1e2f3a-4b5c-4d7e-a8fa-0b1c2d3e4f5a');
INSERT INTO Block VALUES('1e2f3a4b-5c6d-4e8f-a9ab-1c2d3e4f5a6b');
INSERT INTO Block VALUES('2f3a4b5c-6d7e-4f9a-a0bc-2d3e4f5a6b7c');
INSERT INTO Block VALUES('3a4b5c6d-7e8f-409b-a1cd-3e4f5a6b7c8d');
INSERT INTO Block VALUES('8f4e9a3b-2c1d-4f5e-9a8b-7c3d6e5f8a9b');
INSERT INTO Block VALUES('2b8d7f9c-3a4e-4b5f-8c9d-1e2f3a4b5c6d');
INSERT INTO Block VALUES('65acc4b0-c258-4bd0-8eb0-e686006d224d');
INSERT INTO Block VALUES('9c8e5d2a-4b7f-4c8d-9e0a-1b2c3d4e5f6a');
INSERT INTO Block VALUES('7496bad2-981e-4ac5-b464-788c4fc0d118');
INSERT INTO Block VALUES('87a1da94-793c-4565-8706-8fd073a50cf6');
INSERT INTO Block VALUES('c6dd59ac-1802-4bc9-b91e-ca77bb32620e');
INSERT INTO Block VALUES('f2866b62-f4f6-4e22-8fcc-f4bd8bbdb275');
INSERT INTO Block VALUES('d55d4871-f7c6-47f8-94d7-ee4ada6bf45f');
INSERT INTO Block VALUES('78123942-6F56-4C66-8881-B49BC26E107D');
INSERT INTO Block VALUES('81BE3915-2C63-470E-85FE-55C1062DEFF3');
INSERT INTO Block VALUES('82da973e-a84a-44f4-b33f-bcf907961eb3');
INSERT INTO Block VALUES('e1367766-2b1a-42f9-a725-58d092bbc080');
INSERT INTO Block VALUES('4f5a6b7c-8d9e-4012-a456-789abc123def');
INSERT INTO Block VALUES('5a6b7c8d-9e0f-4123-b567-89abcd234eff');
INSERT INTO Block VALUES('37d15e78-fcf2-49a0-bbde-b4dbffd904a7');
INSERT INTO Block VALUES('bd8947e7-bd42-4ea0-976b-639ec22fe2ea');
INSERT INTO Block VALUES('a4d6a459-7406-40d6-bae8-2b27b26adb28');
INSERT INTO Block VALUES('96faa327-fae1-479a-907c-2e96ab8ee7cf');
INSERT INTO Block VALUES('f2663296-2bcc-4e50-b079-8986d078bbbf');
INSERT INTO Block VALUES('6aee8076-d604-4357-b5dd-58f1c43a23b2');
INSERT INTO Block VALUES('bdcc18bf-e894-4e7c-afc9-02f155a0596b');
INSERT INTO Block VALUES('5686a719-6e80-4936-b585-cff43bad4842');
INSERT INTO Block VALUES('fc0c176d-4992-4a99-8070-d30a948c845c');
INSERT INTO Block VALUES('19a75237-5577-45a6-aedc-60a2995eb88a');
INSERT INTO Block VALUES('fbda2932-3737-49a6-aaa4-77be8d0ca6a9');
INSERT INTO Block VALUES('bd422960-2e1e-4fb2-8acb-effd3bcb9b96');
INSERT INTO Block VALUES('bf115d1c-6352-4421-9d43-b5c13f9377f6');
INSERT INTO Block VALUES('580f5e90-cd5a-4539-a07a-222e82497b27');
INSERT INTO Block VALUES('888d9b93-facd-47f4-9f6b-51056e6445bf');
INSERT INTO Block VALUES('7d8e9f01-2345-4567-890a-bcdef0123456');
INSERT INTO Block VALUES('4e5f6a8b-9c0d-4f5e-a2ab-5c6d7e8f9a0b');
INSERT INTO Block VALUES('c1f4a8e2-5d7b-4c9a-8f3e-2b6d9c1a4e7f');
INSERT INTO Block VALUES('1d2e3f4a-5b6c-4d7e-8f9a-0b1c2d3e4f5a');
INSERT INTO Block VALUES('a1b2c3d4-5e6f-4a8b-9c0d-2e3f4a5b6c7d');
INSERT INTO Block VALUES('28a65ee2-09c0-4a86-a920-34c5f2a0f0d7');
INSERT INTO Block VALUES('70bf7dc6-cbb8-4f2e-b2e3-1736586c7d9d');
INSERT INTO Block VALUES('b4de3329-f3af-4ae9-b67d-bf1c5d1a30fb');
INSERT INTO Block VALUES('c451b387-fc0d-4c4c-bf72-41817c1b2e45');
INSERT INTO Block VALUES('e4e3361c-9c9f-4d12-a9d6-8de53f794295');
INSERT INTO Block VALUES('97128d23-40d6-4045-a57d-ec1b08c3723e');
INSERT INTO Block VALUES('f27c282a-0396-432d-8c9f-472233089edd');
INSERT INTO Block VALUES('62a63596-9c68-44e0-a85d-169f2e96ce49');
INSERT INTO Block VALUES('fae56388-e1d2-4f5e-a537-8ff28803871f');
INSERT INTO Block VALUES('c0c04721-11f0-4668-9e91-2fa94217663f');
INSERT INTO Block VALUES('b68ae937-37a8-4d10-95a6-89a7017694bc');
INSERT INTO Block VALUES('c2781ae5-9358-4297-8db9-e6651f6f5cd8');
INSERT INTO Block VALUES('9a45204a-d855-4558-b187-bb136002a9bb');
INSERT INTO Block VALUES('f8c9d5e1-2a3b-4c6d-8e9f-1a2b3c4d5e6f');
INSERT INTO Block VALUES('d49b124c-df8c-403d-8460-8f7ee813784f');
INSERT INTO Block VALUES('a2093775-11c1-40e2-9c10-3cdaaeaf6559');
INSERT INTO Block VALUES('0030cff5-5c9c-48db-ba6c-1c8fe12b9f7b');
INSERT INTO Block VALUES('840E951F-0BD1-4B4C-BA15-53CDA007BE5A');
INSERT INTO Block VALUES('231c0ba2-51ff-4e00-bd56-2798af134ad0');
INSERT INTO Block VALUES('9cd7e0d3-7128-4ab5-8606-cf4431a031d0');
INSERT INTO Block VALUES('e46b4448-3b6b-4a8f-908a-9015b0fd7570');
INSERT INTO Block VALUES('5337a956-4209-4b3c-92bb-a9ca88c53e39');
INSERT INTO Block VALUES('3a53db65-d6a9-4453-b0ee-dfd2bfe8348d');
INSERT INTO Block VALUES('fc27b5ed-9675-4f14-baf1-525df8963185');
INSERT INTO Block VALUES('da9c91de-f9ea-4cd0-99c6-46a83bcd6392');
INSERT INTO Block VALUES('fef9c425-d3de-4e92-8456-0a2234dca31e');
INSERT INTO Block VALUES('44a2670c-c5c6-4a47-8230-5ec0a33f4848');
INSERT INTO Block VALUES('e583ab26-2829-44b9-be2b-35ed6706e7d8');
INSERT INTO Block VALUES('e065f545-090a-44ae-b24a-7efbb347f759');
INSERT INTO Block VALUES('8bf65e84-8175-4862-b3f2-b2e0aa9723f5');
INSERT INTO Block VALUES('d101185e-8ae1-4ec7-8a9d-3aedcceb74ec');
INSERT INTO Block VALUES('e4971e65-96d4-4710-b45b-788a7764b563');
INSERT INTO Block VALUES('ca1e0bfd-2967-4bac-b840-acd08862aca7');
INSERT INTO Block VALUES('0a8e346c-5eaf-4852-86d0-5f637c3665d3');
INSERT INTO Block VALUES('1566bfc7-b551-4718-a30d-3d3f1e958d7c');
INSERT INTO Block VALUES('cf6f37bc-9f76-4cde-8b1a-5c980e523bde');
INSERT INTO Block VALUES('bd9dd545-5b25-4245-a4a9-2aa7f56d692e');
INSERT INTO Block VALUES('8d6b5006-580d-4c98-a6b9-aa0d367052fc');
INSERT INTO Block VALUES('faff5d86-8866-4147-8b34-d8a774f12bb1');
INSERT INTO Block VALUES('ece7e8b0-33a7-48ec-b9cc-5869597b0876');
INSERT INTO Block VALUES('35b60523-73e0-46ef-b7a3-d71d1a77a9e1');
INSERT INTO Block VALUES('1d73364e-d892-4cd8-b7b3-6edca726b394');
INSERT INTO Block VALUES('4ed24fa7-159f-460a-93aa-acb9f7fe098f');
INSERT INTO Block VALUES('51177e55-2e09-44fe-a2f6-36a71397b90a');
INSERT INTO Block VALUES('9877097a-5763-44d2-ad59-e27a80ecb070');
INSERT INTO Block VALUES('5e7a1348-0d28-42f4-bc7f-9b6d8c547d19');
INSERT INTO Block VALUES('ca0676ca-c8c0-4432-b156-4aa54b7f61bd');
INSERT INTO Block VALUES('a50a6424-a6cf-4d60-8daa-056aaaee4721');
INSERT INTO Block VALUES('711ec943-04cb-4a0a-a984-8d694baabd07');
INSERT INTO Block VALUES('bad9f921-ec0e-4429-9f29-9c4c5892f106');
INSERT INTO Block VALUES('0ca3edbf-7ac8-4308-975b-cb1aefcba709');
INSERT INTO Block VALUES('e5c6879e-2277-40b2-a365-0e6a21b72712');
INSERT INTO Block VALUES('ff3e28f2-6781-4673-87fc-636993fe97c7');
INSERT INTO Block VALUES('fb46a02e-e150-42d4-a405-abc119671cdb');
INSERT INTO Block VALUES('b11af66d-f1b1-4396-a4ea-49b7aa745fb7');
INSERT INTO Block VALUES('1596b434-a102-4187-80cc-51cf66e103c6');
INSERT INTO Block VALUES('db6bec19-3447-48cd-b692-951a8b54697f');
INSERT INTO Block VALUES('b912bd0a-ba32-434a-8947-1c1d9dc54dfd');
INSERT INTO Block VALUES('de364507-b5d2-497d-844c-d8e16db442b1');
INSERT INTO Block VALUES('ce143993-9af1-42d6-8085-3a509b3f28b3');
INSERT INTO Block VALUES('a343e92a-2e6b-4526-aa5b-1dace62576d0');
INSERT INTO Block VALUES('8f23be2d-d86a-4c5c-bc31-4942c8fcc931');
INSERT INTO Block VALUES('6ba07f0c-3851-412c-8a65-e28be3f15d88');
INSERT INTO Block VALUES('49e0b8da-8e34-4794-afa2-4dad6d2cf12a');
INSERT INTO Block VALUES('eddff053-8349-442a-bba6-a63fc7036e1e');
INSERT INTO Block VALUES('1f539926-5f81-4de2-9fc5-bd6ccc09e4c7');
INSERT INTO Block VALUES('ab102acb-288c-4589-b06f-520d05a47795');
INSERT INTO Block VALUES('a7856eca-b165-4048-a052-cc36f7c2cb82');
INSERT INTO Block VALUES('83e33485-d95b-4d4c-af2a-8982fb031890');
INSERT INTO Block VALUES('c5b944b9-7a4c-45e2-95f2-4d3312ff9b9a');
INSERT INTO Block VALUES('bab3b93c-e237-44ab-9cc9-60819d6dbd9b');
INSERT INTO Block VALUES('e6d49d73-73c9-4dff-b1b1-f776c36f3b5c');
INSERT INTO Block VALUES('ed614be2-ac5f-4af4-9f69-eeecae1ee268');
INSERT INTO Block VALUES('529b2740-1ab9-4355-94d1-e6f8d494bebe');
INSERT INTO Block VALUES('dfd0b177-0fe0-4065-a39e-28716814430c');
INSERT INTO Block VALUES('9e84cda1-13dc-42ee-90d7-d483529e5846');
INSERT INTO Block VALUES('674889e9-9df9-4a24-b640-152448da9b6b');
INSERT INTO Block VALUES('11e54275-72ac-4cae-ae3c-8cb7065a128d');
INSERT INTO Block VALUES('c49829c3-7c2c-4668-aada-77f7e6ad6471');
INSERT INTO Block VALUES('4af2956a-28ba-4ec1-bac4-bd63675c6bce');
INSERT INTO Block VALUES('3ccaf547-c42f-403e-895f-c82517a8df30');
INSERT INTO Block VALUES('3e6692b2-60af-4a44-aec2-36442979c409');
INSERT INTO Block VALUES('f4049d99-64e3-46f3-91df-59ca896b6df4');
INSERT INTO Block VALUES('e588c862-2202-41fd-b86f-e31f9b481a2e');
INSERT INTO Block VALUES('bc779f41-89c3-4a1a-90ff-ef9c4bc5e828');
INSERT INTO Block VALUES('87b13aba-2509-4731-9278-f2d06815abc7');
INSERT INTO Block VALUES('45002432-3809-40ef-8d5d-0f463beb941f');
INSERT INTO Block VALUES('abf41f07-985c-4e8a-9654-37e1af5189ee');
INSERT INTO Block VALUES('adae31a7-9375-4bde-bc91-541d762ba546');
INSERT INTO Block VALUES('8bacfcd0-5f8e-488d-b1e0-5f9e1cff8945');
INSERT INTO Block VALUES('44084f03-ea35-4c61-8b4a-5ef1d23d5381');
INSERT INTO Block VALUES('0eef4317-7625-4275-9b84-9b421b05d099');
INSERT INTO Block VALUES('d3adae62-1cbc-487c-8c69-c86069efabd1');
INSERT INTO Block VALUES('35003997-ade7-47c8-962b-f1872a7e1ebf');
INSERT INTO Block VALUES('9b1e7536-adc4-42f2-b4dc-cf4def2fe4d1');
INSERT INTO Block VALUES('48a2c08e-b073-4349-b0f6-cdb486cf2d23');
INSERT INTO Block VALUES('feac4ac8-e976-4f5b-a369-1d3242dbec69');
INSERT INTO Block VALUES('38dd8127-64da-4f43-91b2-20702844f085');
INSERT INTO Block VALUES('040c8fc6-8190-4c5b-b670-a10f8073cb14');
INSERT INTO Block VALUES('5379e424-43ca-458f-ad81-d284fb776fb4');
INSERT INTO Block VALUES('e914c51e-173f-4d81-8735-6384721bb68e');
INSERT INTO Block VALUES('f705c7ce-e162-4d63-a351-e79d747170d5');
INSERT INTO Block VALUES('8ce3ef85-b766-4667-8548-a037ddd5cec2');
INSERT INTO Block VALUES('71fd814f-789e-4bed-9607-489212874cfa');
INSERT INTO Block VALUES('38690106-bcaa-4ffb-aa39-7619b5d46977');
INSERT INTO Block VALUES('8b992e91-5e3e-4a23-94bf-2d7ff3a9bbd4');
INSERT INTO Block VALUES('8e29de5b-6143-41da-bc66-518e77e57958');
INSERT INTO Block VALUES('73cdbafa-deb9-4403-94de-49f23093ec1e');
INSERT INTO Block VALUES('6bc03c1b-6c2b-4486-80e0-ccedd2cfbc66');
INSERT INTO Block VALUES('73744f8e-028d-41a1-968f-cdd5dd7e0ed7');
INSERT INTO Block VALUES('bbc19e74-14ea-48f2-bb1f-fe27ec6385d3');
INSERT INTO Block VALUES('8ae01665-8bc7-4d5b-8aaa-297b75a08b87');
INSERT INTO Block VALUES('1fbb7f29-1229-42cd-887f-fb72d0f445c5');
INSERT INTO Block VALUES('acd77aaf-31f6-44d0-8c7e-a394158fa5ab');
INSERT INTO Block VALUES('c7556042-ca08-419b-9897-e049fbb293e9');
INSERT INTO Block VALUES('c3422c09-d9e8-443f-9de2-e0a05c4858f8');
INSERT INTO Block VALUES('c4037cef-e680-4769-962a-86573e02b76f');
INSERT INTO Block VALUES('d6a0133c-8b95-4207-8ae4-e972bc62f48c');
INSERT INTO Block VALUES('5256bade-c104-48a1-b04f-4f0be1c04ef7');
INSERT INTO Block VALUES('e88047da-f27f-42c4-a5b6-ceda19113c1d');
INSERT INTO Block VALUES('faf54089-3669-4aa6-9306-8542d2980f08');
INSERT INTO Block VALUES('049c45f5-1808-4c46-828f-bade323c4de1');
INSERT INTO Block VALUES('e7aef868-3048-4f1c-aef2-e0efd78d45d8');
INSERT INTO Block VALUES('90eb1a29-3e12-443b-b2b5-1e4ea9745021');
INSERT INTO Block VALUES('0fb4a21b-7755-4797-8aec-aa91a8517bba');
INSERT INTO Block VALUES('218ad569-cda7-4405-819c-526462f654c1');
INSERT INTO Block VALUES('fbe51db7-9b53-44da-be80-78ca3a6177bd');
INSERT INTO Block VALUES('65b6b26c-7856-4385-9995-26fb456d7562');
INSERT INTO Block VALUES('9d4bcfd3-335a-4b60-8630-a3d7b2359f55');
INSERT INTO Block VALUES('a58e26ff-069b-4a20-9fca-7626d1795b88');
INSERT INTO Block VALUES('f2ab92c4-f9fa-4a41-aab3-37c2fa996312');
INSERT INTO Block VALUES('4e4984cb-878a-4a64-b243-79edb1ccfe03');
INSERT INTO Block VALUES('7c9f4164-5ef5-4e36-8449-45e64e7dcb2a');
INSERT INTO Block VALUES('3eee00c7-8157-43ca-968b-6f09a008740d');
INSERT INTO Block VALUES('7581868b-8488-4057-b8a9-988804ad80aa');
INSERT INTO Block VALUES('8b2c62f5-dbd9-47eb-90ff-db2285ac86e3');
INSERT INTO Block VALUES('65f1c1a2-99e8-4813-8d35-5726ce882465');
INSERT INTO Block VALUES('89356586-244e-4e69-9743-3f744bf643ea');
INSERT INTO Block VALUES('418e8307-8593-48d2-bd95-a1981ecf6628');
INSERT INTO Block VALUES('8af179f9-3855-4b58-b7b9-0d9ee029c34e');
INSERT INTO Block VALUES('f904d5cb-ee84-46e2-92ad-ce429994ca56');
INSERT INTO Block VALUES('2a9f07cd-bb22-4520-a863-52c306284fca');
INSERT INTO Block VALUES('f7f310f8-02f3-4348-ac0e-6f4593ce2537');
INSERT INTO Block VALUES('3b0cd0f8-42bb-4ab8-863a-9294d62a235b');
INSERT INTO Block VALUES('e63111a1-b269-46c5-b7f8-5f7eb58d063b');
INSERT INTO Block VALUES('0937070e-356c-4f00-af3e-570dc1b895f4');
INSERT INTO Block VALUES('f2f32b8a-0fa9-4a2f-887e-ba428fc10cd2');
INSERT INTO Block VALUES('1b028d75-1d96-4e32-bcb7-b8a916f53146');
INSERT INTO Block VALUES('6084e109-2a63-4f76-99d0-56c3599302f3');
INSERT INTO Block VALUES('4101668c-a823-4128-81cb-d13a1eb531cb');
INSERT INTO Block VALUES('30c33c8e-9c25-4a66-aeef-a6d23bd8775e');
INSERT INTO Block VALUES('5b12fcad-8fdf-4846-8709-4e41a45bfd51');
INSERT INTO Block VALUES('8a6ff0f4-228d-4ef4-a848-4a9f6cfaff4d');
INSERT INTO Block VALUES('45d84830-92ea-4e1d-b3a2-7c8279f805ab');
INSERT INTO Block VALUES('935ebb09-7eec-4c0e-9645-cbdb40ab1c0d');
INSERT INTO Block VALUES('68d9337e-12fb-495c-a869-4f3b3101663a');
INSERT INTO Block VALUES('4d0989d0-9990-4a47-ac61-83a14140c6bd');
INSERT INTO Block VALUES('e38f4fab-40ce-444f-a358-88888ae5d156');
INSERT INTO Block VALUES('0564e6d5-80d1-4699-a624-2da03e24e1f0');
INSERT INTO Block VALUES('329b8389-acec-487d-bffa-8aa8a87bdcb1');
INSERT INTO Block VALUES('0fc9053e-bbb1-4258-af90-cef4de1a72f9');
INSERT INTO Block VALUES('c2480408-b964-411c-946f-b5602fc64826');
INSERT INTO Block VALUES('90daee78-b03a-48b0-8780-5e8172c481ab');
INSERT INTO Block VALUES('3970e48c-a320-48d5-8d21-f908450b92cb');
INSERT INTO Block VALUES('dfc0b2aa-1fb0-487f-a241-ce2c73402e5d');
INSERT INTO Block VALUES('c621dfe5-9e01-43eb-bada-2f20711b79da');
INSERT INTO Block VALUES('87f45a7d-eb41-4a4f-b48e-2e8111bdfc69');
INSERT INTO Block VALUES('b919a901-fc18-4343-9211-9d33329505c6');
INSERT INTO Block VALUES('26036b28-a79f-471e-8aab-f3fdb1c16c2a');
INSERT INTO Block VALUES('1473f620-3239-4154-875e-b9a989b06b0f');
INSERT INTO Block VALUES('39864f64-b4e7-4612-a825-f1a561805654');
INSERT INTO Block VALUES('d498ae32-8ec7-4a29-abd1-f101b35c7940');
INSERT INTO Block VALUES('fdee6c6b-c4a4-46fc-a3b6-28fcf164a121');
INSERT INTO Block VALUES('9b4a122c-14f6-45bd-b6f7-2d9012543bd2');
INSERT INTO Block VALUES('04b9017a-2b47-42e9-92ec-8e172aabf80c');
CREATE TABLE IF NOT EXISTS "BlockRelationship" (
    "id" TEXT NOT NULL PRIMARY KEY,
    "prerequisiteId" TEXT NOT NULL,
    "postrequisiteId" TEXT NOT NULL,
    CONSTRAINT "BlockRelationship_prerequisiteId_fkey" FOREIGN KEY ("prerequisiteId") REFERENCES "Block" ("id") ON DELETE RESTRICT ON UPDATE CASCADE,
    CONSTRAINT "BlockRelationship_postrequisiteId_fkey" FOREIGN KEY ("postrequisiteId") REFERENCES "Block" ("id") ON DELETE RESTRICT ON UPDATE CASCADE
);
INSERT INTO BlockRelationship VALUES('504a8133-8c3f-40b9-a874-11ebdeb76917','62e38ada-eb92-4a9c-bd52-943f6ed49b17','7f7b0380-8d2d-45f2-9a8a-645755fadf42');
INSERT INTO BlockRelationship VALUES('c28b0006-13a2-422d-ae56-b75ddc686087','af0bd650-5f32-4dad-ba38-cea69f616692','98c59241-27f0-4aec-9e33-84404d014b73');
INSERT INTO BlockRelationship VALUES('b4a907e5-c49a-4368-9c50-fd625540285f','f91d2e2e-3fc8-45b5-ae64-e08a7d075e24','5a95b965-7626-4c7d-98db-4c45bf72083a');
INSERT INTO BlockRelationship VALUES('bba994cb-72e3-465e-b4fa-47d2189870b1','ec8270ca-1f32-4928-a2c6-2f998f6061b6','016ddc51-9b0a-43d0-9ac5-8fe54d171b29');
INSERT INTO BlockRelationship VALUES('4a5b6c7d-8e9f-4412-a456-789abc123def','8b9c0d1e-2f3a-4b5c-86de-8f9a0b1c2d3e','9c0d1e2f-3a4b-4c6d-87ef-9a0b1c2d3e4f');
INSERT INTO BlockRelationship VALUES('5b6c7d8e-9f01-4123-b567-89abcd234eff','8b9c0d1e-2f3a-4b5c-86de-8f9a0b1c2d3e','0d1e2f3a-4b5c-4d7e-a8fa-0b1c2d3e4f5a');
INSERT INTO BlockRelationship VALUES('6c7d8e9f-0123-4234-a678-9abcde345f01','9c0d1e2f-3a4b-4c6d-87ef-9a0b1c2d3e4f','1e2f3a4b-5c6d-4e8f-a9ab-1c2d3e4f5a6b');
INSERT INTO BlockRelationship VALUES('7d8e9f01-1234-4345-a789-abcdef456012','0d1e2f3a-4b5c-4d7e-a8fa-0b1c2d3e4f5a','2f3a4b5c-6d7e-4f9a-a0bc-2d3e4f5a6b7c');
INSERT INTO BlockRelationship VALUES('8e9f0123-2345-4456-a89a-bcdef0567123','9c0d1e2f-3a4b-4c6d-87ef-9a0b1c2d3e4f','3a4b5c6d-7e8f-409b-a1cd-3e4f5a6b7c8d');
INSERT INTO BlockRelationship VALUES('06cf92b7-1e0e-4f7a-964b-1527f3f2246a','6e19169a-959d-4f5d-a475-de09ca9ba8cd','8f4e9a3b-2c1d-4f5e-9a8b-7c3d6e5f8a9b');
INSERT INTO BlockRelationship VALUES('dada74b5-207c-48f3-8d2e-b8f6b806a801','6e19169a-959d-4f5d-a475-de09ca9ba8cd','2b8d7f9c-3a4e-4b5f-8c9d-1e2f3a4b5c6d');
INSERT INTO BlockRelationship VALUES('bdd3d870-4672-4df4-8e78-a40199a4ff04','9c8e5d2a-4b7f-4c8d-9e0a-1b2c3d4e5f6a','65acc4b0-c258-4bd0-8eb0-e686006d224d');
INSERT INTO BlockRelationship VALUES('1744d33d-8c25-421f-9104-6fb50ea30ccb','81BE3915-2C63-470E-85FE-55C1062DEFF3','9c8e5d2a-4b7f-4c8d-9e0a-1b2c3d4e5f6a');
INSERT INTO BlockRelationship VALUES('e110371c-44f6-4715-b394-fe9b21e18155','9c8e5d2a-4b7f-4c8d-9e0a-1b2c3d4e5f6a','7496bad2-981e-4ac5-b464-788c4fc0d118');
INSERT INTO BlockRelationship VALUES('fcfd331c-bd37-4a51-b638-866fa5df19fe','9c8e5d2a-4b7f-4c8d-9e0a-1b2c3d4e5f6a','87a1da94-793c-4565-8706-8fd073a50cf6');
INSERT INTO BlockRelationship VALUES('9b81c7e2-4f6a-4d8b-b123-4c5d6e7f8a90','81BE3915-2C63-470E-85FE-55C1062DEFF3','c6dd59ac-1802-4bc9-b91e-ca77bb32620e');
INSERT INTO BlockRelationship VALUES('27d30775-72bb-41a2-b974-3d9883e6bb12','c6dd59ac-1802-4bc9-b91e-ca77bb32620e','f2866b62-f4f6-4e22-8fcc-f4bd8bbdb275');
INSERT INTO BlockRelationship VALUES('f1a2b3c4-d5e6-4789-a012-bcdef4567890','65acc4b0-c258-4bd0-8eb0-e686006d224d','d55d4871-f7c6-47f8-94d7-ee4ada6bf45f');
INSERT INTO BlockRelationship VALUES('6a70e70d-a1e0-486e-9c55-b22090cede3f','78123942-6F56-4C66-8881-B49BC26E107D','81BE3915-2C63-470E-85FE-55C1062DEFF3');
INSERT INTO BlockRelationship VALUES('c908742e-aee1-48fd-a4e9-a106d8c35202','9c8e5d2a-4b7f-4c8d-9e0a-1b2c3d4e5f6a','82da973e-a84a-44f4-b33f-bcf907961eb3');
INSERT INTO BlockRelationship VALUES('b3c4d5e6-f7a8-4890-b123-cdef56789012','82da973e-a84a-44f4-b33f-bcf907961eb3','e1367766-2b1a-42f9-a725-58d092bbc080');
INSERT INTO BlockRelationship VALUES('2a72095d-41a6-472b-b5ad-c6e01c726885','81BE3915-2C63-470E-85FE-55C1062DEFF3','4f5a6b7c-8d9e-4012-a456-789abc123def');
INSERT INTO BlockRelationship VALUES('27a0eab8-6102-4020-a147-b5cfee9a2d76','78123942-6F56-4C66-8881-B49BC26E107D','5a6b7c8d-9e0f-4123-b567-89abcd234eff');
INSERT INTO BlockRelationship VALUES('','81BE3915-2C63-470E-85FE-55C1062DEFF3','37d15e78-fcf2-49a0-bbde-b4dbffd904a7');
INSERT INTO BlockRelationship VALUES('a1b2c3d4-e5f6-4789-a012-bcdef3456789','81BE3915-2C63-470E-85FE-55C1062DEFF3','bd8947e7-bd42-4ea0-976b-639ec22fe2ea');
INSERT INTO BlockRelationship VALUES('49ade8d5-78a1-4d66-a62a-4a1cebb3d80d','b4de3329-f3af-4ae9-b67d-bf1c5d1a30fb','c451b387-fc0d-4c4c-bf72-41817c1b2e45');
INSERT INTO BlockRelationship VALUES('ceea03d8-cf5a-4297-a204-ee661c993ee2','c451b387-fc0d-4c4c-bf72-41817c1b2e45','e4e3361c-9c9f-4d12-a9d6-8de53f794295');
INSERT INTO BlockRelationship VALUES('bc02e30c-58a4-4585-bfbc-d70e10377abb','5a95b965-7626-4c7d-98db-4c45bf72083a','d49b124c-df8c-403d-8460-8f7ee813784f');
INSERT INTO BlockRelationship VALUES('5f84374f-c79c-419e-9c6c-523420bfcaed','d49b124c-df8c-403d-8460-8f7ee813784f','a2093775-11c1-40e2-9c10-3cdaaeaf6559');
INSERT INTO BlockRelationship VALUES('a55096c6-c840-4762-aa45-d41d27ad7fa5','a2093775-11c1-40e2-9c10-3cdaaeaf6559','0030cff5-5c9c-48db-ba6c-1c8fe12b9f7b');
INSERT INTO BlockRelationship VALUES('4a400758-507b-4ff0-9799-026577878064','1ba27209-cfc3-4f46-93cc-5df7d272aebc','2ca3350d-2870-47c4-b9b4-a397b8bbe7b9');
INSERT INTO BlockRelationship VALUES('0453e0f1-4917-4334-86e1-e8c2e76603e7','2ca3350d-2870-47c4-b9b4-a397b8bbe7b9','a5666d02-3086-44ba-97ab-2261915b21ff');
INSERT INTO BlockRelationship VALUES('A7D2FBC1-6E3A-4E28-8A6F-4D6B1C3E9F20','7b4f3a21-89d5-4c3e-a8f7-1e3d2c9b8a5f','a4bcc89e-7c87-425f-8f5b-7a05fab2cd40');
INSERT INTO BlockRelationship VALUES('B91E3F27-2C8D-4B7A-9E1F-0A2B3C4D5E6F','a6b8af63-5f91-4381-8a43-12f67d9ec34d','a4bcc89e-7c87-425f-8f5b-7a05fab2cd40');
INSERT INTO BlockRelationship VALUES('d6eeb1a2-abcb-4603-b566-a15a5d2d0add','2ca3350d-2870-47c4-b9b4-a397b8bbe7b9','8032b711-618c-4ff6-8bb3-afffd63fe61c');
INSERT INTO BlockRelationship VALUES('a43463ae-87bf-47cc-9d20-e6b134646a7d','907bd1ae-626e-41d5-8048-ab0be776a402','8032b711-618c-4ff6-8bb3-afffd63fe61c');
INSERT INTO BlockRelationship VALUES('633b68fd-4e69-4729-bb25-59d2c804360e','2ca3350d-2870-47c4-b9b4-a397b8bbe7b9','3cd46eb3-eb91-4710-b40a-7f28b9011231');
INSERT INTO BlockRelationship VALUES('17e22da8-7481-44c8-b7cc-cd19577efe8f','907bd1ae-626e-41d5-8048-ab0be776a402','3cd46eb3-eb91-4710-b40a-7f28b9011231');
INSERT INTO BlockRelationship VALUES('ac73be63-69fa-4224-8f36-7634587ccb16','7b4f3a21-89d5-4c3e-a8f7-1e3d2c9b8a5f','31d48832-b6e9-4d7f-9807-cad5bc502df2');
INSERT INTO BlockRelationship VALUES('45ddf9f9-ad99-4216-bd71-e74222f0061f','19cfbc30-475c-4733-a5de-1064fa7f2ee7','26c124f0-1f05-4b18-921d-3b21d3f2279b');
INSERT INTO BlockRelationship VALUES('D2EE6EFD-2892-4BA0-AF12-A9320B590C34','993a6a59-7fc7-4d96-ada6-5858d742496a','86fa4bd9-56ab-411b-8494-19124458b4dd');
INSERT INTO BlockRelationship VALUES('76DC9C77-F975-4413-A3FF-CDF3F05B3518','19cfbc30-475c-4733-a5de-1064fa7f2ee7','a6b8af63-5f91-4381-8a43-12f67d9ec34d');
INSERT INTO BlockRelationship VALUES('FD61E7E7-3FEF-4307-8AFD-E57CF861D0CB','93063920-88DB-41DB-AFDD-1FDE26CA5686','7b4f3a21-89d5-4c3e-a8f7-1e3d2c9b8a5f');
INSERT INTO BlockRelationship VALUES('24F98AFD-0968-407F-BECA-859C40EA47F2','9FE9749F-0326-4D7D-B88A-C24251477C7C','441CCB1F-AE04-4992-8337-89D7930F8C3D');
INSERT INTO BlockRelationship VALUES('E3F2A9B1-7C4D-4E5F-9A1B-2C3D4E5F6A7B','993a6a59-7fc7-4d96-ada6-5858d742496a','D963CBC8-4684-47B0-872E-53ED1377A802');
INSERT INTO BlockRelationship VALUES('F1A3C5E7-9B2D-4F6A-8C10-1234567890AB','993a6a59-7fc7-4d96-ada6-5858d742496a','9FE9749F-0326-4D7D-B88A-C24251477C7C');
INSERT INTO BlockRelationship VALUES('B2C4D6E8-1A3B-4C5D-9E7F-0A1B2C3D4E5F','ac9e3b41-b2f5-4b77-8c76-1ef2293ea1f1','9FE9749F-0326-4D7D-B88A-C24251477C7C');
INSERT INTO BlockRelationship VALUES('A3B5C7D9-2E4F-4A6B-8D01-23456789ABC0','19cfbc30-475c-4733-a5de-1064fa7f2ee7','9FE9749F-0326-4D7D-B88A-C24251477C7C');
INSERT INTO BlockRelationship VALUES('F0B1C2D3-E4F5-4617-980A-B1C2D3E4F5A6','7b4f3a21-89d5-4c3e-a8f7-1e3d2c9b8a5f','a6b8af63-5f91-4381-8a43-12f67d9ec34d');
INSERT INTO BlockRelationship VALUES('C1D2E3F4-5A6B-7C8D-9E0F-A1B2C3D4E5F6','baed1685-70b6-4316-8598-693ddb29836a','e4a74368-8567-4f01-9907-d51434ffcbfd');
INSERT INTO BlockRelationship VALUES('D2E3F4A5-B6C7-4890-8DEF-0A1B2C3D4E5F','7b4f3a21-89d5-4c3e-a8f7-1e3d2c9b8a5f','e4a74368-8567-4f01-9907-d51434ffcbfd');
INSERT INTO BlockRelationship VALUES('D2A1C3B4-E5F6-47A8-9B0C-1D2E3F4A5B6C','7b4f3a21-89d5-4c3e-a8f7-1e3d2c9b8a5f','1052c11f-8fea-4d91-b180-297632d36c46');
INSERT INTO BlockRelationship VALUES('A1B2C3D4-E5F6-47A8-9B0C-1D2E3F4A5B6D','e4a74368-8567-4f01-9907-d51434ffcbfd','1052c11f-8fea-4d91-b180-297632d36c46');
INSERT INTO BlockRelationship VALUES('B1C2D3E4-F5A6-47B8-9C0D-1E2F3A4B5C6D','7b4f3a21-89d5-4c3e-a8f7-1e3d2c9b8a5f','73d5b87a-4c34-4b53-aa86-b3d425a51abd');
INSERT INTO BlockRelationship VALUES('C1D2E3F4-A5B6-47C8-9D0E-1F2A3B4C5D6E','a6b8af63-5f91-4381-8a43-12f67d9ec34d','73d5b87a-4c34-4b53-aa86-b3d425a51abd');
INSERT INTO BlockRelationship VALUES('6b5c3d12-9af3-4c1b-9f2e-8a7b6c5d4e3f','e4a74368-8567-4f01-9907-d51434ffcbfd','4389ad4c-3cf3-4e06-b4d3-20f6b43a723b');
INSERT INTO BlockRelationship VALUES('1a2b3c4d-5e6f-4a7b-8c9d-0e1f2a3b4c5d','a6b8af63-5f91-4381-8a43-12f67d9ec34d','d8b8235e-431d-404f-9057-8249a2902be0');
INSERT INTO BlockRelationship VALUES('0355c0b3-dd47-4c36-9e38-33445b2e30eb','ECE425AA-7490-4361-961D-E92E9064DE06','67746F9D-EFA7-4C27-97D5-B97D803C414F');
INSERT INTO BlockRelationship VALUES('f6180800-730c-4270-8ea2-acd1c692b7ad','5f6c93a2-02aa-4b7a-8637-9406a5a5386f','5A39C93C-6FA5-4D38-9AE7-A496F4B3BE23');
INSERT INTO BlockRelationship VALUES('0b2ec91a-9cd6-425a-8639-575f1c81adf2','19cfbc30-475c-4733-a5de-1064fa7f2ee7','5A39C93C-6FA5-4D38-9AE7-A496F4B3BE23');
INSERT INTO BlockRelationship VALUES('4b471392-b822-4979-832b-a1cd0402dd93','a6b8af63-5f91-4381-8a43-12f67d9ec34d','44515992-97B8-4248-8048-F1E392653D90');
INSERT INTO BlockRelationship VALUES('9ca6eb5b-f32a-4c61-a4c1-fb2f1e47001a','ECE425AA-7490-4361-961D-E92E9064DE06','44515992-97B8-4248-8048-F1E392653D90');
INSERT INTO BlockRelationship VALUES('126fd178-526c-4059-8271-45b0a62c7c40','19cfbc30-475c-4733-a5de-1064fa7f2ee7','9631D994-C908-4CB1-9E67-9566CD1E94CD');
INSERT INTO BlockRelationship VALUES('42e95f37-166d-4981-bcdd-45e0ab3f616e','73d5b87a-4c34-4b53-aa86-b3d425a51abd','9631D994-C908-4CB1-9E67-9566CD1E94CD');
INSERT INTO BlockRelationship VALUES('c2758940-75d2-43e6-9b97-cc3b3cfee849','d8b8235e-431d-404f-9057-8249a2902be0','9631D994-C908-4CB1-9E67-9566CD1E94CD');
INSERT INTO BlockRelationship VALUES('0a7683cf-630a-464c-816e-6f514c05e222','a4bcc89e-7c87-425f-8f5b-7a05fab2cd40','6995FDB3-1127-49C2-A411-A7774BA057D3');
INSERT INTO BlockRelationship VALUES('6224d761-75e5-407d-9ca7-a344421af9e1','a6b8af63-5f91-4381-8a43-12f67d9ec34d','6995FDB3-1127-49C2-A411-A7774BA057D3');
INSERT INTO BlockRelationship VALUES('c7e496aa-dc6c-4ce6-821a-d32d67bdb6fc','a4bcc89e-7c87-425f-8f5b-7a05fab2cd40','80F05550-E13A-440F-BE7D-F1B02AAA21C6');
INSERT INTO BlockRelationship VALUES('a56b205d-b410-4e1e-8c6b-e8aa347e7c81','a6b8af63-5f91-4381-8a43-12f67d9ec34d','42F87231-0ED4-4420-ACF0-D59DFE484B0B');
INSERT INTO BlockRelationship VALUES('29fcbe5e-212e-4e6c-a545-21c4af0d5ebc','73d5b87a-4c34-4b53-aa86-b3d425a51abd','42F87231-0ED4-4420-ACF0-D59DFE484B0B');
INSERT INTO BlockRelationship VALUES('a645e32b-3f45-4196-8e45-f08f63b20a00','a6b8af63-5f91-4381-8a43-12f67d9ec34d','C1D87FAF-DA0D-4BCA-9055-1EB5004A2506');
INSERT INTO BlockRelationship VALUES('4a037e75-270a-4fb3-94bb-31193c953170','5f6c93a2-02aa-4b7a-8637-9406a5a5386f','C1D87FAF-DA0D-4BCA-9055-1EB5004A2506');
INSERT INTO BlockRelationship VALUES('4af8b133-0a14-49fe-ad97-f5d6b08ea640','19cfbc30-475c-4733-a5de-1064fa7f2ee7','ECE425AA-7490-4361-961D-E92E9064DE06');
INSERT INTO BlockRelationship VALUES('e2ff6ac7-85a4-4acc-9d16-3131c55f6be2','5f6c93a2-02aa-4b7a-8637-9406a5a5386f','12607152-f869-4b7b-84a7-38d15a74b388');
INSERT INTO BlockRelationship VALUES('dbe6d7b8-a1dc-4c92-b7c3-3385a31efaea','a6b8af63-5f91-4381-8a43-12f67d9ec34d','12607152-f869-4b7b-84a7-38d15a74b388');
INSERT INTO BlockRelationship VALUES('2990e64b-c667-407e-9866-e9d984df2b18','ED8F17D0-957B-4DAE-A73B-298FDB821976','D2F5B46F-7D05-4224-9E83-70E2BC136EB3');
INSERT INTO BlockRelationship VALUES('142ea6f9-f035-4957-829a-ce63a7033dd3','C1D87FAF-DA0D-4BCA-9055-1EB5004A2506','D2F5B46F-7D05-4224-9E83-70E2BC136EB3');
INSERT INTO BlockRelationship VALUES('05d15781-18ff-4f84-9f90-6ae6c125be3a','ac9e3b41-b2f5-4b77-8c76-1ef2293ea1f1','50db41ff-0606-40b9-8df4-89878c424024');
INSERT INTO BlockRelationship VALUES('41945a2c-825c-4895-8665-429144fd58ac','993a6a59-7fc7-4d96-ada6-5858d742496a','50db41ff-0606-40b9-8df4-89878c424024');
INSERT INTO BlockRelationship VALUES('6450afb7-6d24-4b2d-9751-78055f1370d1','73d5b87a-4c34-4b53-aa86-b3d425a51abd','B2DBF109-153D-4369-945F-B51DC37C6458');
INSERT INTO BlockRelationship VALUES('cf6a5da9-46a8-4ac6-959a-4b64e4328ae8','702AF121-6DBC-424E-B5C6-9A19EC479DFF','B2DBF109-153D-4369-945F-B51DC37C6458');
INSERT INTO BlockRelationship VALUES('59128671-dad3-497f-92b6-a36c1b30239d','19cfbc30-475c-4733-a5de-1064fa7f2ee7','702AF121-6DBC-424E-B5C6-9A19EC479DFF');
INSERT INTO BlockRelationship VALUES('c0afa552-c7cc-4792-847d-99e6cee20b45','7b4f3a21-89d5-4c3e-a8f7-1e3d2c9b8a5f','702AF121-6DBC-424E-B5C6-9A19EC479DFF');
INSERT INTO BlockRelationship VALUES('cfe08899-7c7a-48c2-bd2a-88a40218a3ca','a6b8af63-5f91-4381-8a43-12f67d9ec34d','EF619178-0075-4528-A5E5-EDD11CDA1AC9');
INSERT INTO BlockRelationship VALUES('f30876de-c189-4be9-adb1-c06b7346225c','ED8F17D0-957B-4DAE-A73B-298FDB821976','1FE2809D-9DA8-47AB-B16A-82B2B0F3BCEA');
INSERT INTO BlockRelationship VALUES('a2fd8a00-234c-4672-897e-9a927a6bfbb2','ECE425AA-7490-4361-961D-E92E9064DE06','ED8F17D0-957B-4DAE-A73B-298FDB821976');
INSERT INTO BlockRelationship VALUES('b2d77290-3c00-4d13-b13b-5555aba0f19c','6F8AA229-C26D-48F7-B4D9-99B66801AFB1','1FE2809D-9DA8-47AB-B16A-82B2B0F3BCEA');
INSERT INTO BlockRelationship VALUES('f94934df-333a-4454-8729-bed1eb96f16f','a6b8af63-5f91-4381-8a43-12f67d9ec34d','6F8AA229-C26D-48F7-B4D9-99B66801AFB1');
INSERT INTO BlockRelationship VALUES('7bec05cb-cef6-4c1a-bbb1-9206b0cff602','a6b8af63-5f91-4381-8a43-12f67d9ec34d','ED8F17D0-957B-4DAE-A73B-298FDB821976');
INSERT INTO BlockRelationship VALUES('6cd3e625-d2f1-4dc4-8bd0-710b96fdab90','86fa4bd9-56ab-411b-8494-19124458b4dd','CF1CF97B-2C80-4020-A398-2B84513DF1C7');
INSERT INTO BlockRelationship VALUES('16c9d1ce-a187-4372-b19a-b29309413535','ac9e3b41-b2f5-4b77-8c76-1ef2293ea1f1','CF1CF97B-2C80-4020-A398-2B84513DF1C7');
INSERT INTO BlockRelationship VALUES('5ca34f88-09c8-4560-aba7-c3d32fe29ed7','73d5b87a-4c34-4b53-aa86-b3d425a51abd','CF1CF97B-2C80-4020-A398-2B84513DF1C7');
INSERT INTO BlockRelationship VALUES('bb07043d-f690-4f1f-8ae2-579e8cf9fae7','73d5b87a-4c34-4b53-aa86-b3d425a51abd','25A21167-85B9-4AEB-AE8B-2EBC96805075');
INSERT INTO BlockRelationship VALUES('bbf53d54-fe0d-4cf1-adef-4020ba2007cf','5f6c93a2-02aa-4b7a-8637-9406a5a5386f','25A21167-85B9-4AEB-AE8B-2EBC96805075');
INSERT INTO BlockRelationship VALUES('9fcc00dd-9086-4663-b487-86250d55ed4f','5f6c93a2-02aa-4b7a-8637-9406a5a5386f','D3179696-0DF1-4356-99CD-D7884E974815');
INSERT INTO BlockRelationship VALUES('ff5f2fe3-0b74-422a-841c-b1f26f71b497','ac9e3b41-b2f5-4b77-8c76-1ef2293ea1f1','D3179696-0DF1-4356-99CD-D7884E974815');
INSERT INTO BlockRelationship VALUES('72d3517c-b93d-4706-9a7c-c9a85927252d','993a6a59-7fc7-4d96-ada6-5858d742496a','D3179696-0DF1-4356-99CD-D7884E974815');
INSERT INTO BlockRelationship VALUES('916f0c62-1c5d-44d5-855c-03ab2bb14996','19cfbc30-475c-4733-a5de-1064fa7f2ee7','D3179696-0DF1-4356-99CD-D7884E974815');
INSERT INTO BlockRelationship VALUES('908c24e5-08b5-47c3-ba2a-b804a2d91c20','ac9e3b41-b2f5-4b77-8c76-1ef2293ea1f1','5f6c93a2-02aa-4b7a-8637-9406a5a5386f');
INSERT INTO BlockRelationship VALUES('5e284d03-0ee3-41fe-a1f7-56010feb9564','5f6c93a2-02aa-4b7a-8637-9406a5a5386f','E041319C-A848-4D4A-B65E-5D4550EB977B');
INSERT INTO BlockRelationship VALUES('a48fd056-c4c6-4f40-adcc-680a622a1776','a6b8af63-5f91-4381-8a43-12f67d9ec34d','E041319C-A848-4D4A-B65E-5D4550EB977B');
INSERT INTO BlockRelationship VALUES('757292b3-20e1-43bc-b6cb-f9f7b625774f','993a6a59-7fc7-4d96-ada6-5858d742496a','E041319C-A848-4D4A-B65E-5D4550EB977B');
INSERT INTO BlockRelationship VALUES('3fe4654b-b847-4836-9c84-850a804f9fdb','93063920-88DB-41DB-AFDD-1FDE26CA5686','993a6a59-7fc7-4d96-ada6-5858d742496a');
INSERT INTO BlockRelationship VALUES('FC6F09BB-DDEF-4D6C-A379-02E192678066','EDE16E3C-66B1-4240-86B0-67B2A8B92973','840E951F-0BD1-4B4C-BA15-53CDA007BE5A');
INSERT INTO BlockRelationship VALUES('e31c2da6-612a-4a71-b928-17a44a926506','c331fa88-e9f3-4341-9b8a-4fe05b428f1f','9c26aa0e-9b49-405e-b1c4-090ce2d16d29');
INSERT INTO BlockRelationship VALUES('3fef44d5-ec15-42d3-ac12-abe70b4f6865','c331fa88-e9f3-4341-9b8a-4fe05b428f1f','EDE16E3C-66B1-4240-86B0-67B2A8B92973');
INSERT INTO BlockRelationship VALUES('b9f0ec8a-44ad-484e-8e55-a5864289aa2f','4ed24fa7-159f-460a-93aa-acb9f7fe098f','ac9e3b41-b2f5-4b77-8c76-1ef2293ea1f1');
INSERT INTO BlockRelationship VALUES('ae17edbd-b72d-498e-8272-19548173018b','c1f4a8e2-5d7b-4c9a-8f3e-2b6d9c1a4e7f','a1b2c3d4-5e6f-4a8b-9c0d-2e3f4a5b6c7d');
INSERT INTO BlockRelationship VALUES('7c7a1904-668c-4734-b865-b24f7784d53c','c1f4a8e2-5d7b-4c9a-8f3e-2b6d9c1a4e7f','28a65ee2-09c0-4a86-a920-34c5f2a0f0d7');
INSERT INTO BlockRelationship VALUES('93924bac-415d-46a1-ad55-265cfafa0c95','a1b2c3d4-5e6f-4a8b-9c0d-2e3f4a5b6c7d','7d8e9f01-2345-4567-890a-bcdef0123456');
INSERT INTO BlockRelationship VALUES('7137ee16-8402-4a42-9b9c-1a7a3ab0cfc5','28a65ee2-09c0-4a86-a920-34c5f2a0f0d7','7d8e9f01-2345-4567-890a-bcdef0123456');
INSERT INTO BlockRelationship VALUES('8fd3d96f-3548-4314-af03-5207d4e6f643','7d8e9f01-2345-4567-890a-bcdef0123456','1d2e3f4a-5b6c-4d7e-8f9a-0b1c2d3e4f5a');
INSERT INTO BlockRelationship VALUES('50592a7b-1a6b-4e83-8116-84e1ade62c88','7d8e9f01-2345-4567-890a-bcdef0123456','4e5f6a8b-9c0d-4f5e-a2ab-5c6d7e8f9a0b');
INSERT INTO BlockRelationship VALUES('4b94d8be-0c16-4954-84f5-61f2f00f3fdd','1d2e3f4a-5b6c-4d7e-8f9a-0b1c2d3e4f5a','97128d23-40d6-4045-a57d-ec1b08c3723e');
INSERT INTO BlockRelationship VALUES('a583ff45-c74a-4c03-a11b-96cea97f3c7a','bbc19e74-14ea-48f2-bb1f-fe27ec6385d3','8ae01665-8bc7-4d5b-8aaa-297b75a08b87');
INSERT INTO BlockRelationship VALUES('c833eb1f-8ff5-4445-8d36-33b7f90ececf','8ae01665-8bc7-4d5b-8aaa-297b75a08b87','1fbb7f29-1229-42cd-887f-fb72d0f445c5');
INSERT INTO BlockRelationship VALUES('d995b933-4e38-400a-8fa8-882fcb0991b0','1fbb7f29-1229-42cd-887f-fb72d0f445c5','acd77aaf-31f6-44d0-8c7e-a394158fa5ab');
INSERT INTO BlockRelationship VALUES('5919a13f-06e7-4114-b1a6-fc068e67ed8f','acd77aaf-31f6-44d0-8c7e-a394158fa5ab','c7556042-ca08-419b-9897-e049fbb293e9');
INSERT INTO BlockRelationship VALUES('b644c638-3d05-4b72-9b7f-d3e5d8123635','c7556042-ca08-419b-9897-e049fbb293e9','fef9c425-d3de-4e92-8456-0a2234dca31e');
INSERT INTO BlockRelationship VALUES('22f45506-246d-42da-84ca-4508e111213b','fef9c425-d3de-4e92-8456-0a2234dca31e','e065f545-090a-44ae-b24a-7efbb347f759');
INSERT INTO BlockRelationship VALUES('265ced1e-fd81-47aa-8982-5486b246ef93','e065f545-090a-44ae-b24a-7efbb347f759','da9c91de-f9ea-4cd0-99c6-46a83bcd6392');
INSERT INTO BlockRelationship VALUES('f840f627-1207-4e59-9b3e-0392ac4045a5','da9c91de-f9ea-4cd0-99c6-46a83bcd6392','44a2670c-c5c6-4a47-8230-5ec0a33f4848');
INSERT INTO BlockRelationship VALUES('6e4dd24d-4068-47c9-8075-7c9c96d76327','44a2670c-c5c6-4a47-8230-5ec0a33f4848','d6a0133c-8b95-4207-8ae4-e972bc62f48c');
INSERT INTO BlockRelationship VALUES('8c08b7ec-6dbd-4df6-8db3-b867fd22a236','d6a0133c-8b95-4207-8ae4-e972bc62f48c','c3422c09-d9e8-443f-9de2-e0a05c4858f8');
INSERT INTO BlockRelationship VALUES('53114095-8784-49d4-b0d7-597c06a081a6','c3422c09-d9e8-443f-9de2-e0a05c4858f8','c4037cef-e680-4769-962a-86573e02b76f');
INSERT INTO BlockRelationship VALUES('e5794fe6-60e9-417d-a808-99ecc9836405','5256bade-c104-48a1-b04f-4f0be1c04ef7','e88047da-f27f-42c4-a5b6-ceda19113c1d');
INSERT INTO BlockRelationship VALUES('1a6408b0-706f-4806-b092-5498ad55d12b','e88047da-f27f-42c4-a5b6-ceda19113c1d','faf54089-3669-4aa6-9306-8542d2980f08');
INSERT INTO BlockRelationship VALUES('69888208-5eb9-49ab-bfdc-ab9c3ec44a00','faf54089-3669-4aa6-9306-8542d2980f08','049c45f5-1808-4c46-828f-bade323c4de1');
INSERT INTO BlockRelationship VALUES('a5da2ea6-b3c9-4fc2-be22-174df7a91977','049c45f5-1808-4c46-828f-bade323c4de1','e7aef868-3048-4f1c-aef2-e0efd78d45d8');
INSERT INTO BlockRelationship VALUES('0318f843-2d0d-4d39-9187-1c75303a8552','90eb1a29-3e12-443b-b2b5-1e4ea9745021','0fb4a21b-7755-4797-8aec-aa91a8517bba');
INSERT INTO BlockRelationship VALUES('5cbc83cb-95f4-49dc-9220-127b26ad756d','0fb4a21b-7755-4797-8aec-aa91a8517bba','218ad569-cda7-4405-819c-526462f654c1');
INSERT INTO BlockRelationship VALUES('ae713ed7-ded3-4bd8-bf6b-4d19ab617e36','218ad569-cda7-4405-819c-526462f654c1','8d6b5006-580d-4c98-a6b9-aa0d367052fc');
INSERT INTO BlockRelationship VALUES('6505121e-ec99-41da-bc80-5e993a1eff3a','8d6b5006-580d-4c98-a6b9-aa0d367052fc','fbe51db7-9b53-44da-be80-78ca3a6177bd');
INSERT INTO BlockRelationship VALUES('28e32d5c-3dd8-4be8-a99b-cb45403df221','fbe51db7-9b53-44da-be80-78ca3a6177bd','65b6b26c-7856-4385-9995-26fb456d7562');
INSERT INTO BlockRelationship VALUES('0e5f33f7-0cfe-46dd-a0f6-05a3024c3a7a','65b6b26c-7856-4385-9995-26fb456d7562','9d4bcfd3-335a-4b60-8630-a3d7b2359f55');
INSERT INTO BlockRelationship VALUES('26f03682-9c02-4db8-85ab-72a48ca625d8','9d4bcfd3-335a-4b60-8630-a3d7b2359f55','a58e26ff-069b-4a20-9fca-7626d1795b88');
INSERT INTO BlockRelationship VALUES('d0b4f1f2-bec9-4ed4-be86-2f82bdb86003','a58e26ff-069b-4a20-9fca-7626d1795b88','f2ab92c4-f9fa-4a41-aab3-37c2fa996312');
INSERT INTO BlockRelationship VALUES('b92e366a-6856-4f4b-8487-773ecf924b09','4e4984cb-878a-4a64-b243-79edb1ccfe03','7c9f4164-5ef5-4e36-8449-45e64e7dcb2a');
INSERT INTO BlockRelationship VALUES('b6c0fc43-ae36-490e-9a77-b8ab592913fe','7c9f4164-5ef5-4e36-8449-45e64e7dcb2a','3eee00c7-8157-43ca-968b-6f09a008740d');
INSERT INTO BlockRelationship VALUES('4a779a81-832b-47af-9475-bf1f371a3e58','3eee00c7-8157-43ca-968b-6f09a008740d','7581868b-8488-4057-b8a9-988804ad80aa');
INSERT INTO BlockRelationship VALUES('cd66b754-374f-4461-b57d-e54eb4c77731','8b2c62f5-dbd9-47eb-90ff-db2285ac86e3','65f1c1a2-99e8-4813-8d35-5726ce882465');
INSERT INTO BlockRelationship VALUES('cb10f719-5307-4905-b8ba-efb187ced0f4','65f1c1a2-99e8-4813-8d35-5726ce882465','89356586-244e-4e69-9743-3f744bf643ea');
INSERT INTO BlockRelationship VALUES('5f1a5be7-b696-48fb-8af8-3840a31c5439','89356586-244e-4e69-9743-3f744bf643ea','418e8307-8593-48d2-bd95-a1981ecf6628');
INSERT INTO BlockRelationship VALUES('c76f6bb5-98b8-43a9-aa02-33a378cc4c45','8af179f9-3855-4b58-b7b9-0d9ee029c34e','f904d5cb-ee84-46e2-92ad-ce429994ca56');
INSERT INTO BlockRelationship VALUES('a303a1e4-9b9d-48b3-8f21-ace4499fc703','f904d5cb-ee84-46e2-92ad-ce429994ca56','2a9f07cd-bb22-4520-a863-52c306284fca');
INSERT INTO BlockRelationship VALUES('72980f56-2cb8-4721-8a9f-478d6690e08d','2a9f07cd-bb22-4520-a863-52c306284fca','f7f310f8-02f3-4348-ac0e-6f4593ce2537');
INSERT INTO BlockRelationship VALUES('8f74ced7-7278-4ac5-8c82-320911822887','3b0cd0f8-42bb-4ab8-863a-9294d62a235b','e63111a1-b269-46c5-b7f8-5f7eb58d063b');
INSERT INTO BlockRelationship VALUES('e7ca5b2d-f95a-4bb4-a578-ae3668a9b318','0937070e-356c-4f00-af3e-570dc1b895f4','f2f32b8a-0fa9-4a2f-887e-ba428fc10cd2');
INSERT INTO BlockRelationship VALUES('0e231fc3-ce8c-4877-b940-5761e478080e','1b028d75-1d96-4e32-bcb7-b8a916f53146','6084e109-2a63-4f76-99d0-56c3599302f3');
INSERT INTO BlockRelationship VALUES('8faf5ed3-f194-4b2a-841c-12ce5f4fd800','6084e109-2a63-4f76-99d0-56c3599302f3','4101668c-a823-4128-81cb-d13a1eb531cb');
INSERT INTO BlockRelationship VALUES('308fb62a-8253-4721-b4c7-ad8097c628e5','4101668c-a823-4128-81cb-d13a1eb531cb','30c33c8e-9c25-4a66-aeef-a6d23bd8775e');
INSERT INTO BlockRelationship VALUES('8127683c-4a8c-4438-aff8-6ead8a7f0a42','30c33c8e-9c25-4a66-aeef-a6d23bd8775e','5b12fcad-8fdf-4846-8709-4e41a45bfd51');
INSERT INTO BlockRelationship VALUES('91da0010-a304-44ed-8853-23d14a2f978f','8a6ff0f4-228d-4ef4-a848-4a9f6cfaff4d','45d84830-92ea-4e1d-b3a2-7c8279f805ab');
INSERT INTO BlockRelationship VALUES('617fd1b1-e9f8-4d58-ad4f-0cb904e5e84c','45d84830-92ea-4e1d-b3a2-7c8279f805ab','935ebb09-7eec-4c0e-9645-cbdb40ab1c0d');
INSERT INTO BlockRelationship VALUES('bcb90a45-6311-489f-bf3d-495d70d7d149','68d9337e-12fb-495c-a869-4f3b3101663a','4d0989d0-9990-4a47-ac61-83a14140c6bd');
INSERT INTO BlockRelationship VALUES('762fa105-91cc-4eb6-a367-8a7ee3e3f5b2','4d0989d0-9990-4a47-ac61-83a14140c6bd','e38f4fab-40ce-444f-a358-88888ae5d156');
INSERT INTO BlockRelationship VALUES('976aee4c-811c-4bd3-bc4f-60047258ccd6','e38f4fab-40ce-444f-a358-88888ae5d156','0564e6d5-80d1-4699-a624-2da03e24e1f0');
INSERT INTO BlockRelationship VALUES('02fd8c49-4ffd-4f78-8d35-3362a2ecff35','329b8389-acec-487d-bffa-8aa8a87bdcb1','0fc9053e-bbb1-4258-af90-cef4de1a72f9');
INSERT INTO BlockRelationship VALUES('951a3ac6-0ff5-4bcc-828b-9ba59d1c8d15','0fc9053e-bbb1-4258-af90-cef4de1a72f9','c2480408-b964-411c-946f-b5602fc64826');
INSERT INTO BlockRelationship VALUES('a3e931ce-b639-46bf-907f-cf09130ac35d','90daee78-b03a-48b0-8780-5e8172c481ab','3970e48c-a320-48d5-8d21-f908450b92cb');
INSERT INTO BlockRelationship VALUES('cf673fad-61be-4cee-a15c-e6bf7976ec97','3970e48c-a320-48d5-8d21-f908450b92cb','dfc0b2aa-1fb0-487f-a241-ce2c73402e5d');
INSERT INTO BlockRelationship VALUES('be52bb74-cb30-4780-87b1-02514d2b6e63','dfc0b2aa-1fb0-487f-a241-ce2c73402e5d','c621dfe5-9e01-43eb-bada-2f20711b79da');
INSERT INTO BlockRelationship VALUES('f0fc8b71-54a7-4593-9deb-b485226e3537','c621dfe5-9e01-43eb-bada-2f20711b79da','87f45a7d-eb41-4a4f-b48e-2e8111bdfc69');
INSERT INTO BlockRelationship VALUES('6e650563-0d76-4b32-8008-8d9617f39dfd','87f45a7d-eb41-4a4f-b48e-2e8111bdfc69','b919a901-fc18-4343-9211-9d33329505c6');
INSERT INTO BlockRelationship VALUES('74d687ee-b793-480b-8f33-6a9be1b95db9','b919a901-fc18-4343-9211-9d33329505c6','26036b28-a79f-471e-8aab-f3fdb1c16c2a');
INSERT INTO BlockRelationship VALUES('f009374a-b344-47e5-b7c6-d699ed110d89','26036b28-a79f-471e-8aab-f3fdb1c16c2a','1473f620-3239-4154-875e-b9a989b06b0f');
INSERT INTO BlockRelationship VALUES('b84437a7-2639-4cad-89f9-3339c1b4d93a','1473f620-3239-4154-875e-b9a989b06b0f','39864f64-b4e7-4612-a825-f1a561805654');
INSERT INTO BlockRelationship VALUES('baf346bf-9bfd-469f-bf5e-6ab7bdd741dd','39864f64-b4e7-4612-a825-f1a561805654','d498ae32-8ec7-4a29-abd1-f101b35c7940');
INSERT INTO BlockRelationship VALUES('5c59e46e-648b-462a-be71-da005a1a1479','3b0cd0f8-42bb-4ab8-863a-9294d62a235b','fdee6c6b-c4a4-46fc-a3b6-28fcf164a121');
INSERT INTO BlockRelationship VALUES('21454e3e-79ca-44a5-9baa-1d0b10a12b8b','9b4a122c-14f6-45bd-b6f7-2d9012543bd2','04b9017a-2b47-42e9-92ec-8e172aabf80c');
CREATE TABLE IF NOT EXISTS "RelationshipMetadata" (
    "id" TEXT NOT NULL PRIMARY KEY,
    "key" TEXT NOT NULL,
    "value" TEXT NOT NULL,
    "blockRelationshipId" TEXT NOT NULL,
    CONSTRAINT "RelationshipMetadata_blockRelationshipId_fkey" FOREIGN KEY ("blockRelationshipId") REFERENCES "BlockRelationship" ("id") ON DELETE RESTRICT ON UPDATE CASCADE
);
INSERT INTO RelationshipMetadata VALUES('dcfacec9-32f8-4001-b1a9-ed2270e26df1','TYPE','hard','504a8133-8c3f-40b9-a874-11ebdeb76917');
INSERT INTO RelationshipMetadata VALUES('','TYPE','hard','c28b0006-13a2-422d-ae56-b75ddc686087');
INSERT INTO RelationshipMetadata VALUES('68c57ee8-118a-4008-92d7-119c35cf1a87','TYPE','hard','b4a907e5-c49a-4368-9c50-fd625540285f');
INSERT INTO RelationshipMetadata VALUES('7af77c38-a123-420c-a7f1-b685b54d64bd','TYPE','hard','7d8e9f01-1234-4345-a789-abcdef456012');
INSERT INTO RelationshipMetadata VALUES('9aa0cc26-2d07-4ec7-b3b7-a10440362909','TYPE','hard','8e9f0123-2345-4456-a89a-bcdef0567123');
INSERT INTO RelationshipMetadata VALUES('05d2eb85-aa70-48c8-8e6d-4657417a7a5b','TYPE','hard','e110371c-44f6-4715-b394-fe9b21e18155');
INSERT INTO RelationshipMetadata VALUES('f438751a-ed5d-4ed6-a090-cd9dc508b844','TYPE','hard','f1a2b3c4-d5e6-4789-a012-bcdef4567890');
INSERT INTO RelationshipMetadata VALUES('b6e9106b-958c-4d55-8ec6-fab45bec916e','TYPE','hard','c908742e-aee1-48fd-a4e9-a106d8c35202');
INSERT INTO RelationshipMetadata VALUES('25033be0-357b-4a87-9b5c-71e8048fb8e3','TYPE','hard','b3c4d5e6-f7a8-4890-b123-cdef56789012');
INSERT INTO RelationshipMetadata VALUES('c3a727e3-d6d4-4548-ab18-92fab885a673','TYPE','hard','2a72095d-41a6-472b-b5ad-c6e01c726885');
INSERT INTO RelationshipMetadata VALUES('cadb461d-ba7c-42e4-9abb-607047d2d4da','TYPE','hard','27a0eab8-6102-4020-a147-b5cfee9a2d76');
INSERT INTO RelationshipMetadata VALUES('f11617c8-b281-4865-870d-a22b782d32a0','TYPE','hard','a1b2c3d4-e5f6-4789-a012-bcdef3456789');
INSERT INTO RelationshipMetadata VALUES('fd84a9ac-b963-43db-a8dc-7dd2e656c18a','TYPE','hard','49ade8d5-78a1-4d66-a62a-4a1cebb3d80d');
INSERT INTO RelationshipMetadata VALUES('e1a3f64b-6782-453a-9b38-aa36277e0fb5','TYPE','hard','ceea03d8-cf5a-4297-a204-ee661c993ee2');
INSERT INTO RelationshipMetadata VALUES('f04889e8-9a0a-4393-b9f3-4d825456cfe5','TYPE','hard','bc02e30c-58a4-4585-bfbc-d70e10377abb');
INSERT INTO RelationshipMetadata VALUES('f81b70ac-8e45-4bb9-beb3-79721f7ecb00','TYPE','hard','5f84374f-c79c-419e-9c6c-523420bfcaed');
INSERT INTO RelationshipMetadata VALUES('6eb8260b-2d34-435f-82ae-62e6d68fa16d','TYPE','hard','a55096c6-c840-4762-aa45-d41d27ad7fa5');
INSERT INTO RelationshipMetadata VALUES('b1ca7937-494b-44af-840b-933bea047e36','TYPE','hard','4a400758-507b-4ff0-9799-026577878064');
INSERT INTO RelationshipMetadata VALUES('6eb957c8-6aa6-4d2b-b6c7-f788807031a6','TYPE','hard','0453e0f1-4917-4334-86e1-e8c2e76603e7');
INSERT INTO RelationshipMetadata VALUES('166270e8-1c12-4db3-8ac9-22edbb29704b','TYPE','hard','d6eeb1a2-abcb-4603-b566-a15a5d2d0add');
INSERT INTO RelationshipMetadata VALUES('3e768882-16cd-4bf1-9635-8a7ee0fc8422','TYPE','hard','a43463ae-87bf-47cc-9d20-e6b134646a7d');
INSERT INTO RelationshipMetadata VALUES('03fb3cbd-f43f-4283-92da-2baa53d001b6','TYPE','hard','633b68fd-4e69-4729-bb25-59d2c804360e');
INSERT INTO RelationshipMetadata VALUES('45333a09-7237-4096-b035-553cae36dd7d','TYPE','hard','17e22da8-7481-44c8-b7cc-cd19577efe8f');
INSERT INTO RelationshipMetadata VALUES('f5c5cccf-53c6-45bb-a329-5247e3b1928b','TYPE','soft','ac73be63-69fa-4224-8f36-7634587ccb16');
INSERT INTO RelationshipMetadata VALUES('404e4afc-60be-488c-a8c1-4ec7c0756776','TYPE','hard','45ddf9f9-ad99-4216-bd71-e74222f0061f');
INSERT INTO RelationshipMetadata VALUES('1F56C39C-D614-4EE8-B283-F5812C9ADE3A','REASON','Foundational knowledge in linear algebra is required.','D2EE6EFD-2892-4BA0-AF12-A9320B590C34');
INSERT INTO RelationshipMetadata VALUES('7B5302AC-BDBC-4B36-AF08-AE191A7CEBD7','TYPE','hard','D2EE6EFD-2892-4BA0-AF12-A9320B590C34');
INSERT INTO RelationshipMetadata VALUES('48671D00-0470-4B13-8A9F-96E95D27DE2E','REASON','Introduction to Computer Science and Java is a prerequisite for Data Structures and Introduction to Algorithms.','76DC9C77-F975-4413-A3FF-CDF3F05B3518');
INSERT INTO RelationshipMetadata VALUES('F2416C88-D388-4CAF-8952-6049351A0C09','TYPE','hard','76DC9C77-F975-4413-A3FF-CDF3F05B3518');
INSERT INTO RelationshipMetadata VALUES('922D0EDA-AAFD-4E68-94CB-8C40B17714F4','REASON','Foundations of Mathematics is a prerequisite for Discrete Mathematics.','FD61E7E7-3FEF-4307-8AFD-E57CF861D0CB');
INSERT INTO RelationshipMetadata VALUES('32474139-6904-4D6B-A0D1-171D45B2D472','TYPE','hard','FD61E7E7-3FEF-4307-8AFD-E57CF861D0CB');
INSERT INTO RelationshipMetadata VALUES('8AF641E8-DC79-45C3-A4D1-2702EDB7F060','REASON','Numerical Analysis 1 is a prerequisite for Numerical Analysis 2.','24F98AFD-0968-407F-BECA-859C40EA47F2');
INSERT INTO RelationshipMetadata VALUES('D2AF1634-542F-467C-AC33-5F5B5B79FBFB','TYPE','hard','24F98AFD-0968-407F-BECA-859C40EA47F2');
INSERT INTO RelationshipMetadata VALUES('E1D2C3B4-A5F6-4789-B0C1-D2E3F4A5B6C7','TYPE','hard','A7D2FBC1-6E3A-4E28-8A6F-4D6B1C3E9F20');
INSERT INTO RelationshipMetadata VALUES('F8E7D6C5-B4A3-29C1-0D2E-3F4A5B6C7D8E','REASON','Discrete Mathematics is a prerequisite for Database Systems.','A7D2FBC1-6E3A-4E28-8A6F-4D6B1C3E9F20');
INSERT INTO RelationshipMetadata VALUES('0A1B2C3D-4E5F-6071-8293-A4B5C6D7E8F9','TYPE','hard','B91E3F27-2C8D-4B7A-9E1F-0A2B3C4D5E6F');
INSERT INTO RelationshipMetadata VALUES('11111111-2222-4333-8444-555566667770','TYPE','hard','D2A1C3B4-E5F6-47A8-9B0C-1D2E3F4A5B6C');
INSERT INTO RelationshipMetadata VALUES('11111111-2222-4333-8444-555566667771','REASON','Discrete Mathematics is a prerequisite for Algorithms.','D2A1C3B4-E5F6-47A8-9B0C-1D2E3F4A5B6C');
INSERT INTO RelationshipMetadata VALUES('11111111-2222-4333-8444-555566667772','TYPE','hard','A1B2C3D4-E5F6-47A8-9B0C-1D2E3F4A5B6D');
INSERT INTO RelationshipMetadata VALUES('11111111-2222-4333-8444-555566667773','REASON','Data Structures and Introduction to Algorithms is a prerequisite for Algorithms.','A1B2C3D4-E5F6-47A8-9B0C-1D2E3F4A5B6D');
INSERT INTO RelationshipMetadata VALUES('11111111-2222-4333-8444-555566667774','TYPE','hard','B1C2D3E4-F5A6-47B8-9C0D-1E2F3A4B5C6D');
INSERT INTO RelationshipMetadata VALUES('11111111-2222-4333-8444-555566667775','REASON','Discrete Mathematics is a prerequisite for Algorithms.','B1C2D3E4-F5A6-47B8-9C0D-1E2F3A4B5C6D');
INSERT INTO RelationshipMetadata VALUES('11111111-2222-4333-8444-555566667776','TYPE','hard','C1D2E3F4-A5B6-47C8-9D0E-1F2A3B4C5D6E');
INSERT INTO RelationshipMetadata VALUES('11111111-2222-4333-8444-555566667777','REASON','Data Structures and Introduction to Algorithms is a prerequisite for Algorithms.','C1D2E3F4-A5B6-47C8-9D0E-1F2A3B4C5D6E');
INSERT INTO RelationshipMetadata VALUES('1A2B3C4D-5E6F-7081-92A3-B4C5D6E7F809','REASON','Data Structures and Intro to Algorithms is a prerequisite for Database Systems.','B91E3F27-2C8D-4B7A-9E1F-0A2B3C4D5E6F');
INSERT INTO RelationshipMetadata VALUES('A1B2C3D4-E5F6-47A8-90B1-C2D3E4F5A6B7','REASON','Linear Algebra 1 is a prerequisite for Coding Theory.','E3F2A9B1-7C4D-4E5F-9A1B-2C3D4E5F6A7B');
INSERT INTO RelationshipMetadata VALUES('B2C3D4E5-F6A7-4890-B1C2-D3E4F5A6B7C8','TYPE','hard','E3F2A9B1-7C4D-4E5F-9A1B-2C3D4E5F6A7B');
INSERT INTO RelationshipMetadata VALUES('9D8C7B6A-5E4F-4D3C-8B2A-1C0D9E8F7A6B','TYPE','hard','F0B1C2D3-E4F5-4617-980A-B1C2D3E4F5A6');
INSERT INTO RelationshipMetadata VALUES('A0B1C2D3-E4F5-4617-980A-B1C2D3E4F5A6','REASON','Discrete Mathematics is a prerequisite for Data Structures and Introduction to Algorithms.','F0B1C2D3-E4F5-4617-980A-B1C2D3E4F5A6');
INSERT INTO RelationshipMetadata VALUES('B1C2D3E4-F5A6-47C8-90DE-1A2B3C4D5E6F','TYPE','hard','C1D2E3F4-5A6B-7C8D-9E0F-A1B2C3D4E5F6');
INSERT INTO RelationshipMetadata VALUES('C2D3E4F5-A6B7-4C8D-90EF-1A2B3C4D5E6F','REASON','Introduction to Computer Science and Java is a prerequisite for Data Structures and Introduction to Algorithms.','C1D2E3F4-5A6B-7C8D-9E0F-A1B2C3D4E5F6');
INSERT INTO RelationshipMetadata VALUES('D3E4F5A6-B7C8-490D-8E0F-A1B2C3D4E5F6','TYPE','hard','D2E3F4A5-B6C7-4890-8DEF-0A1B2C3D4E5F');
INSERT INTO RelationshipMetadata VALUES('E4F5A6B7-C8D9-4A0B-9E1F-A2B3C4D5E6F7','REASON','Discrete Mathematics is a prerequisite for Data Structures and Introduction to Algorithms.','D2E3F4A5-B6C7-4890-8DEF-0A1B2C3D4E5F');
INSERT INTO RelationshipMetadata VALUES('e7f6d5c4-b3a2-4c1d-9e8f-7a6b5c4d3e2f','TYPE','hard','6b5c3d12-9af3-4c1b-9f2e-8a7b6c5d4e3f');
INSERT INTO RelationshipMetadata VALUES('a9b8c7d6-e5f4-4a3b-9c8d-7e6f5a4b3c2d','REASON','Data Structures and Introduction to Algorithms is a prerequisite for Computational Models.','6b5c3d12-9af3-4c1b-9f2e-8a7b6c5d4e3f');
INSERT INTO RelationshipMetadata VALUES('d1e2f3a4-b5c6-4d7e-8f9a-0b1c2d3e4f5a','TYPE','hard','1a2b3c4d-5e6f-4a7b-8c9d-0e1f2a3b4c5d');
INSERT INTO RelationshipMetadata VALUES('c3d4e5f6-a7b8-4c9d-8e0f-1a2b3c4d5e6f','REASON','Data Structures and Introduction to Algorithms is a prerequisite for Computational Models.','1a2b3c4d-5e6f-4a7b-8c9d-0e1f2a3b4c5d');
INSERT INTO RelationshipMetadata VALUES('766437EE-43B1-4641-9842-B13B21DC7001','TYPE','hard','FC6F09BB-DDEF-4D6C-A379-02E192678066');
CREATE TABLE IF NOT EXISTS "Module" (
    "id" TEXT NOT NULL PRIMARY KEY,
    "translationId" TEXT NOT NULL,
    "blockId" TEXT NOT NULL,
    CONSTRAINT "Module_translationId_fkey" FOREIGN KEY ("translationId") REFERENCES "Translation" ("id") ON DELETE RESTRICT ON UPDATE CASCADE,
    CONSTRAINT "Module_blockId_fkey" FOREIGN KEY ("blockId") REFERENCES "Block" ("id") ON DELETE RESTRICT ON UPDATE CASCADE
);
INSERT INTO Module VALUES('af0bd650-5f32-4dad-ba38-cea69f616692','21d803d9-2816-4a0b-a1b4-deafc757ca7b','af0bd650-5f32-4dad-ba38-cea69f616692');
INSERT INTO Module VALUES('62e38ada-eb92-4a9c-bd52-943f6ed49b17','66a766a9-3dd6-4882-aa66-cc197baf0d75','62e38ada-eb92-4a9c-bd52-943f6ed49b17');
INSERT INTO Module VALUES('7f7b0380-8d2d-45f2-9a8a-645755fadf42','71855b2c-5fb3-4adb-8b0a-25f7b3c9d75b','7f7b0380-8d2d-45f2-9a8a-645755fadf42');
INSERT INTO Module VALUES('98c59241-27f0-4aec-9e33-84404d014b73','7a2defc6-8d92-4547-bf19-520c79cf2c7d','98c59241-27f0-4aec-9e33-84404d014b73');
INSERT INTO Module VALUES('240c2395-db81-48fb-9f3a-e39081da6b9f','06e659ed-d128-4701-8e36-29a76e45439b','240c2395-db81-48fb-9f3a-e39081da6b9f');
INSERT INTO Module VALUES('4d32cda4-d5c6-4165-a987-a35b313e148e','bbf5d5d5-f6da-48f8-addc-e5fc6fda3e22','4d32cda4-d5c6-4165-a987-a35b313e148e');
INSERT INTO Module VALUES('435bd8ba-3c4c-474d-9d04-3d55cbab9d6f','d6a6d4dc-56c9-479d-8477-0b49dd5d19d7','435bd8ba-3c4c-474d-9d04-3d55cbab9d6f');
INSERT INTO Module VALUES('f91d2e2e-3fc8-45b5-ae64-e08a7d075e24','6e8bdbda-dffc-43bf-ba78-28fc024ac8b9','f91d2e2e-3fc8-45b5-ae64-e08a7d075e24');
INSERT INTO Module VALUES('5a95b965-7626-4c7d-98db-4c45bf72083a','b665e731-2442-4bbe-8454-599af60e1454','5a95b965-7626-4c7d-98db-4c45bf72083a');
INSERT INTO Module VALUES('ec8270ca-1f32-4928-a2c6-2f998f6061b6','c3f0f380-14e4-4a4f-acc8-2e6e8174d929','ec8270ca-1f32-4928-a2c6-2f998f6061b6');
INSERT INTO Module VALUES('016ddc51-9b0a-43d0-9ac5-8fe54d171b29','fe2ca514-efb5-416e-ae84-ea6f8abfbbc3','016ddc51-9b0a-43d0-9ac5-8fe54d171b29');
INSERT INTO Module VALUES('a56fb4f6-cd1f-42e2-83ce-16dafaf2f067','30c0f737-78bf-4b62-8ecd-5e7b1ea0074d','a56fb4f6-cd1f-42e2-83ce-16dafaf2f067');
INSERT INTO Module VALUES('574e782a-2a2f-4b40-8d4e-79d1901e458e','0e3f282b-ff36-4beb-af8b-a7be8efe14c9','574e782a-2a2f-4b40-8d4e-79d1901e458e');
INSERT INTO Module VALUES('c80139f4-bcbb-4971-a43f-1132ae1c7e13','ca479118-7a80-47d4-939b-47f652fb6f2f','c80139f4-bcbb-4971-a43f-1132ae1c7e13');
INSERT INTO Module VALUES('506521a0-7219-40ba-ae0e-609e012654ce','e5a9ecea-2a60-46ff-93c5-a7882ee287ab','506521a0-7219-40ba-ae0e-609e012654ce');
INSERT INTO Module VALUES('fce22107-4e8d-435c-9534-da7c38340441','d3433e9d-7bd2-4cd3-b5fa-2e7106359d8a','fce22107-4e8d-435c-9534-da7c38340441');
INSERT INTO Module VALUES('6ef0d2f1-a1df-4118-ab9f-0b804968d490','7d8c9e06-4c21-492e-8456-34ca44d54239','6ef0d2f1-a1df-4118-ab9f-0b804968d490');
INSERT INTO Module VALUES('6e19169a-959d-4f5d-a475-de09ca9ba8cd','4fccd7ce-a577-4112-bcf0-9a457db4ea67','6e19169a-959d-4f5d-a475-de09ca9ba8cd');
INSERT INTO Module VALUES('3f2e1d4c-5b6a-4789-8c0d-1e2f3a4b5c6d','730785ee-5d3a-4160-93bd-24aad42be048','3f2e1d4c-5b6a-4789-8c0d-1e2f3a4b5c6d');
INSERT INTO Module VALUES('8b9c0d1e-2f3a-4b5c-86de-8f9a0b1c2d3e','2b3c4d5e-6f7a-4b8c-9d0e-1f2a3b4c5d6e','8b9c0d1e-2f3a-4b5c-86de-8f9a0b1c2d3e');
INSERT INTO Module VALUES('9c0d1e2f-3a4b-4c6d-87ef-9a0b1c2d3e4f','3c4d5e6f-7a8b-4c9d-a0ef-2a3b4c5d6e7f','9c0d1e2f-3a4b-4c6d-87ef-9a0b1c2d3e4f');
INSERT INTO Module VALUES('0d1e2f3a-4b5c-4d7e-a8fa-0b1c2d3e4f5a','4d5e6f7a-8b9c-4d0e-a1fa-3b4c5d6e7f8a','0d1e2f3a-4b5c-4d7e-a8fa-0b1c2d3e4f5a');
INSERT INTO Module VALUES('1e2f3a4b-5c6d-4e8f-a9ab-1c2d3e4f5a6b','5e6f7a8b-9c0d-4e1f-a2ab-4c5d6e7f8a9b','1e2f3a4b-5c6d-4e8f-a9ab-1c2d3e4f5a6b');
INSERT INTO Module VALUES('2f3a4b5c-6d7e-4f9a-a0bc-2d3e4f5a6b7c','6f7a8b9c-0d1e-4f2a-a3bc-5d6e7f8a9b0c','2f3a4b5c-6d7e-4f9a-a0bc-2d3e4f5a6b7c');
INSERT INTO Module VALUES('3a4b5c6d-7e8f-409b-a1cd-3e4f5a6b7c8d','7a8b9c0d-1e2f-403b-a4cd-6e7f8a9b0c1d','3a4b5c6d-7e8f-409b-a1cd-3e4f5a6b7c8d');
INSERT INTO Module VALUES('8f4e9a3b-2c1d-4f5e-9a8b-7c3d6e5f8a9b','09d74ad2-a8eb-4120-90df-81190243d3cf','8f4e9a3b-2c1d-4f5e-9a8b-7c3d6e5f8a9b');
INSERT INTO Module VALUES('2b8d7f9c-3a4e-4b5f-8c9d-1e2f3a4b5c6d','afb0c4a6-d7ce-4a3b-a1ee-28c783f4be8a','2b8d7f9c-3a4e-4b5f-8c9d-1e2f3a4b5c6d');
INSERT INTO Module VALUES('65acc4b0-c258-4bd0-8eb0-e686006d224d','f272cd23-f130-4467-9fad-b1ec33abc0e1','65acc4b0-c258-4bd0-8eb0-e686006d224d');
INSERT INTO Module VALUES('9c8e5d2a-4b7f-4c8d-9e0a-1b2c3d4e5f6a','b8a9c2d3-4e5f-4567-8901-2a3b4c5d6e7f','9c8e5d2a-4b7f-4c8d-9e0a-1b2c3d4e5f6a');
INSERT INTO Module VALUES('7496bad2-981e-4ac5-b464-788c4fc0d118','4c1dfb25-25a7-4d2c-9d97-a6df46feb3f4','7496bad2-981e-4ac5-b464-788c4fc0d118');
INSERT INTO Module VALUES('87a1da94-793c-4565-8706-8fd073a50cf6','e289a3c2-6d14-479d-89e6-a83b56e08287','87a1da94-793c-4565-8706-8fd073a50cf6');
INSERT INTO Module VALUES('c6dd59ac-1802-4bc9-b91e-ca77bb32620e','b046c3a7-4e8f-4571-a015-0a7cc33daca2','c6dd59ac-1802-4bc9-b91e-ca77bb32620e');
INSERT INTO Module VALUES('f2866b62-f4f6-4e22-8fcc-f4bd8bbdb275','e7c5b81e-5aad-4715-ab5d-c08122c05ef1','f2866b62-f4f6-4e22-8fcc-f4bd8bbdb275');
INSERT INTO Module VALUES('d55d4871-f7c6-47f8-94d7-ee4ada6bf45f','4c031bcd-19fb-46d0-9f62-d7d8612c052f','d55d4871-f7c6-47f8-94d7-ee4ada6bf45f');
INSERT INTO Module VALUES('78123942-6F56-4C66-8881-B49BC26E107D','187640FA-5A52-4AC3-8EBC-1FB89091E6E8','78123942-6F56-4C66-8881-B49BC26E107D');
INSERT INTO Module VALUES('81BE3915-2C63-470E-85FE-55C1062DEFF3','A468A6C2-1D32-47D6-BC32-562F2F71BCB3','81BE3915-2C63-470E-85FE-55C1062DEFF3');
INSERT INTO Module VALUES('82da973e-a84a-44f4-b33f-bcf907961eb3','453489f6-61fa-4699-b275-26d6165dbc89','82da973e-a84a-44f4-b33f-bcf907961eb3');
INSERT INTO Module VALUES('e1367766-2b1a-42f9-a725-58d092bbc080','ee3583e5-7114-4a42-8a78-c1cb689276c9','e1367766-2b1a-42f9-a725-58d092bbc080');
INSERT INTO Module VALUES('4f5a6b7c-8d9e-4012-a456-789abc123def','4f5a6b7c-8d9e-4012-a456-789abc123def','4f5a6b7c-8d9e-4012-a456-789abc123def');
INSERT INTO Module VALUES('5a6b7c8d-9e0f-4123-b567-89abcd234eff','5a6b7c8d-9e0f-4123-b567-89abcd234eff','5a6b7c8d-9e0f-4123-b567-89abcd234eff');
INSERT INTO Module VALUES('37d15e78-fcf2-49a0-bbde-b4dbffd904a7','31b7ef41-3b67-4181-ba4d-c6170399a6d9','37d15e78-fcf2-49a0-bbde-b4dbffd904a7');
INSERT INTO Module VALUES('bd8947e7-bd42-4ea0-976b-639ec22fe2ea','7cd0a3cf-23ee-44fc-ab71-aa6493eb4219','bd8947e7-bd42-4ea0-976b-639ec22fe2ea');
INSERT INTO Module VALUES('a4d6a459-7406-40d6-bae8-2b27b26adb28','eb656561-a030-482a-99d2-d648d7a4b6b1','a4d6a459-7406-40d6-bae8-2b27b26adb28');
INSERT INTO Module VALUES('96faa327-fae1-479a-907c-2e96ab8ee7cf','1c66ed81-b549-40b4-9b90-567da80eaf42','96faa327-fae1-479a-907c-2e96ab8ee7cf');
INSERT INTO Module VALUES('f2663296-2bcc-4e50-b079-8986d078bbbf','3d63669a-d904-4918-8782-6922f19a202b','f2663296-2bcc-4e50-b079-8986d078bbbf');
INSERT INTO Module VALUES('6aee8076-d604-4357-b5dd-58f1c43a23b2','bcb13a75-482b-4283-a01f-084abf2d5566','6aee8076-d604-4357-b5dd-58f1c43a23b2');
INSERT INTO Module VALUES('bdcc18bf-e894-4e7c-afc9-02f155a0596b','c5c99931-3520-4a2a-a19a-4ae15c0416a0','bdcc18bf-e894-4e7c-afc9-02f155a0596b');
INSERT INTO Module VALUES('5686a719-6e80-4936-b585-cff43bad4842','58311395-1c6c-4245-9f4e-d84cf5ab3aad','5686a719-6e80-4936-b585-cff43bad4842');
INSERT INTO Module VALUES('fc0c176d-4992-4a99-8070-d30a948c845c','0c1b4d29-52ce-48d6-9081-c509ce1803fb','fc0c176d-4992-4a99-8070-d30a948c845c');
INSERT INTO Module VALUES('19a75237-5577-45a6-aedc-60a2995eb88a','fe759279-2e38-4cc2-ba66-fedb147c6e3d','19a75237-5577-45a6-aedc-60a2995eb88a');
INSERT INTO Module VALUES('fbda2932-3737-49a6-aaa4-77be8d0ca6a9','4927db38-bcb9-4658-84a8-c0f74b61c399','fbda2932-3737-49a6-aaa4-77be8d0ca6a9');
INSERT INTO Module VALUES('bd422960-2e1e-4fb2-8acb-effd3bcb9b96','5f580686-9cf6-492a-b23a-267646c3788d','bd422960-2e1e-4fb2-8acb-effd3bcb9b96');
INSERT INTO Module VALUES('bf115d1c-6352-4421-9d43-b5c13f9377f6','afd3da10-9427-4c78-a3a6-1d4b7ee801a5','bf115d1c-6352-4421-9d43-b5c13f9377f6');
INSERT INTO Module VALUES('580f5e90-cd5a-4539-a07a-222e82497b27','301942a6-6fb4-436f-b7fa-cbccbe60235a','580f5e90-cd5a-4539-a07a-222e82497b27');
INSERT INTO Module VALUES('888d9b93-facd-47f4-9f6b-51056e6445bf','93d0e96c-f2ae-4120-87f9-5392f5911f85','888d9b93-facd-47f4-9f6b-51056e6445bf');
INSERT INTO Module VALUES('7d8e9f01-2345-4567-890a-bcdef0123456','2f9e8a7b-c123-4def-9876-543210fedcba','7d8e9f01-2345-4567-890a-bcdef0123456');
INSERT INTO Module VALUES('4e5f6a8b-9c0d-4f5e-a2ab-5c6d7e8f9a0b','35e00288-a280-4158-b03a-0b008a3de1eb','4e5f6a8b-9c0d-4f5e-a2ab-5c6d7e8f9a0b');
INSERT INTO Module VALUES('c1f4a8e2-5d7b-4c9a-8f3e-2b6d9c1a4e7f','a8f3c6d1-2e4b-4c8a-9f7e-1b5d8c3a6e9f','c1f4a8e2-5d7b-4c9a-8f3e-2b6d9c1a4e7f');
INSERT INTO Module VALUES('1d2e3f4a-5b6c-4d7e-8f9a-0b1c2d3e4f5a','4b6c8d1e-3f5a-4d7b-af8c-5e9f1a2b3c4d','1d2e3f4a-5b6c-4d7e-8f9a-0b1c2d3e4f5a');
INSERT INTO Module VALUES('a1b2c3d4-5e6f-4a8b-9c0d-2e3f4a5b6c7d','f8a1e3d5-6b9c-4f2a-8e1f-3a5c7d9e2b4f','a1b2c3d4-5e6f-4a8b-9c0d-2e3f4a5b6c7d');
INSERT INTO Module VALUES('28a65ee2-09c0-4a86-a920-34c5f2a0f0d7','2c4e6a8f-1d3f-4a7c-9e2a-5f8a1c3e6d9f','28a65ee2-09c0-4a86-a920-34c5f2a0f0d7');
INSERT INTO Module VALUES('70bf7dc6-cbb8-4f2e-b2e3-1736586c7d9d','f5f24066-f9e1-4087-9d6a-598042cb0d2b','70bf7dc6-cbb8-4f2e-b2e3-1736586c7d9d');
INSERT INTO Module VALUES('b4de3329-f3af-4ae9-b67d-bf1c5d1a30fb','593afff3-cf87-4c67-b80d-ae06ffd4c829','b4de3329-f3af-4ae9-b67d-bf1c5d1a30fb');
INSERT INTO Module VALUES('c451b387-fc0d-4c4c-bf72-41817c1b2e45','5dc13d54-9817-451b-a07f-1155c8e3bc26','c451b387-fc0d-4c4c-bf72-41817c1b2e45');
INSERT INTO Module VALUES('e4e3361c-9c9f-4d12-a9d6-8de53f794295','7a1446e4-14e7-4406-be95-3e291f8e3b6f','e4e3361c-9c9f-4d12-a9d6-8de53f794295');
INSERT INTO Module VALUES('97128d23-40d6-4045-a57d-ec1b08c3723e','7cb38204-869c-47a9-a2a2-a72020e7bdee','97128d23-40d6-4045-a57d-ec1b08c3723e');
INSERT INTO Module VALUES('f27c282a-0396-432d-8c9f-472233089edd','dd9aa8c9-b413-42f9-b26a-194a2ef2f4d0','f27c282a-0396-432d-8c9f-472233089edd');
INSERT INTO Module VALUES('62a63596-9c68-44e0-a85d-169f2e96ce49','0f789fba-c19e-44c8-83cc-e53a930c2cb2','62a63596-9c68-44e0-a85d-169f2e96ce49');
INSERT INTO Module VALUES('fae56388-e1d2-4f5e-a537-8ff28803871f','67d2cb08-0782-408c-87e9-76241203503e','fae56388-e1d2-4f5e-a537-8ff28803871f');
INSERT INTO Module VALUES('c0c04721-11f0-4668-9e91-2fa94217663f','01ac9600-940d-4f8b-ac3d-4f1c5b8d9272','c0c04721-11f0-4668-9e91-2fa94217663f');
INSERT INTO Module VALUES('b68ae937-37a8-4d10-95a6-89a7017694bc','9c67cf86-b57c-4da2-b0fb-fe5a11d8bab0','b68ae937-37a8-4d10-95a6-89a7017694bc');
INSERT INTO Module VALUES('c2781ae5-9358-4297-8db9-e6651f6f5cd8','b2db4907-ef15-4d56-8b33-8f61c5b9567d','c2781ae5-9358-4297-8db9-e6651f6f5cd8');
INSERT INTO Module VALUES('9a45204a-d855-4558-b187-bb136002a9bb','1bf61cb6-9d5f-4fa8-9565-27fbdf4a1a18','9a45204a-d855-4558-b187-bb136002a9bb');
INSERT INTO Module VALUES('f8c9d5e1-2a3b-4c6d-8e9f-1a2b3c4d5e6f','b2c3d4e5-6f7a-4b8c-9d0e-2f3a4b5c6d7e','f8c9d5e1-2a3b-4c6d-8e9f-1a2b3c4d5e6f');
INSERT INTO Module VALUES('d49b124c-df8c-403d-8460-8f7ee813784f','c6871315-ca77-4b15-b894-58a0b88e74e8','d49b124c-df8c-403d-8460-8f7ee813784f');
INSERT INTO Module VALUES('a2093775-11c1-40e2-9c10-3cdaaeaf6559','2f476947-15fa-4c9c-9f27-90a640ed9f21','a2093775-11c1-40e2-9c10-3cdaaeaf6559');
INSERT INTO Module VALUES('0030cff5-5c9c-48db-ba6c-1c8fe12b9f7b','fe824c71-d84b-4ffb-a721-510283887674','0030cff5-5c9c-48db-ba6c-1c8fe12b9f7b');
INSERT INTO Module VALUES('840E951F-0BD1-4B4C-BA15-53CDA007BE5A','F3D76731-C3DB-4937-8671-05063BE4D25A','840E951F-0BD1-4B4C-BA15-53CDA007BE5A');
INSERT INTO Module VALUES('1e16bb62-2403-4512-a50d-0a2710f4a7ba','d0a6d4b4-d0ed-4c72-bf90-8254711d7282','e46b4448-3b6b-4a8f-908a-9015b0fd7570');
INSERT INTO Module VALUES('aa7b1b5a-4cdb-4f13-aba5-69485a77d23a','3f075b98-7e6e-4a47-b912-971d16b6d13a','231c0ba2-51ff-4e00-bd56-2798af134ad0');
INSERT INTO Module VALUES('0333813d-15e3-4a89-aa14-aa646f68c461','a5bccc18-0f65-4717-9f99-5ae0ebd50d83','5337a956-4209-4b3c-92bb-a9ca88c53e39');
INSERT INTO Module VALUES('c5720c9e-756b-46fa-affe-277046b517a5','e397006e-2349-421d-b20e-16ab65a22bb5','3a53db65-d6a9-4453-b0ee-dfd2bfe8348d');
INSERT INTO Module VALUES('398943c0-271a-41ed-bacf-d23b1874540e','df33e047-c95b-4f05-bfdf-4a4d31afe92d','fc27b5ed-9675-4f14-baf1-525df8963185');
INSERT INTO Module VALUES('87d8137a-731d-423c-aa49-9596a777a577','53027035-4b33-4f6c-8bbe-98153be21a95','9cd7e0d3-7128-4ab5-8606-cf4431a031d0');
INSERT INTO Module VALUES('3987a98b-fcd0-4ddd-8a6f-0df30c2fa567','2c3bf417-85b6-4a73-97a3-b5d2ec324f90','fef9c425-d3de-4e92-8456-0a2234dca31e');
INSERT INTO Module VALUES('3f71c0d1-524f-44e3-b641-d8b1c045957c','5a23f591-0af9-49d8-a7db-563a624c1261','44a2670c-c5c6-4a47-8230-5ec0a33f4848');
INSERT INTO Module VALUES('47350365-912a-4e50-b29a-e6eac667d530','52aac4c7-470f-497d-a756-16eb64fb975d','e583ab26-2829-44b9-be2b-35ed6706e7d8');
INSERT INTO Module VALUES('1b3bca4d-26e6-49e1-8f04-1d12b546d15c','1cd319a2-5a8d-4256-b557-7e6affcff742','e065f545-090a-44ae-b24a-7efbb347f759');
INSERT INTO Module VALUES('a12082d9-d591-4283-be13-7462fe402c81','b8775c13-696f-4e06-9fee-15c2aec00980','da9c91de-f9ea-4cd0-99c6-46a83bcd6392');
INSERT INTO Module VALUES('ef87706d-2121-4c0e-929a-b8031f91cfb2','45dae09e-b512-40ed-8763-972fdade0f7f','8bf65e84-8175-4862-b3f2-b2e0aa9723f5');
INSERT INTO Module VALUES('955ba0ae-e5a5-4cf9-8b0c-ab3b4b23e179','f9e56dd3-2af2-4719-82af-cc633511677d','d101185e-8ae1-4ec7-8a9d-3aedcceb74ec');
INSERT INTO Module VALUES('b924d7ea-1463-4087-a123-5651a2b50f72','b4927a7a-e924-49ef-aba3-9a99c8d74fad','e4971e65-96d4-4710-b45b-788a7764b563');
INSERT INTO Module VALUES('46250c3f-5ac6-411b-8fc1-0ac43ae111db','64a2357a-0029-4767-b154-1f82de96fbe1','ca1e0bfd-2967-4bac-b840-acd08862aca7');
INSERT INTO Module VALUES('bb4806c9-6451-4d6d-a369-d336086ae859','e01b68d3-76e9-4da5-85ad-022ea6840151','0a8e346c-5eaf-4852-86d0-5f637c3665d3');
INSERT INTO Module VALUES('1ab30bee-9804-4598-858d-ab647658f2d2','11ad7d66-ee69-4479-97b1-9c83b1f75342','1566bfc7-b551-4718-a30d-3d3f1e958d7c');
INSERT INTO Module VALUES('f8b69a8a-4d84-4e61-8dce-92f30dcdf495','5672ee26-5ee4-49bc-9d02-1f9d6e6edc58','cf6f37bc-9f76-4cde-8b1a-5c980e523bde');
INSERT INTO Module VALUES('d883348e-4123-44b8-8510-187a9af94a21','24b8249f-06d4-4a28-a304-dd2c2c5e629f','bd9dd545-5b25-4245-a4a9-2aa7f56d692e');
INSERT INTO Module VALUES('99fbfae5-1a32-4344-87b3-46de3688dfc1','123232c7-f523-4cf2-877d-556075f0aabf','8d6b5006-580d-4c98-a6b9-aa0d367052fc');
INSERT INTO Module VALUES('21552ced-4d04-46b8-96e9-6d8977d87f54','793b0e27-6145-4647-b508-eb766d192bb8','faff5d86-8866-4147-8b34-d8a774f12bb1');
INSERT INTO Module VALUES('e3125331-d2e7-472b-9af9-93bafd0aed89','5970ab28-dffb-40f0-bbfb-a33e5791cd8e','ece7e8b0-33a7-48ec-b9cc-5869597b0876');
INSERT INTO Module VALUES('7a402552-e0d3-4fc9-ab48-3911f0a0f6da','19c4e5aa-f7b7-4ebe-94bf-fc8de2f282da','35b60523-73e0-46ef-b7a3-d71d1a77a9e1');
INSERT INTO Module VALUES('7f64c0b5-fbf7-493d-8945-3f60cd49ceed','9700e35b-7176-4f36-944b-6e0cc4ca0050','1d73364e-d892-4cd8-b7b3-6edca726b394');
INSERT INTO Module VALUES('1ecb7385-51c7-46e4-b0e5-4562a7adb90d','142765fb-70dc-40d9-b323-55f838ab1b44','51177e55-2e09-44fe-a2f6-36a71397b90a');
INSERT INTO Module VALUES('07d7a317-394b-4bfd-9b10-27ce2d97e853','ddc06c1f-3f29-4af0-83da-60de9b563dd1','9877097a-5763-44d2-ad59-e27a80ecb070');
INSERT INTO Module VALUES('8b62ceb0-2d14-4628-a10a-11c8c46de570','c23e686c-0cb1-46c0-86cd-0a11b872394e','5e7a1348-0d28-42f4-bc7f-9b6d8c547d19');
INSERT INTO Module VALUES('90222bc8-8ac8-4033-b284-4dbb026c5e5d','ab902356-89d8-40ab-b3dc-db884c616569','ca0676ca-c8c0-4432-b156-4aa54b7f61bd');
INSERT INTO Module VALUES('74c662f3-8bde-420a-b142-08bb604cba79','3eef13f1-c93f-4f0d-b50e-f310bb2f6001','a50a6424-a6cf-4d60-8daa-056aaaee4721');
INSERT INTO Module VALUES('da7f64f1-a769-4f0c-b574-f4d56db250a8','f53a603d-d145-495d-a6f6-7f0f40795eee','711ec943-04cb-4a0a-a984-8d694baabd07');
INSERT INTO Module VALUES('40b290d7-0327-46ff-8165-92aabc295326','4b14a9bd-9585-4a30-88a5-14bc10f146ed','bad9f921-ec0e-4429-9f29-9c4c5892f106');
INSERT INTO Module VALUES('510654e4-b285-4d7f-8bc1-711c600e2cc9','e19e4e0a-7523-464f-96ef-aee440ef6641','0ca3edbf-7ac8-4308-975b-cb1aefcba709');
INSERT INTO Module VALUES('76d68a66-76a5-47c2-b3ef-6a1887ec9ae2','e3c10a08-f38e-4d5e-9381-8dab916575e9','e5c6879e-2277-40b2-a365-0e6a21b72712');
INSERT INTO Module VALUES('1d602ba7-d493-459a-be44-09c43a7015e8','260c9367-7152-4510-8163-4965a305ddba','ff3e28f2-6781-4673-87fc-636993fe97c7');
INSERT INTO Module VALUES('57ca4eac-1071-41c9-87ef-bfa2914d8041','504acd10-d81e-42ec-8599-d9a4d0928f32','fb46a02e-e150-42d4-a405-abc119671cdb');
INSERT INTO Module VALUES('24901605-bcff-4da0-8854-abf35ee906b5','88e426cb-0ae7-4f37-83bc-3b806d61cb9d','b11af66d-f1b1-4396-a4ea-49b7aa745fb7');
INSERT INTO Module VALUES('ad53a144-ed19-419a-b276-c4bb6e504d90','9f375a3f-4c8c-4b85-8aa3-3ae454098cb6','1596b434-a102-4187-80cc-51cf66e103c6');
INSERT INTO Module VALUES('f3e37f3f-1913-4fff-9771-e1768092d186','7786bc35-3898-445c-87f2-b17d4fb7aef8','db6bec19-3447-48cd-b692-951a8b54697f');
INSERT INTO Module VALUES('67189a5f-9767-49e9-9407-089d538585ad','8769598c-0ee0-406b-80fa-966380fe449b','b912bd0a-ba32-434a-8947-1c1d9dc54dfd');
INSERT INTO Module VALUES('291494c5-53c6-4946-bfe0-0c10c94eefa8','f371a3f8-d6ad-4b37-a5c7-d77ab3814a73','de364507-b5d2-497d-844c-d8e16db442b1');
INSERT INTO Module VALUES('75ceae4a-302f-46c0-a232-4a9055ee70fc','7052cb94-54ff-40c3-82f3-d10b405c236d','ce143993-9af1-42d6-8085-3a509b3f28b3');
INSERT INTO Module VALUES('d1d9e076-27fa-4dbf-8e2a-a60006e4c95d','5e53b833-352e-47a3-993f-b4799f04d168','a343e92a-2e6b-4526-aa5b-1dace62576d0');
INSERT INTO Module VALUES('d110a904-a606-4009-8947-29d6f958fb91','33774e4a-f48b-4c80-a5aa-0b12176459c3','8f23be2d-d86a-4c5c-bc31-4942c8fcc931');
INSERT INTO Module VALUES('fcaf608c-e9eb-4827-8765-b158dcee3828','17a5cb66-1139-4007-9ba8-d16ed77d733f','6ba07f0c-3851-412c-8a65-e28be3f15d88');
INSERT INTO Module VALUES('290a7761-b87f-4afa-80b8-60307aca2a11','63e1fe35-42b0-439d-933c-2893b0d7a0b3','49e0b8da-8e34-4794-afa2-4dad6d2cf12a');
INSERT INTO Module VALUES('88975487-3b9a-4b2c-9fad-e1495bae8ae3','df3673e3-cec0-4b64-b290-91c5b1974d29','eddff053-8349-442a-bba6-a63fc7036e1e');
INSERT INTO Module VALUES('58de3110-ab3d-46d3-bd82-6b3725268ce6','d64435b2-4e18-4414-a15d-15f14fe81b0f','1f539926-5f81-4de2-9fc5-bd6ccc09e4c7');
INSERT INTO Module VALUES('f6bf8127-fc46-4395-88d3-4842eda630d1','abd484f7-cbfe-4093-8bef-bc497849e0f1','ab102acb-288c-4589-b06f-520d05a47795');
INSERT INTO Module VALUES('29e4c09a-f3f8-4f58-b5d8-3f58d4e6e202','e7d6e651-4c2e-4738-8394-145a3fb39267','a7856eca-b165-4048-a052-cc36f7c2cb82');
INSERT INTO Module VALUES('59163e87-53e4-429e-b5b9-610adf5f40d3','703c28fa-227e-4565-b298-74dd59073f0f','83e33485-d95b-4d4c-af2a-8982fb031890');
INSERT INTO Module VALUES('4d717093-aee7-4196-8034-ce8d34abf18a','54373bd3-85d1-46ab-952e-db892cbd0b6d','c5b944b9-7a4c-45e2-95f2-4d3312ff9b9a');
INSERT INTO Module VALUES('408e29ec-5e9e-41e9-b3ec-a4824de8bcc9','f7ecc3f4-66cd-4c89-ad6d-5bbbd44d7901','bab3b93c-e237-44ab-9cc9-60819d6dbd9b');
INSERT INTO Module VALUES('72d14165-74b6-4a0a-b82e-f13619e9fd68','f47d6539-b168-4397-b5f5-3b69d72f4804','e6d49d73-73c9-4dff-b1b1-f776c36f3b5c');
INSERT INTO Module VALUES('226b9a92-79c6-41c4-81fc-694e7cef65b0','c55bbc94-87e6-4807-8731-47920a87f862','ed614be2-ac5f-4af4-9f69-eeecae1ee268');
INSERT INTO Module VALUES('5a5d789f-473c-49cb-9789-c81bbaa79a08','6d6b79fb-e891-49f4-9cac-32493d72eebb','529b2740-1ab9-4355-94d1-e6f8d494bebe');
INSERT INTO Module VALUES('8ed8a86f-48d8-4022-9f7e-3975f80d51fd','d6d2aea9-90a2-4809-800c-32abbd8d21fb','dfd0b177-0fe0-4065-a39e-28716814430c');
INSERT INTO Module VALUES('c5fcfbfd-7122-42f9-91d5-be46ac19e2b3','a1872ef4-5c8e-4dfa-b51d-3c59180b77e6','9e84cda1-13dc-42ee-90d7-d483529e5846');
INSERT INTO Module VALUES('7f79dcd7-282f-40c9-8958-2b694facf1dd','add4e486-c021-4572-a697-babd269c767e','674889e9-9df9-4a24-b640-152448da9b6b');
INSERT INTO Module VALUES('97160bc9-3302-4d15-bb69-abc4ccf2eccc','a577ca37-f808-4b06-ab31-80d9f384d3f4','11e54275-72ac-4cae-ae3c-8cb7065a128d');
INSERT INTO Module VALUES('ecb79f5e-f3a9-4857-80b8-63241e3a3544','510fc703-51da-4f50-8141-d92dc56db0e5','c49829c3-7c2c-4668-aada-77f7e6ad6471');
INSERT INTO Module VALUES('b71bcc85-9101-4edf-9dfa-c0d1047b4e89','aa1df9c4-cc46-4c1a-8257-d30858001215','4af2956a-28ba-4ec1-bac4-bd63675c6bce');
INSERT INTO Module VALUES('f33ec74f-1258-41ae-8106-6b05d2333ac6','b0e63981-e450-4082-91df-900d46767e50','3ccaf547-c42f-403e-895f-c82517a8df30');
INSERT INTO Module VALUES('4bc01c64-b569-4ca6-842e-753f5f79aeaf','c2b75708-9b36-4e11-98b4-094a1f1da8a6','3e6692b2-60af-4a44-aec2-36442979c409');
INSERT INTO Module VALUES('bf914508-16c4-4305-a0d9-827968fcb440','25f0154c-118e-49bb-84d8-3891308fec09','f4049d99-64e3-46f3-91df-59ca896b6df4');
INSERT INTO Module VALUES('1bede078-c449-4805-9094-30ff68153d64','a6c0fc9e-bf96-49e3-99c4-d7928e998a7c','e588c862-2202-41fd-b86f-e31f9b481a2e');
INSERT INTO Module VALUES('7431a8e8-6eeb-4ad9-835b-dbdebc8606e5','bd7a6622-49d6-4dc4-bbf1-fdf400262582','bc779f41-89c3-4a1a-90ff-ef9c4bc5e828');
INSERT INTO Module VALUES('1014a51e-14f9-4c75-a7c7-854ebda8bdf9','7bae2e47-fd89-404c-93cc-9dd919d40bf6','87b13aba-2509-4731-9278-f2d06815abc7');
INSERT INTO Module VALUES('511dfe62-d597-47be-af7d-d04c413647ed','a8b67747-fe27-4ee0-8fb1-f9eb851bad71','45002432-3809-40ef-8d5d-0f463beb941f');
INSERT INTO Module VALUES('9054546d-68d0-4066-8757-20be7b2b2c7c','a5dd16d2-27ea-495e-8ef4-473c0a8cf49d','abf41f07-985c-4e8a-9654-37e1af5189ee');
INSERT INTO Module VALUES('66a0a98a-772f-4316-bb06-02988bb35306','00151bb5-afb4-4f61-961b-3a466dc754a4','adae31a7-9375-4bde-bc91-541d762ba546');
INSERT INTO Module VALUES('83e7150b-3b0b-4d2c-a4cd-d3e574afdfef','58aa83c6-bd51-4313-a576-a73fe990c071','8bacfcd0-5f8e-488d-b1e0-5f9e1cff8945');
INSERT INTO Module VALUES('3d91bfee-2759-499e-a90d-803a0ef5577c','9a61e003-8bb9-463b-b5bc-8e5fcc33193a','44084f03-ea35-4c61-8b4a-5ef1d23d5381');
INSERT INTO Module VALUES('a3d0efdc-3f20-4075-8ad5-8c33f1fbca51','dfdfbbb8-1188-4b57-9f12-4bf4f7074d08','0eef4317-7625-4275-9b84-9b421b05d099');
INSERT INTO Module VALUES('64c01234-052d-4a91-a4e3-207e61b49290','ac403161-3bb7-42d3-b0eb-7d7cddd048d7','d3adae62-1cbc-487c-8c69-c86069efabd1');
INSERT INTO Module VALUES('351f9613-3917-4ada-a72c-bd0a998bfda0','f17194cc-bd12-40e5-ac39-5b9b54749e3a','35003997-ade7-47c8-962b-f1872a7e1ebf');
INSERT INTO Module VALUES('464fccad-a0e3-410b-91ae-e59bcf8cb8a7','a56ad067-841c-48cc-abf5-8ec242018c9c','9b1e7536-adc4-42f2-b4dc-cf4def2fe4d1');
INSERT INTO Module VALUES('e326dbc3-42dd-4c3b-bcb1-ad4cc59121ac','8f702fe6-bc86-4a91-a5c8-48a2bd110e33','48a2c08e-b073-4349-b0f6-cdb486cf2d23');
INSERT INTO Module VALUES('2c5a167e-e848-492f-9629-2856a11619fe','0f9921f6-05c1-456a-9a5b-8cc806e966b2','feac4ac8-e976-4f5b-a369-1d3242dbec69');
INSERT INTO Module VALUES('2bd9029a-6ebd-48f0-ab4d-f577e04ae6d4','784e4a53-9627-4cd6-9c3d-e66f4c2ed863','38dd8127-64da-4f43-91b2-20702844f085');
INSERT INTO Module VALUES('03d5846a-a1e4-44b7-b7dd-66d4bbc0f67f','01783498-5e38-41db-9449-6ae58dbfd3a5','040c8fc6-8190-4c5b-b670-a10f8073cb14');
INSERT INTO Module VALUES('1947494b-f8ba-4b9f-ab1a-43bf554cafc9','e300d7ab-4d85-4c06-ad2b-837360d918fe','5379e424-43ca-458f-ad81-d284fb776fb4');
INSERT INTO Module VALUES('40f8cb44-e7ad-4505-9800-f9f2929218b5','18c369d2-a114-456a-bbfa-7a127693724e','e914c51e-173f-4d81-8735-6384721bb68e');
INSERT INTO Module VALUES('d21ac628-fc1a-41f1-9ba7-ede6b68356aa','157aefe9-22b2-46a3-b685-62a95463bbc5','f705c7ce-e162-4d63-a351-e79d747170d5');
INSERT INTO Module VALUES('1c99659c-1ddb-42f7-9a29-236491959899','5d78a9df-1136-4e1b-92d4-180fa89b43d5','8ce3ef85-b766-4667-8548-a037ddd5cec2');
INSERT INTO Module VALUES('c8619961-dac7-4e0d-9745-845a5bfcd61d','eb40852e-e545-4d1a-bda2-128f7fa8d2f6','71fd814f-789e-4bed-9607-489212874cfa');
INSERT INTO Module VALUES('4ffbeeee-ed0c-4fe6-8e8a-f65c384f80a1','4336dffd-8f7f-4f23-a095-78916c4d4752','38690106-bcaa-4ffb-aa39-7619b5d46977');
INSERT INTO Module VALUES('757c52f8-3ab7-4fe6-8f41-cbab58af60a1','f04e2bb9-cb1f-4423-8e9d-4633c64ad1e4','8b992e91-5e3e-4a23-94bf-2d7ff3a9bbd4');
INSERT INTO Module VALUES('1f4dc41a-39c2-4d02-87c8-368fec32034a','54baf0e7-9afa-413e-9cde-b7523bb3fec8','8e29de5b-6143-41da-bc66-518e77e57958');
INSERT INTO Module VALUES('c01d471c-4d19-4533-a547-0ac98ab6ccaf','43783c30-2dbb-48e5-aa69-a4cbb971a4dd','73cdbafa-deb9-4403-94de-49f23093ec1e');
INSERT INTO Module VALUES('cb0d569b-bb41-41a9-9043-c0ce6546a24f','9e5f5066-d781-44e8-81ba-be68d41b4076','6bc03c1b-6c2b-4486-80e0-ccedd2cfbc66');
INSERT INTO Module VALUES('6bc348ca-4f14-4b69-962e-7d4c41764cbd','878b4595-0ff4-4cf8-aa8d-3f08f5ced198','73744f8e-028d-41a1-968f-cdd5dd7e0ed7');
INSERT INTO Module VALUES('2e240407-1245-4e12-97c4-2928d1d0b911','cdf61d87-0a8d-44c1-a750-0ae395452465','bbc19e74-14ea-48f2-bb1f-fe27ec6385d3');
INSERT INTO Module VALUES('72ea5883-4997-4777-94ff-74a6fe988f58','ff0f6fef-e5a3-40ff-8fd6-56f63b5bef11','8ae01665-8bc7-4d5b-8aaa-297b75a08b87');
INSERT INTO Module VALUES('43500bba-758d-43b5-9f4c-4fd6adf980f2','2cc090d5-7faf-4103-a62f-ea209b2d7451','1fbb7f29-1229-42cd-887f-fb72d0f445c5');
INSERT INTO Module VALUES('c7793a47-7dbd-466f-b3e3-688ec10d2138','5032d543-0f13-46c2-9ac3-819f161f6c24','acd77aaf-31f6-44d0-8c7e-a394158fa5ab');
INSERT INTO Module VALUES('365d4972-aa5e-4acb-8aa6-92603d8484cb','e009b592-0db4-40f7-8b73-455868b0cd5f','c7556042-ca08-419b-9897-e049fbb293e9');
INSERT INTO Module VALUES('cf777335-8c9e-48a4-b016-61238c5ae951','d0f7c311-7d8e-48b9-94bb-eea2a827c3d3','c3422c09-d9e8-443f-9de2-e0a05c4858f8');
INSERT INTO Module VALUES('e6de579e-1444-4426-bb1a-510e75cf1275','334fc469-4ffa-4bab-95cc-c9e519b6ca10','c4037cef-e680-4769-962a-86573e02b76f');
INSERT INTO Module VALUES('76a520ba-a19d-4753-820b-24599868f07e','60e9713c-8934-496c-b1dc-2eb8af297ce9','d6a0133c-8b95-4207-8ae4-e972bc62f48c');
INSERT INTO Module VALUES('c41aef81-3cf8-446f-9be6-63fa4439837b','ca7719c3-d44b-404a-8d9a-008a0a11f1ac','5256bade-c104-48a1-b04f-4f0be1c04ef7');
INSERT INTO Module VALUES('a98f46e4-138e-4e20-a4b3-1bffe13045ab','f21d7679-4e93-4be6-adec-e81a4ddab976','e88047da-f27f-42c4-a5b6-ceda19113c1d');
INSERT INTO Module VALUES('8d1e356f-8357-423e-a6c2-0871364973d7','b8a74c57-0238-4bae-848e-98f0ffdbde34','faf54089-3669-4aa6-9306-8542d2980f08');
INSERT INTO Module VALUES('8c0f0973-cac9-484e-b011-be092a1ae4bc','2539886a-47b9-4855-8e9d-9897f79c00ef','049c45f5-1808-4c46-828f-bade323c4de1');
INSERT INTO Module VALUES('108bb08d-41e0-488b-a40a-1e650193404d','c57e6cdc-17fd-4545-8b3d-cb4f206ffd04','e7aef868-3048-4f1c-aef2-e0efd78d45d8');
INSERT INTO Module VALUES('d3a23850-6a39-4b0e-ae4b-49ed38e2ce0a','530bff1c-ca66-46e0-96b4-054b0435699a','90eb1a29-3e12-443b-b2b5-1e4ea9745021');
INSERT INTO Module VALUES('596bbe0d-c22e-4395-bc24-bbf99df490c5','838a55f1-7b1a-40c6-994a-034882bd975b','0fb4a21b-7755-4797-8aec-aa91a8517bba');
INSERT INTO Module VALUES('6ee4697d-4c38-4944-acc8-f605c52667d7','89bf57e8-662b-42eb-a496-2fd41d17f94b','218ad569-cda7-4405-819c-526462f654c1');
INSERT INTO Module VALUES('965e13d4-44ab-4925-a434-bbd2ac8f4477','312679f1-d3e9-4d49-8e78-34b4719320a3','fbe51db7-9b53-44da-be80-78ca3a6177bd');
INSERT INTO Module VALUES('4e9f9177-9487-4974-9c7a-57a8a8de9c9c','05d4ac25-ddf1-4ce1-b429-f50d12c8cede','65b6b26c-7856-4385-9995-26fb456d7562');
INSERT INTO Module VALUES('3e8a8e04-cb2c-4e35-b8a1-94f40dc11157','b4e7b197-b93a-4c00-b3b9-a20eb0d6b4c2','9d4bcfd3-335a-4b60-8630-a3d7b2359f55');
INSERT INTO Module VALUES('9c76f830-cdd0-4f59-a554-98f5e727e288','f60316c7-6560-47bf-a9af-c10eb8f7930d','a58e26ff-069b-4a20-9fca-7626d1795b88');
INSERT INTO Module VALUES('98b2381d-6f8e-48d8-add1-7f71357778a4','9aff63dd-49ed-4759-ac14-9125974f8ff9','f2ab92c4-f9fa-4a41-aab3-37c2fa996312');
INSERT INTO Module VALUES('3801f336-6058-4163-b452-97d13335e886','45ab04af-2b73-47f7-88fa-3414124ee725','4e4984cb-878a-4a64-b243-79edb1ccfe03');
INSERT INTO Module VALUES('a116f249-f51f-416f-afc8-e4db80003291','150bc198-f49e-424d-acf0-5696894be3f6','7c9f4164-5ef5-4e36-8449-45e64e7dcb2a');
INSERT INTO Module VALUES('7f5173bb-bb88-4430-bca7-5caddd19c535','36d0d182-ff06-40b5-90e7-dc6647cc8ee6','3eee00c7-8157-43ca-968b-6f09a008740d');
INSERT INTO Module VALUES('1809b67c-aa51-4c9b-b7df-e4c6ca5df08e','ad9f8d91-f283-4a2b-bca9-2892bd185c24','7581868b-8488-4057-b8a9-988804ad80aa');
INSERT INTO Module VALUES('26e9be2c-88d7-4b91-8718-ee33489a1073','656fc74d-800e-493f-be6a-67c3a4c902cf','8b2c62f5-dbd9-47eb-90ff-db2285ac86e3');
INSERT INTO Module VALUES('d5c0254c-786e-4f32-9892-6050efad8c82','810a5336-73f5-4eed-9bdf-907f918adaa4','65f1c1a2-99e8-4813-8d35-5726ce882465');
INSERT INTO Module VALUES('52a99448-98ef-476c-9df5-e24d6df90b33','cffe376d-3a65-482c-a610-0b43b0af7fa3','89356586-244e-4e69-9743-3f744bf643ea');
INSERT INTO Module VALUES('3d832433-05c5-4038-b50a-e36cf2f59380','13a3779a-aa67-4471-8f71-195ba908ec4b','418e8307-8593-48d2-bd95-a1981ecf6628');
INSERT INTO Module VALUES('dec799f7-0df2-42c5-8785-ecd2defbdd21','00c57784-ec6d-4a59-af2b-55c4604969d0','8af179f9-3855-4b58-b7b9-0d9ee029c34e');
INSERT INTO Module VALUES('fc114173-6cff-4716-8b94-1228c5d9d186','5039d419-81c4-4d12-ab32-4de7621582c9','f904d5cb-ee84-46e2-92ad-ce429994ca56');
INSERT INTO Module VALUES('b49e613a-c4de-4e81-baa9-cbb54141e35a','63a0a922-5002-4a6b-9cf2-ef0317143240','2a9f07cd-bb22-4520-a863-52c306284fca');
INSERT INTO Module VALUES('3b47da8c-6e66-44f5-aada-31b350e7606c','b41f42ef-6dba-4f70-8466-77ff3242220e','f7f310f8-02f3-4348-ac0e-6f4593ce2537');
INSERT INTO Module VALUES('ec5eda58-46e4-4c4c-8b52-e6a593bd4d31','2e49cb2c-9de2-4531-889b-6676e4114dcc','3b0cd0f8-42bb-4ab8-863a-9294d62a235b');
INSERT INTO Module VALUES('589522b0-780b-4e77-afa9-cb6f0eb5787c','9c23c6bd-004e-4cb4-85f2-40e49defdba1','e63111a1-b269-46c5-b7f8-5f7eb58d063b');
INSERT INTO Module VALUES('3acb0c76-edc9-4962-a245-58a97b52cc75','23019229-07c2-489e-914f-1e924d811623','0937070e-356c-4f00-af3e-570dc1b895f4');
INSERT INTO Module VALUES('2f8e4f42-2908-4474-bb30-fb8fdeb5f311','da3c79fd-8afb-40e8-9d32-5afd808ffdeb','f2f32b8a-0fa9-4a2f-887e-ba428fc10cd2');
INSERT INTO Module VALUES('640b20a5-0c22-4bda-b25a-5c3b161bbe36','756ae404-703b-469e-b75c-50d048506b70','1b028d75-1d96-4e32-bcb7-b8a916f53146');
INSERT INTO Module VALUES('05670493-94da-4e88-905a-e9fc15a7500f','b55a4151-44d0-4aaf-a18f-450d66795f6c','6084e109-2a63-4f76-99d0-56c3599302f3');
INSERT INTO Module VALUES('4e01b6cf-8883-431d-a90b-0a7219c62533','bbe2f7e2-e13b-485a-a11f-0c3d2e763875','4101668c-a823-4128-81cb-d13a1eb531cb');
INSERT INTO Module VALUES('b58687f1-45fb-4a6f-a3c9-5d9d31ebdf28','078d74c6-7078-4b1d-b99d-832aa75a8629','30c33c8e-9c25-4a66-aeef-a6d23bd8775e');
INSERT INTO Module VALUES('789c492d-cca7-4907-ac04-6d7d4d815352','8842f665-9e0f-44e6-982b-4df60094c1a7','5b12fcad-8fdf-4846-8709-4e41a45bfd51');
INSERT INTO Module VALUES('bd15d90e-a8ba-4587-8e6e-a30536e15ea6','a60286db-ed3f-40ce-93a3-97141d08c110','8a6ff0f4-228d-4ef4-a848-4a9f6cfaff4d');
INSERT INTO Module VALUES('1894a55a-ede2-4049-801e-2041528e6ee7','e1e0cdc1-eb75-49e4-a3aa-c226b9544be1','45d84830-92ea-4e1d-b3a2-7c8279f805ab');
INSERT INTO Module VALUES('9c35de3e-374d-4814-88c5-4851a0bd82ce','57203408-847e-4540-81bf-6891e0b4328e','935ebb09-7eec-4c0e-9645-cbdb40ab1c0d');
INSERT INTO Module VALUES('6e22e993-b6f8-49a8-8185-5ec983d0a540','a5d84fe2-4b21-476f-b204-6b1b698768c2','68d9337e-12fb-495c-a869-4f3b3101663a');
INSERT INTO Module VALUES('ca9571e9-7565-468b-80a5-a332d4d8da70','1b3f9bf2-867e-4d54-bb41-93db62d90e46','4d0989d0-9990-4a47-ac61-83a14140c6bd');
INSERT INTO Module VALUES('d555cf30-3361-4d90-9fb4-4117c11774d2','21697ce8-2f41-447f-a940-36cb6739b127','e38f4fab-40ce-444f-a358-88888ae5d156');
INSERT INTO Module VALUES('ede93055-a643-4e87-98f5-0c4d19e2347f','32bd46b1-f37b-4106-9234-e1ef1562deec','0564e6d5-80d1-4699-a624-2da03e24e1f0');
INSERT INTO Module VALUES('5e2b4398-d507-4a76-9747-40efe1d5d23f','9af5d705-d409-41ad-aa57-ebfa6c62c8aa','329b8389-acec-487d-bffa-8aa8a87bdcb1');
INSERT INTO Module VALUES('600def64-4c50-488c-bf3f-6c78aa8a74e0','67a5ec52-a19b-4b12-b340-05723fbfcea5','0fc9053e-bbb1-4258-af90-cef4de1a72f9');
INSERT INTO Module VALUES('55072418-463d-43f0-b4a7-17ccd376f143','3ccc3cf4-4612-4e13-b737-3221af052f8a','c2480408-b964-411c-946f-b5602fc64826');
INSERT INTO Module VALUES('b8ff6dcb-165a-4bfa-8fde-f66c8ab93dec','cac5a8d2-119a-4cf2-b7b5-422d2cfdcb73','90daee78-b03a-48b0-8780-5e8172c481ab');
INSERT INTO Module VALUES('21abda49-a7f0-41a5-b8d8-3edf58ce8663','77251dcb-b7c4-46e9-8580-aadfef07b30d','3970e48c-a320-48d5-8d21-f908450b92cb');
INSERT INTO Module VALUES('270f3648-a65c-4383-a1ec-6e19bf7037e9','e46250e7-bd7f-46c5-bed2-d143c43f1e15','dfc0b2aa-1fb0-487f-a241-ce2c73402e5d');
INSERT INTO Module VALUES('0ba4f16a-78e9-474e-83c3-44eb3516cc28','047cae1b-500e-441f-9122-5f39f97f342b','c621dfe5-9e01-43eb-bada-2f20711b79da');
INSERT INTO Module VALUES('55840f8e-167a-411b-bd48-78fa00f4bd45','4281fd3c-048b-4d01-a795-8e4d7dd524ab','87f45a7d-eb41-4a4f-b48e-2e8111bdfc69');
INSERT INTO Module VALUES('3a08a868-a9ea-4919-8ab9-843b85563a40','f459ed94-1b3e-4e7b-ac6e-92617b96c67b','b919a901-fc18-4343-9211-9d33329505c6');
INSERT INTO Module VALUES('b8774431-d1be-43c7-b43a-ec58c2b0b980','065e942c-304b-4df1-aec2-1f331fd7c10d','26036b28-a79f-471e-8aab-f3fdb1c16c2a');
INSERT INTO Module VALUES('45774614-c758-4b04-a97a-d84c96de77b9','09d65c88-0a61-4ab7-bf68-8b1c03a4b338','1473f620-3239-4154-875e-b9a989b06b0f');
INSERT INTO Module VALUES('c2894d9f-db07-4889-acb6-2160467fdc4e','1585b8d4-3dd6-4274-9131-0219b7cf3eed','39864f64-b4e7-4612-a825-f1a561805654');
INSERT INTO Module VALUES('bf2c60fc-34d7-42d8-a74a-506c0f85c890','e5dce0ef-2199-4913-aebc-12bb9ef17f52','d498ae32-8ec7-4a29-abd1-f101b35c7940');
INSERT INTO Module VALUES('c9a7efbc-dbc2-4f41-8e31-c10c3db15fc4','99096b4a-7c7c-4037-adb8-8296c6edcaf5','fdee6c6b-c4a4-46fc-a3b6-28fcf164a121');
INSERT INTO Module VALUES('041f64a1-51d9-46b3-bd73-f6a046b75d61','8cab1294-f77b-4c77-bc73-dc371abc1443','9b4a122c-14f6-45bd-b6f7-2d9012543bd2');
INSERT INTO Module VALUES('4870402f-75c1-4127-862c-d491603acba0','6dfcb539-340b-44fe-84c7-bf6ce61cc72e','04b9017a-2b47-42e9-92ec-8e172aabf80c');
CREATE TABLE IF NOT EXISTS "Translation" (
    "id" TEXT NOT NULL PRIMARY KEY,
    "en_text" TEXT NOT NULL,
    "he_text" TEXT NOT NULL
);
INSERT INTO Translation VALUES('fa6eb564-ad2c-480c-9086-82a4fd474b0a','The Open University Of Israel',' ');
INSERT INTO Translation VALUES('b4dad9c8-73fc-4da4-96c8-9586d1134663','The College of Management Academic Studies',' ');
INSERT INTO Translation VALUES('fb5130e5-42f0-4e95-8fd7-6ec892ea3dd5','Ben-Gurion University of the Negev',' - ');
INSERT INTO Translation VALUES('b5c861e7-7b50-4e5c-a34d-60b7ad37e59d','Tel Aviv University','  ');
INSERT INTO Translation VALUES('b2c3d4e5-6f7a-4b8c-9d0e-2f3a4b5c6d7e','Binary Trees',' ');
INSERT INTO Translation VALUES('e8b9f640-68b9-4d90-a56b-9ab8dfade0af','Mathematics','');
INSERT INTO Translation VALUES('24b5a671-ea76-4c9b-8fd2-97e09f958f39','Physics','');
INSERT INTO Translation VALUES('68A324D1-5434-4889-9900-236DBA47D169','Foundations of Mathematics',' ');
INSERT INTO Translation VALUES('dd8d69f7-9959-43a2-a227-233d003fb709','Chemistry','');
INSERT INTO Translation VALUES('c2471542-a206-4e5d-9bc5-7b5fd76f2c70','Biology','');
INSERT INTO Translation VALUES('5b51d5e2-608f-4ceb-8184-efc63ce643cd','Economics','');
INSERT INTO Translation VALUES('ee53adf0-406c-43bc-9710-3a96cdcfb4c0','Psychology','');
INSERT INTO Translation VALUES('63e95b0b-85de-4c54-b6af-face80091bb4','Computer Science',' ');
INSERT INTO Translation VALUES('6dc8759c-5eff-4b8e-bc7e-6476ed60ba3f','Statistics','');
INSERT INTO Translation VALUES('f0c2636f-08a8-4529-a37a-6206d7e1772a','Cognitive Science',' ');
INSERT INTO Translation VALUES('067fc944-3d78-4675-a759-804e22b179a9','Social Sciences',' ');
INSERT INTO Translation VALUES('ca18e408-bc40-4f5c-8460-9be7bad1e78c','Exact Sciences',' ');
INSERT INTO Translation VALUES('369f5ce8-05f1-4d30-820e-baeb8bfb4e93','Engineering','');
INSERT INTO Translation VALUES('25800af4-b146-4cd0-83c0-dc64729dcc7f','Electrical Engineering',' ');
INSERT INTO Translation VALUES('1b1daa8c-4cc3-4715-b876-908c29dba6a4','Arts','');
INSERT INTO Translation VALUES('21d803d9-2816-4a0b-a1b4-deafc757ca7b','SI System','   ');
INSERT INTO Translation VALUES('66a766a9-3dd6-4882-aa66-cc197baf0d75','Basic Units',' ');
INSERT INTO Translation VALUES('71855b2c-5fb3-4adb-8b0a-25f7b3c9d75b','Derived Units',' ');
INSERT INTO Translation VALUES('7a2defc6-8d92-4547-bf19-520c79cf2c7d','One Dimensional Kinematics','  ');
INSERT INTO Translation VALUES('06e659ed-d128-4701-8e36-29a76e45439b','Average Velocity',' ');
INSERT INTO Translation VALUES('bbf5d5d5-f6da-48f8-addc-e5fc6fda3e22','Instantaneous Velocity',' ');
INSERT INTO Translation VALUES('d6a6d4dc-56c9-479d-8477-0b49dd5d19d7','Two Dimensional Graph Reading','   ');
INSERT INTO Translation VALUES('c3f0f380-14e4-4a4f-acc8-2e6e8174d929','Propositional Logic',' ');
INSERT INTO Translation VALUES('fe2ca514-efb5-416e-ae84-ea6f8abfbbc3','First-order Logic','  ');
INSERT INTO Translation VALUES('30c0f737-78bf-4b62-8ecd-5e7b1ea0074d','How to Formalize',' ');
INSERT INTO Translation VALUES('bcb13a75-482b-4283-a01f-084abf2d5566','Rules of Inference',' ');
INSERT INTO Translation VALUES('0e3f282b-ff36-4beb-af8b-a7be8efe14c9','Structural Induction',' ');
INSERT INTO Translation VALUES('c5c99931-3520-4a2a-a19a-4ae15c0416a0','Reading Rules of Inference','  ');
INSERT INTO Translation VALUES('7d8c9e06-4c21-492e-8456-34ca44d54239','Proof Theory',' ');
INSERT INTO Translation VALUES('301942a6-6fb4-436f-b7fa-cbccbe60235a','Quantifiers (, )',' (, )');
INSERT INTO Translation VALUES('93d0e96c-f2ae-4120-87f9-5392f5911f85','Quantifiers (, ) and their effect on formula complexity (rank/degree)',' (, )     (/)');
INSERT INTO Translation VALUES('1c66ed81-b549-40b4-9b90-567da80eaf42','Prenex Normal Form','  ');
INSERT INTO Translation VALUES('4fccd7ce-a577-4112-bcf0-9a457db4ea67','Set Theory',' ');
INSERT INTO Translation VALUES('58311395-1c6c-4245-9f4e-d84cf5ab3aad','Modus Ponens',' ');
INSERT INTO Translation VALUES('0c1b4d29-52ce-48d6-9081-c509ce1803fb','Modus Tollens',' ');
INSERT INTO Translation VALUES('d3433e9d-7bd2-4cd3-b5fa-2e7106359d8a','Hilbert System',' ');
INSERT INTO Translation VALUES('afd3da10-9427-4c78-a3a6-1d4b7ee801a5','Soundness and Completeness',' ');
INSERT INTO Translation VALUES('fe759279-2e38-4cc2-ba66-fedb147c6e3d','Truth Tables',' ');
INSERT INTO Translation VALUES('4927db38-bcb9-4658-84a8-c0f74b61c399','Consistency and Satisfiability of Sets of Propositions','    ');
INSERT INTO Translation VALUES('5f580686-9cf6-492a-b23a-267646c3788d','Axioms','');
INSERT INTO Translation VALUES('e5a9ecea-2a60-46ff-93c5-a7882ee287ab','Logic Satisfiability & Consistency','  ');
INSERT INTO Translation VALUES('ca479118-7a80-47d4-939b-47f652fb6f2f','Semantics','');
INSERT INTO Translation VALUES('3d63669a-d904-4918-8782-6922f19a202b','Convergent Subsequences',' ');
INSERT INTO Translation VALUES('8b9cde61-4a1d-4e8d-800b-f41449623a07','Data Mining',' ');
INSERT INTO Translation VALUES('851db662-4933-444c-9a54-a5795074a8a4','Computer Graphics',' ');
INSERT INTO Translation VALUES('4b42c9f4-436a-4008-9291-5ca24df618fe','Discrete Mathematics',' ');
INSERT INTO Translation VALUES('be355b4a-6a11-49b9-ac5b-c3b66d52212b','Logic for Computer Science Students','   ');
INSERT INTO Translation VALUES('6b3dd279-082e-47d6-a5cf-e795d5f07986','Auctions and Electronic Markets: Mechanism Design and Algorithms','  :   ');
INSERT INTO Translation VALUES('C44DBE0A-CFF5-4259-9064-163E3ED72F32','Infinitesimal Calculus 2','  2');
INSERT INTO Translation VALUES('d191be2f-56ed-4cf6-880b-18c749786af9','Database Systems','  ');
INSERT INTO Translation VALUES('c7e930db-5b2a-43ba-a6e9-567bf5883053','Introduction to Psychology',' ');
INSERT INTO Translation VALUES('45268d5a-6c0d-4760-ab4f-828be0a86d88','Introduction to Microeconomics',' ');
INSERT INTO Translation VALUES('d3b11a88-d9c2-4397-b6e4-2d2b0976a83a','Basic Concepts in Econometrics','  ');
INSERT INTO Translation VALUES('ef61ce16-2b50-4316-91dd-16913271687b','Chapters in Physical Chemistry','  ');
INSERT INTO Translation VALUES('2d97a756-9661-4ff2-929f-66a368b704cc','Complementary Integral Calculus','  ');
INSERT INTO Translation VALUES('f7e34ceb-36a4-4321-bf3f-be4b967a8f84','Computer Organization',' ');
INSERT INTO Translation VALUES('18dee43c-2d42-4740-8fcd-700038824deb','Differential Calculus for Economics and Management Students','    ');
INSERT INTO Translation VALUES('bcb61756-0297-4deb-a66f-d182600e0179','Ecology','');
INSERT INTO Translation VALUES('1c48257b-684a-4ccb-89c5-78e344de5c4a','Electricity and Magnetism',' ');
INSERT INTO Translation VALUES('d0498c23-075c-4a53-8093-66b8982f940f','Foundations of Physics A','  ');
INSERT INTO Translation VALUES('f4bd0465-66ed-4a94-9021-e37700974c03','Foundations of Physics B','  ');
INSERT INTO Translation VALUES('76223a65-8be7-4d0b-8f7f-76591882255f','Foundations of Physics for Biologists A','   ');
INSERT INTO Translation VALUES('33debec6-42c7-4984-a19a-04ab6ad88272','General Biology A','  ');
INSERT INTO Translation VALUES('e1b58f24-a1f7-4ccc-b09b-2e95ab840f57','General Biology B','  ');
INSERT INTO Translation VALUES('188799c1-cb5f-4908-9f74-474f5fa96d36','General Chemistry',' ');
INSERT INTO Translation VALUES('66ababae-045e-4406-b616-00f44e8acd21','General Chemistry A','  ');
INSERT INTO Translation VALUES('9b00bf4a-1b10-48d7-bead-19a202108e8b','General Chemistry B','  ');
INSERT INTO Translation VALUES('43f262a6-2545-43fb-8a5d-90d69072fddf','Infinitesimal Calculus 1','  1');
INSERT INTO Translation VALUES('29fff600-3511-4311-bc67-c7f61504513a','Introduction to Macroeconomics',' ');
INSERT INTO Translation VALUES('d82fe5b4-1676-41e3-ace2-6b0ee92a1833','Introduction to Statistics for Social Sciences A','     ');
INSERT INTO Translation VALUES('3292ae0f-3ba5-4526-99a8-10e7aa6238b0','Labor Economics',' ');
INSERT INTO Translation VALUES('37771716-f5eb-444c-942d-901751914f80','Probability and Introduction to Statistics for Computer Science','    ');
INSERT INTO Translation VALUES('40e51728-2ccd-47bb-bc71-6d39499ed577','Foundations of Physics for Biologists B','   ');
INSERT INTO Translation VALUES('7c9224fb-793d-48c1-8475-1285ed9da02d','General Chemistry for Biologists B','   ');
INSERT INTO Translation VALUES('43fb0be2-16ac-4052-a44f-689d4af82440','Infinitesimal Calculus 2','  2');
INSERT INTO Translation VALUES('11d4ed91-e7d3-4eb5-ae96-5933d7de4951','Infinitesimal Calculus 3','  3');
INSERT INTO Translation VALUES('9ccbc3cc-2abf-4120-9377-f5a8beaaa10c','Intergenerational Economics',' -');
INSERT INTO Translation VALUES('818a894b-ef5a-4ef6-8f6c-363e8eae93fb','International Real Economics',' - ');
INSERT INTO Translation VALUES('0f9fce5f-6089-4661-93cc-72e6aa2e57cd','Computational Models',' ');
INSERT INTO Translation VALUES('72f86c11-f987-48fd-975a-6627b0019940','Algorithms','');
INSERT INTO Translation VALUES('d4c501df-eb02-4125-9f97-573813b664fb','Thermodynamics for Physicists',' ');
INSERT INTO Translation VALUES('5b076629-77e3-41b1-b18b-b1ddef2cb6ef','Introduction to Statistics for Social Sciences B','     ');
INSERT INTO Translation VALUES('8d81b8f4-b107-4ecd-9584-d7f8c9f26be7','Introduction to Computer Science and Java','    Java');
INSERT INTO Translation VALUES('22a25557-6bef-4097-81a4-3b71bd84efb9','Introduction to Differential Equations','  ');
INSERT INTO Translation VALUES('cad57e56-af9a-4bd8-b849-94bdbaf5efca','Introduction to Statistics and Probability for Science Students','    ');
INSERT INTO Translation VALUES('f0ae6d1b-c1c6-4d2f-ba0d-5eade0cb623b','Linear Algebra 1','  1');
INSERT INTO Translation VALUES('68453935-7832-405a-b42a-e41d10099093','Linear Algebra 2','  2');
INSERT INTO Translation VALUES('f25c3425-8a0b-4d9d-baea-fb78fc675490','Linear Algebra for Science','  ');
INSERT INTO Translation VALUES('2bd06a32-de31-423e-be91-cd72dbab4cb8','Macroeconomics A','  ');
INSERT INTO Translation VALUES('2befe762-2d92-40b2-a970-83f9a08db26e','Macroeconomics B','  ');
INSERT INTO Translation VALUES('56467e4f-9a52-4a30-9e83-8e69f88be7ea','Mechanics','');
INSERT INTO Translation VALUES('3682e794-c6db-48af-9086-8bcdf3ba1361','Microeconomics A','  ');
INSERT INTO Translation VALUES('42b0726e-77ec-49e8-96a3-1081de8ed902','Microeconomics B','  ');
INSERT INTO Translation VALUES('4ee3dc1d-68c8-4d49-8de5-d68b44dbf30d','Microeconomics C','  ');
INSERT INTO Translation VALUES('7a1911a3-4472-4823-b0a4-ec9acede05c3','Monetary Economics',' ');
INSERT INTO Translation VALUES('90b094e5-7008-4d15-8760-4e5a0004e833','Organic Chemistry',' ');
INSERT INTO Translation VALUES('6086c503-3b98-40e1-a628-10f08a49cc7a','Organic Chemistry for Biologists','  ');
INSERT INTO Translation VALUES('06ab4809-b5a7-4a63-bf64-11b2137e158c','Political Economy',' ');
INSERT INTO Translation VALUES('43c27b29-25c0-48bd-b464-9a89b0fbbaaf','Public Economics',' ');
INSERT INTO Translation VALUES('e29d162e-1a63-4875-b34c-67349bcdfb33','Semiconductor Devices','  ');
INSERT INTO Translation VALUES('e45aa0ec-3d93-402d-be14-83c7e35bfed6','Semiconductors',' ');
INSERT INTO Translation VALUES('85c94e9d-d658-47e1-8792-649c597b4d2a','Social Preference and Choice','  ');
INSERT INTO Translation VALUES('0fca4bf4-a204-4cc8-9911-8485516ff5a0','Strategic Thinking: Game Theory and its Applications in Economics and Management',' :     ');
INSERT INTO Translation VALUES('474a614d-806d-4b79-8430-6242b799b7f6','The Economics of Israel',' ');
INSERT INTO Translation VALUES('37874beb-e35c-4a13-bb04-51eac3fa3b65','Thermodynamics','');
INSERT INTO Translation VALUES('6316c2a7-f4e8-4e32-8fb5-e0e2611bde66','Topics in Mathematics for Social Sciences Students','    ');
INSERT INTO Translation VALUES('529780e7-32c7-4685-b54d-df934d032de6','Statistical Inference',' ');
INSERT INTO Translation VALUES('47191873-af34-406e-b66b-8f90c065057e','Data Structures and Introduction to Algorithms','   ');
INSERT INTO Translation VALUES('b5b8e1fb-02be-4c0f-b0dd-d0cf037f887c','Artificial Intelligence',' ');
INSERT INTO Translation VALUES('21523080-6A39-40DA-9DA3-2D6EB5B7F4AF','Systems Programming Laboratory','  ');
INSERT INTO Translation VALUES('A85CE10B-18CD-4858-AFDF-FF1E648FF356','Automata and Formal Languages','  ');
INSERT INTO Translation VALUES('912BFA9E-3A77-4E04-87D1-A51C676A173C','Introduction to Computability and Complexity Theory','   ');
INSERT INTO Translation VALUES('2A1C89A1-3A4F-4A44-A747-3252152438C9','Operating Systems',' ');
INSERT INTO Translation VALUES('97508FE0-85AA-4504-AA81-6FB42E35D496','Programming Languages',' ');
INSERT INTO Translation VALUES('F2DFBC55-3D87-4086-A84F-926462D58924','Principles of Information Systems Development','   ');
INSERT INTO Translation VALUES('381E04F5-B0C5-4D7E-BDDB-910166A0FD89','Coding Theory',' ');
INSERT INTO Translation VALUES('9AE95896-4575-4A5D-B061-E63084629AFC','Numerical Analysis 1','  1');
INSERT INTO Translation VALUES('D16E5F7D-BADB-45FF-AA46-AA098CCCB860','Programming and Data Analysis in Python','    Python');
INSERT INTO Translation VALUES('B3B64068-0729-47CE-B245-0CB9A61EF133','Introduction to Artificial Intelligence','  ');
INSERT INTO Translation VALUES('7AD0CC1F-8100-4A61-9E5A-9A33FD44B6C4','Advanced Java Programming','   Java');
INSERT INTO Translation VALUES('EDA6A1CF-49B1-42B5-B222-2360567A1CC2','Computer Networks','  ');
INSERT INTO Translation VALUES('08DE7ADA-D64A-4A80-B404-ED9FDB890780','Defensive System Programming','  ');
INSERT INTO Translation VALUES('4788A07E-2959-44CB-AFE1-69178D7278E8','Introduction to Cryptography',' ');
INSERT INTO Translation VALUES('01791C4F-7F39-4E7A-82C4-74D310FD7764','Compilation','');
INSERT INTO Translation VALUES('063346E1-5E9F-4B3E-B439-C47123A96642','Object-Oriented Programming','  ');
INSERT INTO Translation VALUES('CCF23719-624D-4B9A-B946-1104B0B1988E','Data Systems  Technologies and Algorithms','    ');
INSERT INTO Translation VALUES('44FFF4D7-320E-4282-B8FD-A50D3F15F770','Computational Biology',' ');
INSERT INTO Translation VALUES('60C2C386-A924-4906-8B1A-F38226A7F396','Numerical Analysis 2','  2');
INSERT INTO Translation VALUES('A30D9CD7-8C02-4472-BDE7-B23A001870AA','Introduction to Computational Learning','  ');
INSERT INTO Translation VALUES('BD8921E9-E6C9-4EF6-BE69-0D5A07A65191','Algorithmic Robotics',' ');
INSERT INTO Translation VALUES('F6B856CA-7849-4CDA-9FC9-794C9253936E','Introduction to Cybersecurity','   ');
INSERT INTO Translation VALUES('F920D0C0-50E9-4A01-9B50-63F4E450C171','Introduction to Software Testing','  ');
INSERT INTO Translation VALUES('5B91BD52-22E5-4335-ADE5-1C3E21B12EB8','Computational Geometry',' ');
INSERT INTO Translation VALUES('58503f66-af42-4992-bdc1-79fc62c4a61f','How to formalize the statement: "The square of every real number different from zero is greater than zero"','   : "         "');
INSERT INTO Translation VALUES('7ac8c2ed-1b4f-4e7a-9d5e-8f3b2c4a1e6d','x  , x  0  x > 0','x  , x  0  x > 0');
INSERT INTO Translation VALUES('9e2f4a1c-3d5e-4b7f-8a9d-1c2e3f4a5b6c','x  , x  0  x > 0','x  , x  0  x > 0');
INSERT INTO Translation VALUES('1f3e5a7c-4b6d-4e8f-9a1c-2d3e4f5a6b7c','x  , x > 0  x  0','x  , x > 0  x  0');
INSERT INTO Translation VALUES('2a4c6e8f-5b7d-4f9a-8c1e-3d4e5f6a7b8c','x  , x  0  x > 0','x  , x  0  x > 0');
INSERT INTO Translation VALUES('3b5d7f9a-6c8e-4a1c-9d2e-4e5f6a7b8c9d','x  , x  0  x > 0','x  , x  0  x > 0');
INSERT INTO Translation VALUES('4c6e8a1c-7d9f-4b2d-8e1f-5f6a7b8c9d1e','x  , x > 0  x  0','x  , x > 0  x  0');
INSERT INTO Translation VALUES('5d7f9b2e-8e1a-4c3e-9f2a-6a7b8c9d1e2f','x  , x = 0  x > 0','x  , x = 0  x > 0');
INSERT INTO Translation VALUES('6e8a1c3f-9f2b-4d4f-8a3b-7b8c9d1e2f3a','x  , x > 0  x  0','x  , x > 0  x  0');
INSERT INTO Translation VALUES('d39c0ad3-92d1-4290-b604-0033444b6f03','About a real number x, the statement "The square of any real number that is not zero is positive" can be expressed as','   x,  "        "    ');
INSERT INTO Translation VALUES('8f9a1b2c-4d5e-4f6a-9b8c-7d8e9f1a2b3c','x((x  0)  (x > 0))','x((x  0)  (x > 0))');
INSERT INTO Translation VALUES('9a1c2d3e-5f6a-4b7c-8d9e-8e9f1a2b3c4d','x((x  0)  (x = 0))','x((x  0)  (x = 0))');
INSERT INTO Translation VALUES('1b2d3f4a-6c7e-4d8f-9a1b-9f1a2b3c4d5e','x((x > 0)  (x < 0)  (x > 0))','x((x > 0)  (x < 0)  (x > 0))');
INSERT INTO Translation VALUES('338bee00-49e8-47f1-afd7-ab19015bdf2a','All previous statements are equivalent','   ');
INSERT INTO Translation VALUES('b0500946-9885-4afa-b80d-72969aefbe82','In this question open intervals refer to (a,b) meaning a < b. Given an infinite and bounded set A of real numbers','     -(a,b)  a < b.     A   ');
INSERT INTO Translation VALUES('d18996b8-4006-460d-a20c-720e7f830eb1','There exists a small open interval (a,b) such that A  (a,b) = ','    (a,b)   A  (a,b) = ');
INSERT INTO Translation VALUES('85854db4-bde9-4adf-b574-20fb84bd9d8e','There exists a small open interval (a,b) such that A  (a,b)  ','    (a,b)   A  (a,b)  ');
INSERT INTO Translation VALUES('ed575596-a4f8-4dad-a044-1cd48d755c80','There exists a small open interval (a,b) such that ( \ A)  (a,b) = ','    (a,b)   ( \ A)  (a,b) = ');
INSERT INTO Translation VALUES('ec50e39c-ef19-4e91-8f5a-7ed39f14f334','If G is a directed graph with 6 vertices, then',' G     6 , ');
INSERT INTO Translation VALUES('e625868b-df75-4b35-ba75-50c73a5759ef','G is not planar','G  ');
INSERT INTO Translation VALUES('8e8e35ce-8ff5-442d-803f-c3086f0abc74','G is not Hamiltonian','G  ');
INSERT INTO Translation VALUES('9d1f2c3d-5e6f-4a7b-8c9d-8b9c1d2e3f4a','Either G is planar or G is Eulerian',' -G   -G ');
INSERT INTO Translation VALUES('ca3b16e0-f0f9-4fc3-b9d8-e14590eb2d8e','Given a vertex set V = {1,2,3,4,5,6,7,8} and edge series (6,7,8,1,1,1), where G is the simple graph obtained by adding edges between pairs of vertices in T (and possibly other edges)','   V = {1,2,3,4,5,6,7,8}   (6,7,8,1,1,1),  G            -T (  )');
INSERT INTO Translation VALUES('c0b633ef-31cd-4ebf-b389-61970605931e','Whether G is an Euler graph',' G   ');
INSERT INTO Translation VALUES('49b5c46b-89cf-4e3a-888d-df23b817f557','Finding the number of vertices of G (with explanation)','    G ( )');
INSERT INTO Translation VALUES('ba098000-4b8e-488c-bafb-0416198ab5ca','Distribute 4 balls of type A, 4 balls of type B, 4 balls of type C, and 4 balls of type D into 4 different cells. (Balls of the same type are considered identical).',' 4   A, 4   B, 4   C 4   D 4  . (    ).');
INSERT INTO Translation VALUES('00703a76-5fca-4f2f-82b2-5afd86fd0283','Calculate the number of all possible distributions.','     .');
INSERT INTO Translation VALUES('57975cc8-efa9-4174-ac5e-fd003913c63d','Calculate the number of distributions where no cell contains balls of all types.','          .');
INSERT INTO Translation VALUES('7750cecd-29cb-4eb1-b513-328284bf9866','A menu offers 3 appetizers and 4 desserts. How many choices are available if you may choose one item from either category?','  3  4 .           ?');
INSERT INTO Translation VALUES('b81240ad-ed98-4a7e-9dea-7e922e884d19','A coffee shop sells 3 types of coffee and 4 types of pastry. How many different combinations of one coffee and one pastry can you order?','   3   4  .        ?');
INSERT INTO Translation VALUES('f4e15a03-0822-47ca-ab99-522416a28365','Let A and B be finite sets with |A| = 3 and |B| = 4. How many elements does A  B contain?',' A B       |A| = 3 |B| = 4.      A  B?');
INSERT INTO Translation VALUES('E07E39B7-1EDE-4F5F-B988-01D92FED7BE3','How many ways can you choose 3 students from a class of 10 students?','    3     10 ?');
INSERT INTO Translation VALUES('87bf2c16-3e44-4a93-b2c4-abead40c51f5','How many ways can you choose 5 cards from a standard deck such that exactly 3 are hearts?','    5       3   ?');
INSERT INTO Translation VALUES('5f9313d3-6258-4fe1-87f6-21a39af92d29','From a group of 7 men and 5 women, how many committees of 4 can be formed that contain at least 2 women?','   7  5 ,    4      2 ?');
INSERT INTO Translation VALUES('21885747-9432-4370-8901-0e0cf137297c','How many ways can 8 identical balls be distributed into 4 distinct boxes if each box must contain at least one ball?','    8   4         ?');
INSERT INTO Translation VALUES('f39a03e3-8807-462b-bb79-0a8f5d3afbc7','How many nonnegative integer solutions are there to x + x + x + x = 15 if each x is at most 6?','       x + x + x + x = 15   x    6?');
INSERT INTO Translation VALUES('1631553c-3065-403d-a3aa-8e11f02c2120','How many ways can you select 4 donuts from 6 types if repetitions are allowed?','    4   6         ?');
INSERT INTO Translation VALUES('fb76aff9-70f7-42ef-9bc7-08bb69cf85e4','How many non-negative integer solutions exist for x + x + x = 7?','       x + x + x = 7?');
INSERT INTO Translation VALUES('fcd1ca85-90f7-49ec-99ff-24f8cd89ec49','How many ways can you choose 5 fruits from apples, bananas, oranges and pears if repetitions are allowed?','    5   , ,      ?');
INSERT INTO Translation VALUES('d79898d6-6f3e-4611-ae25-41a96c2f706e','In how many ways can 10 identical candies be distributed among 3 children?','    10    3 ?');
INSERT INTO Translation VALUES('c0ce7106-b885-4996-b313-55ab834c2dfe','How many ways can you select 8 ice cream scoops from 5 flavors if flavors may repeat?','    8    5        ?');
INSERT INTO Translation VALUES('6d7e2c23-ba10-41e4-81bd-b4d586ef924e','How many non-negative integer solutions exist for x + x + x + x = 6?','       x + x + x + x = 6?');
INSERT INTO Translation VALUES('962e9824-2aad-41eb-93f7-356629f205a3','In how many ways can 15 identical balls be placed into 5 distinct boxes?','    15   5  ?');
INSERT INTO Translation VALUES('62f1128e-aa5b-440c-b989-5c8e21cc5c7a','How many ways can you choose 7 cupcakes from 3 flavors if flavors may repeat?','    7   3     ?');
INSERT INTO Translation VALUES('a65d4ab9-cf19-449c-8aac-8086634bd4f2','How many ways can you choose 6 candies from 4 types if repetitions are allowed?','    6   4         ?');
INSERT INTO Translation VALUES('23087717-eaed-4612-b5ee-43e88794c30d','How many non-negative integer solutions exist for x + x + x = 12?','       x + x + x = 12?');
INSERT INTO Translation VALUES('d8f724e9-9e1f-4656-ad77-4ade25848835','How many non-negative integer solutions exist for x + x + x + x = 9?','       x + x + x + x = 9?');
INSERT INTO Translation VALUES('3f1cb82d-592e-4df9-a2bf-fcccdec55a6f','How many ways can you choose 5 coins from 8 types if repetitions are allowed?','    5   8     ?');
INSERT INTO Translation VALUES('48508123-6f76-4945-aa1c-1412d894f809','In how many ways can 7 identical marbles be distributed into 2 boxes?','    7    ?');
INSERT INTO Translation VALUES('c1c272c4-b2af-46fd-b5f8-8b291193c02b','How many ways can you select 3 ice cream scoops from 10 flavors if flavors may repeat?','    3    10     ?');
INSERT INTO Translation VALUES('9bba34bf-e461-44be-b76f-f398155a3911','How many non-negative integer solutions exist for x + x + x + x + x = 8?','       x + x + x + x + x = 8?');
INSERT INTO Translation VALUES('9fe79279-2cc8-4531-b892-2c5a4daebb23','How many ways can you choose 9 songs from 5 genres if genres may repeat?','    9   5         ?');
INSERT INTO Translation VALUES('23979268-a195-4e17-b8bf-3b071c664206','In how many ways can 11 identical pencils be distributed among 4 students?','    11    4 ?');
INSERT INTO Translation VALUES('913e8191-9320-4b00-8087-c77b84d16012','How many ways can you choose 4 letters from 7 distinct letters if repetitions are allowed?','    4   7      ?');
INSERT INTO Translation VALUES('32d50646-3dde-4762-961b-d1d1b15a4c1a','How many non-negative integer solutions exist for x + x + x + x + x + x = 5?','       x + x + x + x + x + x = 5?');
INSERT INTO Translation VALUES('190e3057-0c8f-4d44-a387-b216e8632ede','How many ways can you choose 2 items from 6 types with repetition allowed?','    2   6     ?');
INSERT INTO Translation VALUES('D9B273B8-4F71-4C1D-994F-DDA7292001BD','In how many ways can 5 boys and 5 girls be seated in a row so that no two girls sit together?','    5  -5         ?');
INSERT INTO Translation VALUES('d4d867eb-48cc-45f6-970a-e8d54bdb39e9','How many ways can 5 distinct objects be arranged in a row?','   5   ?');
INSERT INTO Translation VALUES('eaaa76b5-0c41-44e0-8d6f-c2f03b7fe196','How many 3-letter arrangements can be formed from A, B, C, D without repetition?','   3     A,B,C,D  ?');
INSERT INTO Translation VALUES('e272682c-6a21-4761-9309-72fad15c33b3','How many ways can 4 books be arranged on a shelf?','    4   ?');
INSERT INTO Translation VALUES('9e876f30-59e2-4b8e-81ab-5186dc4d1211','In how many distinct ways can 5 people sit around a circular table?','    5     ?');
INSERT INTO Translation VALUES('1b406d77-ef11-4bdd-bf00-86171c667d7c','How many 4-digit even numbers can be formed using digits 1,2,3,4 without repetition?','    4     1,2,3,4  ?');
INSERT INTO Translation VALUES('07e38cca-7219-46ee-b9c0-ff5f56afd1d6','In how many ways can 8 runners finish a race if ties are not allowed?','   8     ?');
INSERT INTO Translation VALUES('dde375a5-44af-433d-be3c-1c0a8aeb6570','How many 5-digit numbers greater than 30000 can be formed using digits 1-5 without repetition?','   5   -30000    1-5  ?');
INSERT INTO Translation VALUES('627d6bc0-5764-4b99-bdca-abdbacd5a82c','Describe your favorite study technique','     ');
INSERT INTO Translation VALUES('3eed2bf4-2068-4492-b0a1-d6230df46d99','How many integers from 1 to 100 are divisible by 2 or 5?','    1 -100  -2  -5?');
INSERT INTO Translation VALUES('67cb3992-ad01-4a69-9738-1eacf9bd0985','How many integers from 1 to 100 are divisible by 3 or 7?','    1 -100  -3  -7?');
INSERT INTO Translation VALUES('5f85faa1-6351-413d-805b-4791490e802c','How many integers from 1 to 200 are divisible by 3 or 5 or 7?','    1 -200  -3  -5  -7?');
INSERT INTO Translation VALUES('e5bcbc7d-dbc1-4e25-aff7-742ad9c64cb2','40 study math 50 physics 60 computer science 20 study math and physics 25 math and computer science 30 physics and computer science and 5 study all three How many students study at least one subject?','40   50  60   20    25    30    -5          ?');
INSERT INTO Translation VALUES('201abf55-c8fb-4b41-ab80-b373c958a084','How many integers from 1 to 1000 are divisible by 3 or 4?','    1 -1000  -3  -4?');
INSERT INTO Translation VALUES('74700c15-53ae-4a51-b554-ecafeb5b6840','How many three digit numbers are multiples of 2 or 5?','        2  5?');
INSERT INTO Translation VALUES('b7c0aefb-a927-4452-bc73-65d772e3da25','100 like coffee 80 tea 60 juice 30 like coffee and tea 25 coffee and juice 20 tea and juice and 10 like all three How many people like at least one drink?','100   80  60  30    25   20   -10           ?');
INSERT INTO Translation VALUES('bdf204a0-0e77-46e1-b6e5-5002f7957a94','How many integers from 1 to 100 are divisible by 2 or 3 or 5?','    1 -100  -2  -3  -5?');
INSERT INTO Translation VALUES('ef83ce26-fcfc-481d-a35a-96267fc5c3ea','How many permutations of the word APPLE start with A or end with E?','    APPLE   A    E?');
INSERT INTO Translation VALUES('80ecc9bb-afba-4377-8a64-cb95495ef4b8','How many integers from 1 to 60 are not divisible by 2 or 3?','    1 -60   -2  -3?');
INSERT INTO Translation VALUES('ef7e1d80-c1bf-4daf-a630-bb17cd366073','How many 8-bit strings contain at least one 0','   8    ');
INSERT INTO Translation VALUES('bd4445f4-6a67-4cbe-890c-2df27269c47d','How many four digit numbers contain at least one digit 7','         7');
INSERT INTO Translation VALUES('19f79c58-69ed-418c-8ff5-0fd9a506437f','How many 6-letter strings from {A,B,C,D} contain at least one A','   6  {A,B,C,D}   A ');
INSERT INTO Translation VALUES('b7dbccce-a488-4a77-874c-c9d4f555d19d','How many four person committees from 10 students include at least one of two specific students','            ');
INSERT INTO Translation VALUES('9e2473e6-161c-406f-9b55-dbf7d40e5dea','How many permutations of ABCDE begin with a vowel','    ABCDE  ');
INSERT INTO Translation VALUES('32c59695-81d3-4235-b701-277e19bcf732','How many seven digit numbers have at least one digit 5','         5');
INSERT INTO Translation VALUES('5f557092-8bdc-443c-82dd-173197064bb7','How many colorings of 4 balls with 3 colors are not monochromatic','         ');
INSERT INTO Translation VALUES('740f7595-295c-4e51-8250-6754eb18f8ea','How many 5-letter words from {A,B,C,D,E} have at least one repeated letter','   5  {A,B,C,D,E}     ');
INSERT INTO Translation VALUES('3e5a2992-04db-463f-a8b1-8b9ff57426a0','How many 5-digit strings contain at least one 0','        ');
INSERT INTO Translation VALUES('6425ae2e-55ba-4fb0-ba94-63896bb5a549','How many permutations of four distinct digits include the digit 0','         0');
INSERT INTO Translation VALUES('2ffad47c-642b-4c62-acd0-06cbdcc794fd','How many 8-letter passwords over the lowercase English alphabet contain at least one vowel','   8       ');
INSERT INTO Translation VALUES('c184c555-8fe5-425f-aa46-06d67385cedf','How many 4-letter strings from {A,B,C,D,E,F} contain at least one vowel','   4  {A,B,C,D,E,F}    ');
INSERT INTO Translation VALUES('5f73cded-f705-4cb1-9c83-bbe4edb5aa8f','How many three digit numbers have at least one repeated digit','         ');
INSERT INTO Translation VALUES('babef5a8-53fd-42d7-b502-d7d5083439e5','How many 5-card hands from a standard deck contain at least one ace','          ');
INSERT INTO Translation VALUES('be678452-e71c-4c28-932b-592b751b559c','How many 7-bit strings contain at least one 1','   7      1');
INSERT INTO Translation VALUES('7c17f31e-c1f9-4035-869f-e0b929e0122f','How many subsets of {1,...,10} contain at least one of 1 or 2','    {1,...,10}    1  2');
INSERT INTO Translation VALUES('464013a2-9067-44f6-9423-f8b7ae0763ad','How many permutations of numbers 1 through 5 have at least one fixed point','    1  5     ');
INSERT INTO Translation VALUES('12388bcd-e3f3-4ee6-8447-d7c73adcc067','How many four digit numbers contain at least one even digit','         ');
INSERT INTO Translation VALUES('62478899-7c30-4628-ae5a-2c39e5d78bc2','How many ternary strings of length 5 contain at least one 2','   5       2');
INSERT INTO Translation VALUES('b391d164-beba-42e6-ac33-c39059bbee3b','How many arrangements of three red and three blue balls in a row have at least one pair of adjacent balls of the same color','                ');
INSERT INTO Translation VALUES('c1d6bbad-b174-4f06-8dbd-89aaac420be5','Yes','');
INSERT INTO Translation VALUES('5ad96b46-8670-4368-858b-453472383bd2','No','');
INSERT INTO Translation VALUES('a34d7a4b-9f41-4739-becb-a920ec24f13c','0.7 km','0.7 ');
INSERT INTO Translation VALUES('AF770977-4B29-4444-B907-F819EF5D0BEA','7,100 cm','7,100 ');
INSERT INTO Translation VALUES('EE38E69B-F2B3-477E-A06A-70EBB3E5F87D','6.9*10^6 millimeters','6.9*10^6 ');
INSERT INTO Translation VALUES('09d74ad2-a8eb-4120-90df-81190243d3cf','Graph Theory',' ');
INSERT INTO Translation VALUES('187640FA-5A52-4AC3-8EBC-1FB89091E6E8','Sum Principle',' ');
INSERT INTO Translation VALUES('A468A6C2-1D32-47D6-BC32-562F2F71BCB3','Multiplication Principle',' ');
INSERT INTO Translation VALUES('f5f24066-f9e1-4087-9d6a-598042cb0d2b','Min Max Algorithm',' -');
INSERT INTO Translation VALUES('593afff3-cf87-4c67-b80d-ae06ffd4c829','Differentiation Techniques',' ');
INSERT INTO Translation VALUES('7cb38204-869c-47a9-a2a2-a72020e7bdee','Integration by Parts',' ');
INSERT INTO Translation VALUES('dd9aa8c9-b413-42f9-b26a-194a2ef2f4d0','Graph Traversal Algorithms','   ');
INSERT INTO Translation VALUES('1bf61cb6-9d5f-4fa8-9565-27fbdf4a1a18','Neural Networks Fundamentals','  ');
INSERT INTO Translation VALUES('0f789fba-c19e-44c8-83cc-e53a930c2cb2','Arrays','');
INSERT INTO Translation VALUES('67d2cb08-0782-408c-87e9-76241203503e','Linked Lists',' ');
INSERT INTO Translation VALUES('01ac9600-940d-4f8b-ac3d-4f1c5b8d9272','Stacks','');
INSERT INTO Translation VALUES('9c67cf86-b57c-4da2-b0fb-fe5a11d8bab0','Queues','');
INSERT INTO Translation VALUES('b2db4907-ef15-4d56-8b33-8f61c5b9567d','Hash Tables',' ');
INSERT INTO Translation VALUES('e289a3c2-6d14-479d-89e6-a83b56e08287','Combinations with Repetitions','  ');
INSERT INTO Translation VALUES('e7c5b81e-5aad-4715-ab5d-c08122c05ef1','Permutations with Repetitions','  ');
INSERT INTO Translation VALUES('453489f6-61fa-4699-b275-26d6165dbc89','Pascal Triangle',' ');
INSERT INTO Translation VALUES('ee3583e5-7114-4a42-8a78-c1cb689276c9','Binomial Formula',' ');
INSERT INTO Translation VALUES('4f5a6b7c-8d9e-4012-a456-789abc123def','Inclusion Principle',' ');
INSERT INTO Translation VALUES('5a6b7c8d-9e0f-4123-b567-89abcd234eff','Separation Principle',' ');
INSERT INTO Translation VALUES('31b7ef41-3b67-4181-ba4d-c6170399a6d9','Mathematical Recursion',' ');
INSERT INTO Translation VALUES('7cd0a3cf-23ee-44fc-ab71-aa6493eb4219','Pigeonhole Principle','  ');
INSERT INTO Translation VALUES('730785ee-5d3a-4160-93bd-24aad42be048','Introduction to Logic',' ');
INSERT INTO Translation VALUES('2b3c4d5e-6f7a-4b8c-9d0e-1f2a3b4c5d6e','Basic Logic Concepts','  ');
INSERT INTO Translation VALUES('3c4d5e6f-7a8b-4c9d-a0ef-2a3b4c5d6e7f','Logical Operators',' ');
INSERT INTO Translation VALUES('4d5e6f7a-8b9c-4d0e-a1fa-3b4c5d6e7f8a','Truth Values',' ');
INSERT INTO Translation VALUES('5e6f7a8b-9c0d-4e1f-a2ab-4c5d6e7f8a9b','Logic Gates',' ');
INSERT INTO Translation VALUES('6f7a8b9c-0d1e-4f2a-a3bc-5d6e7f8a9b0c','Conditional Statements',' ');
INSERT INTO Translation VALUES('7a8b9c0d-1e2f-403b-a4cd-6e7f8a9b0c1d','Logical Equivalence',' ');
INSERT INTO Translation VALUES('afb0c4a6-d7ce-4a3b-a1ee-28c783f4be8a','Combinatorics','');
INSERT INTO Translation VALUES('f272cd23-f130-4467-9fad-b1ec33abc0e1','Permutation','');
INSERT INTO Translation VALUES('b8a9c2d3-4e5f-4567-8901-2a3b4c5d6e7f','Combinations','');
INSERT INTO Translation VALUES('b046c3a7-4e8f-4571-a015-0a7cc33daca2','Permutations','');
INSERT INTO Translation VALUES('4c031bcd-19fb-46d0-9f62-d7d8612c052f','Derangements','  ');
INSERT INTO Translation VALUES('eb656561-a030-482a-99d2-d648d7a4b6b1','Generating Functions',' ');
INSERT INTO Translation VALUES('39ae54f0-57f9-473d-82c9-785dce83f328',replace('Welcome to the Faculty of Exact Sciences, where curiosity meets precision and imagination is guided by logic. Here, you are not just a student  you are an explorer charting the fundamental laws that govern our universe. Whether you''re drawn to the elegance of mathematics, the mysteries of physics, or the power of computer science, this faculty invites you to think deeply, question boldly, and solve the unsolvable.\n\nEach course is a key, unlocking a deeper understanding of reality. You''ll work alongside passionate researchers, tackle real-world problems, and build the tools that shape tomorrow  all while honing a sharp, analytical mindset that will serve you in any path you choose.\n\nThis is where your journey begins  in the exact sciences, where precision drives discovery, and discovery shapes the future.','\n',char(10)),replace('    ,          . ,              .\n\n      ,               ,      .\n\n        .     ,                       .\n\n      ,     ,    .','\n',char(10)));
INSERT INTO Translation VALUES('758e11bb-1619-4450-b0c9-456a871f2f1e',replace('Welcome to the Faculty of Social Sciences, where understanding people is the key to shaping the world. As a student here, you''re stepping into the story of humanity  exploring how we think, act, connect, and build societies.\n\nThrough disciplines like psychology, sociology, economics, political science, and more, you''ll learn to see patterns in behavior, uncover the forces that drive change, and ask the big questions about justice, power, culture, and identity. You won''t just study theories  you''ll challenge them, debate them, and apply them to the complex world around you.\n\nThis faculty is your gateway to becoming a thoughtful analyst, a change-maker, and a voice for insight in a rapidly evolving society. Your journey to understanding the world  and influencing it  starts here.','\n',char(10)),replace('    ,          .  ,           , ,   .\n\n   , , ,   ,    ,           , ,  .       ,        .\n\n       ,        .          .','\n',char(10)));
INSERT INTO Translation VALUES('461c044e-c567-4d6b-bf11-a42b73cb6525',replace('Welcome to the Faculty of Engineering, where ideas become reality and innovation meets impact. As a student here, you''re not just learning how things work  you''re learning how to build what''s next.\n\nFrom circuits to code, structures to systems, this is where theory meets creation. You''ll design, test, and optimize solutions to real-world challenges, armed with both scientific principles and hands-on experience. Every formula you master and every model you build brings you one step closer to shaping the future  smarter cities, cleaner energy, faster networks, stronger infrastructure.\n\nIn the Faculty of Engineering, you''re more than a student  you''re an inventor in training, an architect of progress, and a problem-solver the world is waiting for.','\n',char(10)),replace('   ,         .                .\n\n ,        . ,      ,       .                 ,  ,    .\n\n          ,       .','\n',char(10)));
INSERT INTO Translation VALUES('401d30ef-cc8d-42d9-97b4-c81d5f390146',replace('Welcome to the Faculty of Arts, where expression becomes exploration and creativity shapes understanding. As a student here, you''re invited to see the world not just as it is  but as it could be.\n\nWhether through language, literature, history, philosophy, or the visual and performing arts, you''ll engage with the ideas, cultures, and voices that define human experience. You''ll question, interpret, and create  developing not only critical thinking but a deep appreciation for nuance, meaning, and beauty.\n\nIn the Faculty of Arts, you''re not just learning about the world  you''re learning how to reflect it, challenge it, and reimagine it through your own unique lens. This is where your voice finds its depth and your perspective finds its power.','\n',char(10)),replace('   ,        .  ,               .\n\n   , , ,     ,  ,      .  ,        ,     ,  .\n\n             ,         .     ,    .','\n',char(10)));
INSERT INTO Translation VALUES('cb8ad153-c31b-4e22-91f6-c5e9e6f4637a','Which of the following three distances is the largest, which one is the smallest?','     ,    ?');
INSERT INTO Translation VALUES('480ca700-a7ce-43a5-a81f-19ff3461f4b9','Calculate the area, in square meters (m), of a rectangle with a length of 80 cm and a width of 120 cm.','  ,   (m),    80 "  120 ".');
INSERT INTO Translation VALUES('f254ae75-8818-47a2-840f-c2987ee53692','Whether G is not a bipartite graph',' G   -');
INSERT INTO Translation VALUES('9961349f-a8e1-4a32-9f06-67240b8df069','How many permutations are there of the letters in the word ''APPLE''?','     ''APPLE''?');
INSERT INTO Translation VALUES('9d088bfe-fa4d-4c92-ac76-c0f944a8076b','In how many distinct ways can the letters of the word ''MISSISSIPPI'' be arranged?','        ''MISSISSIPPI''?');
INSERT INTO Translation VALUES('6b1c635c-ddf3-427b-b3f1-20b34c0d5f91','How many distinct permutations can be made from the letters of the word ''MATHEMATICS''?','       ''MATHEMATICS''?');
INSERT INTO Translation VALUES('2c854b57-56de-408a-bd48-b9663297c72f','How many permutations of the letters in the word ''LEVEL'' are possible?','     ''LEVEL''?');
INSERT INTO Translation VALUES('61ce9acb-e53b-4a6c-ac8d-76a8322f7661','How many permutations are there of the word ''BANANA''?','    ''BANANA''?');
INSERT INTO Translation VALUES('1a23ed2e-0d39-4956-adc4-a0e0185cb226','How many distinct permutations can be made from the letters of the word ''STATISTICS''?','       ''STATISTICS''?');
INSERT INTO Translation VALUES('e3d93d41-3050-493a-8ad6-19105b04613f','What is the value of the binomial coefficient C(5, 2) found in Pascal''s Triangle?','     C(5, 2)  ?');
INSERT INTO Translation VALUES('a4e3c1a8-e257-4fe8-be97-f2c3cd035b13','What is the value of the binomial coefficient C(6, 3) found in Pascal''s Triangle?','     C(6, 3)  ?');
INSERT INTO Translation VALUES('dcbdede0-9014-4c63-9981-cd22e7d1ec4f','What is the value of the binomial coefficient C(7, 4) found in Pascal''s Triangle?','     C(7, 4)  ?');
INSERT INTO Translation VALUES('b12833a0-1b09-464a-ad7c-e148c216bccb','What is the value of the binomial coefficient C(8, 2) found in Pascal''s Triangle?','     C(8, 2)  ?');
INSERT INTO Translation VALUES('c532bcb3-323a-4fea-9a98-3a60be8b2db8','What is the value of the binomial coefficient C(9, 5) found in Pascal''s Triangle?','     C(9, 5)  ?');
INSERT INTO Translation VALUES('4999aece-1387-4622-8f15-298daa82042f','What is the value of the binomial coefficient C(10, 3) found in Pascal''s Triangle?','     C(10, 3)  ?');
INSERT INTO Translation VALUES('c4633ba3-7b62-43f4-b3ab-1bd1a6cf5376','What is the value of the binomial coefficient C(11, 6) found in Pascal''s Triangle?','     C(11, 6)  ?');
INSERT INTO Translation VALUES('7826ef3c-e828-425d-a27a-378ad632403b','What is the value of the binomial coefficient C(12, 4) found in Pascal''s Triangle?','     C(12, 4)  ?');
INSERT INTO Translation VALUES('f43412c8-10de-4891-af23-2b01dd9926ec','What is the value of the binomial coefficient C(13, 7) found in Pascal''s Triangle?','     C(13, 7)  ?');
INSERT INTO Translation VALUES('76d2408f-653b-49ae-b9af-745ecfb4cd73','What is the value of the binomial coefficient C(14, 2) found in Pascal''s Triangle?','     C(14, 2)  ?');
INSERT INTO Translation VALUES('adf4012f-0b43-4416-91a2-74e10faac950','What is the value of the binomial coefficient C(15, 5) found in Pascal''s Triangle?','     C(15, 5)  ?');
INSERT INTO Translation VALUES('39c8fd20-7b0c-43db-a87f-a54e0f27d0ed','What is the value of the binomial coefficient C(16, 8) found in Pascal''s Triangle?','     C(16, 8)  ?');
INSERT INTO Translation VALUES('cd4f8d35-467c-47d4-9f9f-7a7677aea4e5','What is the value of the binomial coefficient C(17, 3) found in Pascal''s Triangle?','     C(17, 3)  ?');
INSERT INTO Translation VALUES('9aadd258-78f3-42a8-bc22-1fa381a4a773','What is the value of the binomial coefficient C(18, 9) found in Pascal''s Triangle?','     C(18, 9)  ?');
INSERT INTO Translation VALUES('17d9e6b4-0346-4b44-8e41-9ee32e401f08','What is the value of the binomial coefficient C(19, 4) found in Pascal''s Triangle?','     C(19, 4)  ?');
INSERT INTO Translation VALUES('ae1945da-835a-4a0d-bac9-ee97eb818b7e','What is the value of the binomial coefficient C(20, 10) found in Pascal''s Triangle?','     C(20, 10)  ?');
INSERT INTO Translation VALUES('ad136e05-f9ee-4a20-91fc-a4b411bd1506','What is the value of the binomial coefficient C(21, 7) found in Pascal''s Triangle?','     C(21, 7)  ?');
INSERT INTO Translation VALUES('1cd52c38-19eb-430a-8ac6-404cbb9c14b6','What is the value of the binomial coefficient C(22, 11) found in Pascal''s Triangle?','     C(22, 11)  ?');
INSERT INTO Translation VALUES('70c7622b-23c5-4de7-9bcd-198748654be4','What is the value of the binomial coefficient C(23, 5) found in Pascal''s Triangle?','     C(23, 5)  ?');
INSERT INTO Translation VALUES('26d7aa85-f8ad-4484-b9dc-5a3dc992c4db','What is the value of the binomial coefficient C(24, 12) found in Pascal''s Triangle?','     C(24, 12)  ?');
INSERT INTO Translation VALUES('b0faab8f-eb6b-4cb2-ad14-30254ef179fc','A bookstore sells 5 fiction and 7 non-fiction titles. How many choices are there if you select one book from either category?','   5   -7  .         ?');
INSERT INTO Translation VALUES('cdeaf3e0-d9db-44c7-9aad-0d974e6ea546','A clothing store offers 4 shirts and 6 pants. How many items can you choose from if selecting either a shirt or pants?','   4  -6 .         ?');
INSERT INTO Translation VALUES('65b9fa9f-8a10-4a5a-9400-6f910708ced2','A library has 8 English magazines and 5 Hebrew magazines. How many magazines could you borrow if choosing one language?','  8   -5 .        ?');
INSERT INTO Translation VALUES('96f33cd2-c9a5-4c60-8ffe-0d21c4fa04c4','A cafe menu lists 6 hot drinks and 3 cold drinks. How many options exist if you pick one drink of any temperature?','    6   -3  .          ?');
INSERT INTO Translation VALUES('602fdc46-93dd-416e-bb3c-fc8badd26251','A university offers 5 morning classes and 4 evening classes. How many classes can a student choose from if limited to one time slot?','  5   -4  .        ?');
INSERT INTO Translation VALUES('5201f907-d004-4932-98a3-3ecd2ef71ad9','A tech conference has 7 workshops on day one and 5 workshops on day two. How many workshops can you attend if you attend only one day?','   7    -5  .         ?');
INSERT INTO Translation VALUES('28ac3388-d73e-414e-83d9-d92aa9d82a61','A theater shows 3 comedies and 5 dramas. How many films could you watch if you choose from either genre?','  3  -5 .        ?');
INSERT INTO Translation VALUES('275e3588-98b0-424a-b6f3-ef2958150009','A travel agency has 4 domestic packages and 6 international packages. How many packages are available if you choose only one?','   4   -6  .       ?');
INSERT INTO Translation VALUES('65165ce6-c6cd-438e-8660-dcf2105f9c59','A sports club offers 5 indoor activities and 4 outdoor activities. How many activities can you select if participating in only one?','   5    -4  .        ?');
INSERT INTO Translation VALUES('1a4f5e63-7e43-4ee6-b07a-be5c15cd7366','A music festival features 6 rock bands and 2 jazz bands. How many bands can a fan watch if they pick a single genre?','   6   -2  .        ?');
INSERT INTO Translation VALUES('23122bf9-a9b8-413e-a332-892d419017c4','A grocery store sells 7 kinds of fruit and 4 kinds of vegetables. How many choices are there if buying one item from either group?','   7   -4  .         ?');
INSERT INTO Translation VALUES('2b6cba5a-27dc-4e02-8e90-7a3ca6490515','A museum offers 2 guided tours in English and 3 in Spanish. How many tours could a visitor take if choosing one language?','  2    -3 .          ?');
INSERT INTO Translation VALUES('efc49f76-65ac-4f41-8329-17b055ff654f','A park has 5 picnic areas and 3 playgrounds. How many locations can a family choose if visiting just one?','  5   -3  .         ?');
INSERT INTO Translation VALUES('e68b7607-efea-4b4c-a677-4a63db960f7a','An online course platform has 4 math courses and 5 science courses. How many courses can a student enroll in if choosing one subject?','    4   -5  .         ?');
INSERT INTO Translation VALUES('e6690c2e-0fc7-404d-a71d-d77845910b54','A bookstore sells 6 hardcover and 3 paperback journals. How many journals can be selected if choosing either type?','   6    -3  .        ?');
INSERT INTO Translation VALUES('30da94db-17de-4218-b041-f4caf651f7be','A gym schedules 3 morning and 4 evening yoga classes. How many classes are available if attending only one session?','   3    -4 .       ?');
INSERT INTO Translation VALUES('0dec8af3-f8d6-4e8b-ba1e-a7059b78174e','A pet shop has 5 breeds of dogs and 2 breeds of cats. How many animal choices are available if adopting one pet?','   5   -2  .        ?');
INSERT INTO Translation VALUES('fa2a7e90-3615-498c-8d8f-e958ffde4c51','A science fair displays 4 physics projects and 5 chemistry projects. How many projects can a visitor view if focusing on one subject?','   4   -5 .         ?');
INSERT INTO Translation VALUES('6b8fcbdf-b0a2-42eb-a9b1-161f7f92f7ac','A store offers 6 types of lamps and 4 types of chairs. How many items can a customer choose from if buying just one?','  6   -4  .         ?');
INSERT INTO Translation VALUES('1f8f28f2-7d5d-4598-a447-930ef4c2147b','A restaurant provides 3 vegan dishes and 6 non-vegan dishes. How many meal options exist if ordering a single dish?','  3   -6   .        ?');
INSERT INTO Translation VALUES('aabf8758-d93e-4e54-a49c-1d515976a64d','How many distinct permutations can be formed from the letters of "LEVEL"?','      "LEVEL"?');
INSERT INTO Translation VALUES('ba29646f-67d7-4c09-92b2-d64eaff717b5','How many distinct permutations can be formed from the letters of "BALLOON"?','      "BALLOON"?');
INSERT INTO Translation VALUES('fe4b0bac-e929-4a78-90e1-34b51de33c21','How many distinct permutations can be formed from the letters of "SUCCESS"?','      "SUCCESS"?');
INSERT INTO Translation VALUES('ab17462a-7c93-493b-b7a2-51c30c382d64','How many distinct permutations can be formed from the letters of "BOOKKEEPER"?','      "BOOKKEEPER"?');
INSERT INTO Translation VALUES('237d697b-3b2e-4516-98e2-3270133d2f85','How many distinct permutations can be formed from the letters of "BANANA"?','      "BANANA"?');
INSERT INTO Translation VALUES('9a1548f9-a17d-487b-8a43-8fd45f7680d4','How many distinct permutations can be formed from the letters of "MISSISSIPPI"?','      "MISSISSIPPI"?');
INSERT INTO Translation VALUES('d87423c1-f864-436a-ab0b-9f0c2d918acb','How many distinct permutations can be formed from the letters of "ABRACADABRA"?','      "ABRACADABRA"?');
INSERT INTO Translation VALUES('c3362060-fd2b-48c4-9706-0483203804e3','How many distinct permutations can be formed from the letters of "COMMITTEE"?','      "COMMITTEE"?');
INSERT INTO Translation VALUES('b56d8c45-8bf1-4c60-bcbb-356f9f510219','How many distinct permutations can be formed from the letters of "TOMATO"?','      "TOMATO"?');
INSERT INTO Translation VALUES('5adc6247-9b27-4a3d-b129-3120f4ea11ef','How many distinct permutations can be formed from the letters of "STATISTICS"?','      "STATISTICS"?');
INSERT INTO Translation VALUES('6efa549c-7c42-4b96-92df-9838aafc0055','How many distinct permutations can be formed from the letters of "LETTER"?','      "LETTER"?');
INSERT INTO Translation VALUES('18886c3a-c65a-4cc1-9f9e-8860ab46b41c','How many distinct permutations can be formed from the letters of "PEPPER"?','      "PEPPER"?');
INSERT INTO Translation VALUES('2f9e8a7b-c123-4def-9876-543210fedcba','The Definite Integral',' ');
INSERT INTO Translation VALUES('35e00288-a280-4158-b03a-0b008a3de1eb','The Enclosed Area Problem','  ');
INSERT INTO Translation VALUES('a8f3c6d1-2e4b-4c8a-9f7e-1b5d8c3a6e9f','Bounded Functions',' ');
INSERT INTO Translation VALUES('f27e83c6-1ba1-49a1-affd-2b3e495a6810','How many distinct permutations can be formed from the letters of "REPETITION"?','      "REPETITION"?');
INSERT INTO Translation VALUES('75bb7259-3ace-4718-81c1-4998a65dab65','How many distinct permutations can be formed from the letters of "INDIVISIBILITY"?','      "INDIVISIBILITY"?');
INSERT INTO Translation VALUES('53ea50b1-c820-429b-a13e-e3f83d7e9e80','How many distinct permutations can be formed from the letters of "BASEBALL"?','      "BASEBALL"?');
INSERT INTO Translation VALUES('9342dba7-cf94-406b-b65c-4b91e60ecf48','How many distinct permutations can be formed from the letters of "HALLELUJAH"?','      "HALLELUJAH"?');
INSERT INTO Translation VALUES('827ab7b0-b8a5-41f3-ac67-1d58e95b382d','How many distinct permutations can be formed from the letters of "PROGRAMMER"?','      "PROGRAMMER"?');
INSERT INTO Translation VALUES('76057411-8100-4138-83d6-3b4fa0b90c59','How many distinct permutations can be formed from the letters of "ASSESSMENT"?','      "ASSESSMENT"?');
INSERT INTO Translation VALUES('8a12359c-9d82-4860-bec1-a536fe2732b7','How many distinct permutations can be formed from the letters of "PARALLEL"?','      "PARALLEL"?');
INSERT INTO Translation VALUES('9f5d1a71-17dc-4a2c-9f9e-72436d37fe87','How many distinct permutations can be formed from the letters of "CANNON"?','      "CANNON"?');
INSERT INTO Translation VALUES('4b6c8d1e-3f5a-4d7b-af8c-5e9f1a2b3c4d','The Fundamental Formula of the Definite Integral','    ');
INSERT INTO Translation VALUES('f8a1e3d5-6b9c-4f2a-8e1f-3a5c7d9e2b4f','Upper Sums',' ');
INSERT INTO Translation VALUES('2c4e6a8f-1d3f-4a7c-9e2a-5f8a1c3e6d9f','Lower Sums',' ');
INSERT INTO Translation VALUES('482223b5-7343-4270-bff1-a9c3d934fa28','What is an upper sum in the context of Riemann integration?','      ?');
INSERT INTO Translation VALUES('2206522e-c241-4745-92aa-cdc9530b1e92','The sum using the maximum value of the function in each subinterval','       -');
INSERT INTO Translation VALUES('2351c70a-3dea-4239-8bd5-2f61e2959bee','The sum using the minimum value of the function in each subinterval','       -');
INSERT INTO Translation VALUES('c5905fc5-f356-4f54-be05-cfd3bb39d08d','The sum using the average value of the function in each subinterval','       -');
INSERT INTO Translation VALUES('8a0e3cad-d137-4af7-9431-21a742678f01','The sum using the midpoint value of the function in each subinterval','        -');
INSERT INTO Translation VALUES('44a0d45b-2963-4836-94d7-90006e95caca','How do upper sums relate to the definite integral?','     ?');
INSERT INTO Translation VALUES('7b75b3a0-465f-4fdf-94e5-eb292e32bf9f','Upper sums provide an upper bound for the definite integral','      ');
INSERT INTO Translation VALUES('de34861c-e147-46b8-a745-d7ed612c73ae','Upper sums provide a lower bound for the definite integral','      ');
INSERT INTO Translation VALUES('ae05ff78-bb6e-4b63-ac36-bd2efb9edf11','Upper sums equal the definite integral exactly','     ');
INSERT INTO Translation VALUES('6a76c035-9130-414a-8f3b-625e3c65c3c2','Upper sums are unrelated to the definite integral','     ');
INSERT INTO Translation VALUES('eb64b28c-dd31-4e71-89c7-f19821d872be','What is a lower sum in the context of Riemann integration?','      ?');
INSERT INTO Translation VALUES('8c7227a4-ae19-4eb3-94b9-9e1f92a94f63','The sum using the minimum value of the function in each subinterval for lower sums','       -   ');
INSERT INTO Translation VALUES('dea72d18-13ad-41c6-b4bd-dafac603f133','The sum using the maximum value of the function in each subinterval for lower sums','       -   ');
INSERT INTO Translation VALUES('d55a2d19-8c0f-4430-a3e1-f5873389a00e','The sum using the average value of the function in each subinterval for lower sums','       -   ');
INSERT INTO Translation VALUES('3d5966d9-6655-4639-b902-2de703c3da38','The sum using the midpoint value of the function in each subinterval for lower sums','        -   ');
INSERT INTO Translation VALUES('ab1f213f-f85b-4a48-a59c-06fd93019eaf','How do lower sums relate to the definite integral?','     ?');
INSERT INTO Translation VALUES('9531b9c1-1f3d-49e6-bfb4-c0d8384caf9e','Lower sums provide a lower bound for the definite integral','      ');
INSERT INTO Translation VALUES('3d6f492d-b7fa-4f17-b431-1fed4b1a7b2b','Lower sums provide an upper bound for the definite integral','      ');
INSERT INTO Translation VALUES('346813c9-f3cf-4827-9bb9-1e2d4da7b70f','Lower sums equal the definite integral exactly','     ');
INSERT INTO Translation VALUES('3c74abda-7c59-41de-8c17-cfcb2305fb56','Lower sums are unrelated to the definite integral','     ');
INSERT INTO Translation VALUES('a8acbde6-b69c-4dfb-a02b-b86fab5ce020','What happens when the number of subintervals approaches infinity in upper and lower sums?','    -     ?');
INSERT INTO Translation VALUES('67b2e3fe-bfbb-40bb-99a7-270fac6841bf','Both upper and lower sums converge to the definite integral','       ');
INSERT INTO Translation VALUES('49bfcb08-75db-4d6f-a9f2-5ec0839466a6','Only upper sums converge to the definite integral','     ');
INSERT INTO Translation VALUES('6675796c-f296-4c91-b9e4-f1e316e1e40d','Only lower sums converge to the definite integral','     ');
INSERT INTO Translation VALUES('c90dfde3-0732-42af-a85f-7843ded1b8a2','Neither upper nor lower sums converge','     ');
INSERT INTO Translation VALUES('f1a2b3c4-1111-4567-890a-bcdef0123456','What is the Fundamental Formula of the Definite Integral?','     ?');
INSERT INTO Translation VALUES('f1a2b3c4-1111-4567-890a-bcdef0123458','[a,b] f(x)dx = F(b) - F(a), where F''(x) = f(x)','[a,b] f(x)dx = F(b) - F(a),  F''(x) = f(x)');
INSERT INTO Translation VALUES('f1a2b3c4-1111-4567-890a-bcdef0123459','[a,b] f(x)dx = F(a) - F(b), where F''(x) = f(x)','[a,b] f(x)dx = F(a) - F(b),  F''(x) = f(x)');
INSERT INTO Translation VALUES('f1a2b3c4-1111-4567-890a-bcdef012345a','[a,b] f(x)dx = F(b) + F(a), where F''(x) = f(x)','[a,b] f(x)dx = F(b) + F(a),  F''(x) = f(x)');
INSERT INTO Translation VALUES('f1a2b3c4-1111-4567-890a-bcdef012345b','[a,b] f(x)dx = F''(b) - F''(a), where F(x) is any function','[a,b] f(x)dx = F''(b) - F''(a),  F(x)  ');
INSERT INTO Translation VALUES('f2a2b3c4-2222-4567-890a-bcdef0123456','Calculate [0,2] x dx using the Fundamental Formula',' [0,2] x dx   ');
INSERT INTO Translation VALUES('f3a2b3c4-3333-4567-890a-bcdef0123456','Calculate [1,3] x dx using the Fundamental Formula',' [1,3] x dx   ');
INSERT INTO Translation VALUES('f4a2b3c4-4444-4567-890a-bcdef0123456','If F(x) = x/3, what is [0,2] x dx?',' F(x) = x/3,   [0,2] x dx?');
INSERT INTO Translation VALUES('f5a2b3c4-5555-4567-890a-bcdef0123456','Calculate [-1,1] 2x dx',' [-1,1] 2x dx');
INSERT INTO Translation VALUES('f6a2b3c4-6666-4567-890a-bcdef0123456','What is the antiderivative of sin(x)?','    sin(x)?');
INSERT INTO Translation VALUES('f6a2b3c4-6666-4567-890a-bcdef0123458','-cos(x) + C','-cos(x) + C');
INSERT INTO Translation VALUES('f6a2b3c4-6666-4567-890a-bcdef0123459','cos(x) + C','cos(x) + C');
INSERT INTO Translation VALUES('f6a2b3c4-6666-4567-890a-bcdef012345a','-sin(x) + C','-sin(x) + C');
INSERT INTO Translation VALUES('f6a2b3c4-6666-4567-890a-bcdef012345b','tan(x) + C','tan(x) + C');
INSERT INTO Translation VALUES('f7a2b3c4-7777-4567-890a-bcdef0123456','Calculate [0,] sin(x) dx',' [0,] sin(x) dx');
INSERT INTO Translation VALUES('f8a2b3c4-8888-4567-890a-bcdef0123456','If f(x) = 3x + 2x, calculate [0,1] f(x) dx',' f(x) = 3x + 2x,  [0,1] f(x) dx');
INSERT INTO Translation VALUES('f9a2b3c4-9999-4567-890a-bcdef0123456','What is [1,e] (1/x) dx?','  [1,e] (1/x) dx?');
INSERT INTO Translation VALUES('faa2b3c4-aaaa-4567-890a-bcdef0123456','The Fundamental Formula states that if F is an antiderivative of f, then which statement is true?','    F     f,    ?');
INSERT INTO Translation VALUES('faa2b3c4-aaaa-4567-890a-bcdef0123458','The definite integral equals the difference of antiderivative values at the bounds','       ');
INSERT INTO Translation VALUES('faa2b3c4-aaaa-4567-890a-bcdef0123459','The definite integral equals the sum of antiderivative values at the bounds','       ');
INSERT INTO Translation VALUES('faa2b3c4-aaaa-4567-890a-bcdef012345a','The definite integral equals the product of antiderivative values at the bounds','        ');
INSERT INTO Translation VALUES('faa2b3c4-aaaa-4567-890a-bcdef012345b','The definite integral equals the derivative of F at the bounds','     F ');
INSERT INTO Translation VALUES('fba2b3c4-bbbb-4567-890a-bcdef0123456','Calculate [0,4] x dx',' [0,4] x dx');
INSERT INTO Translation VALUES('fca2b3c4-cccc-4567-890a-bcdef0123456','If [a,b] f(x) dx = 0, what can we conclude about the function f on [a,b]?',' [a,b] f(x) dx = 0,      f -[a,b]?');
INSERT INTO Translation VALUES('fca2b3c4-cccc-4567-890a-bcdef0123458','The net area between f and the x-axis is zero','   f  x  ');
INSERT INTO Translation VALUES('fca2b3c4-cccc-4567-890a-bcdef0123459','f(x) = 0 for all x in [a,b]','f(x) = 0  x -[a,b]');
INSERT INTO Translation VALUES('fca2b3c4-cccc-4567-890a-bcdef012345a','f is constant on [a,b]','f  -[a,b]');
INSERT INTO Translation VALUES('fca2b3c4-cccc-4567-890a-bcdef012345b','f is not integrable on [a,b]','f   -[a,b]');
INSERT INTO Translation VALUES('fda2b3c4-dddd-4567-890a-bcdef0123456','Calculate [0,/2] cos(x) dx',' [0,/2] cos(x) dx');
INSERT INTO Translation VALUES('fea2b3c4-eeee-4567-890a-bcdef0123456','What is the antiderivative of e^x?','    e^x?');
INSERT INTO Translation VALUES('fea2b3c4-eeee-4567-890a-bcdef0123458','e^x + C','e^x + C');
INSERT INTO Translation VALUES('fea2b3c4-eeee-4567-890a-bcdef0123459','xe^x + C','xe^x + C');
INSERT INTO Translation VALUES('fea2b3c4-eeee-4567-890a-bcdef012345a','e^x/x + C','e^x/x + C');
INSERT INTO Translation VALUES('fea2b3c4-eeee-4567-890a-bcdef012345b','ln(e^x) + C','ln(e^x) + C');
INSERT INTO Translation VALUES('ffa2b3c4-ffff-4567-890a-bcdef0123456','Calculate [1,2] (x - x) dx',' [1,2] (x - x) dx');
INSERT INTO Translation VALUES('f0a2b3c4-0000-4567-890a-bcdef0123456','Which condition is necessary for the Fundamental Formula to apply?','      ?');
INSERT INTO Translation VALUES('f0a2b3c4-0000-4567-890a-bcdef0123458','f must be continuous on [a,b]','f    -[a,b]');
INSERT INTO Translation VALUES('f0a2b3c4-0000-4567-890a-bcdef0123459','f must be differentiable on [a,b]','f    -[a,b]');
INSERT INTO Translation VALUES('f0a2b3c4-0000-4567-890a-bcdef012345a','f must be positive on [a,b]','f    -[a,b]');
INSERT INTO Translation VALUES('f0a2b3c4-0000-4567-890a-bcdef012345b','f must be bounded on [a,b]','f    -[a,b]');
INSERT INTO Translation VALUES('156dd85f-06f1-4f57-a607-e039b36a0430','If F''(x) = x and F(0) = 5, what is F(2)?',' F''(x) = x -F(0) = 5,   F(2)?');
INSERT INTO Translation VALUES('bdfd1e42-cc07-4ab0-9364-d31e5de52c85','Calculate [0,1] (2x + 3) dx',' [0,1] (2x + 3) dx');
INSERT INTO Translation VALUES('6f0fbbb9-0794-41bd-aa92-0b98d3e2fdf2','What is the relationship between differentiation and integration according to the Fundamental Formula?','       ?');
INSERT INTO Translation VALUES('cf2d673d-eff4-4b8f-aa69-914975c8a1b1','They are inverse operations','  ');
INSERT INTO Translation VALUES('4ed499f6-0427-40c1-85a6-7ed9c70ec41a','They are identical operations','  ');
INSERT INTO Translation VALUES('9e2d6857-e550-4160-bb86-239c017767b2','They are unrelated operations','   ');
INSERT INTO Translation VALUES('46d4b18f-70a7-439b-b13f-d770b86e1932','They can only be used together','    ');
INSERT INTO Translation VALUES('c3d4e5f6-7a8b-4c9d-ae1f-3a4b5c6d7e8f','What is a binary tree','   ');
INSERT INTO Translation VALUES('125ce73c-d805-4b59-964f-803622af970f','A tree where each node has at most two children','        ');
INSERT INTO Translation VALUES('9ee2bfb0-d61f-4868-9043-fda35f4ac4a0','A tree where each node has exactly two children','       ');
INSERT INTO Translation VALUES('cbaa37dd-3e2a-4f98-bbf3-f7d222f51941','A tree with only binary data','    ');
INSERT INTO Translation VALUES('eb7ecfd5-e0f6-4015-a11a-e95ecdf10111','A tree with two root nodes','    ');
INSERT INTO Translation VALUES('d4e5f6a7-8b9c-4dae-af2a-4b5c6d7e8f90','What is the root of a binary tree','     ');
INSERT INTO Translation VALUES('5df906fb-8847-4838-abea-4e3938520485','The topmost node in the tree','   ');
INSERT INTO Translation VALUES('b8bd7fdc-2702-4573-b59e-6be89c72326f','The bottommost node in the tree','   ');
INSERT INTO Translation VALUES('60f64bba-18b7-461b-9df3-f9e090199550','Any node with two children','    ');
INSERT INTO Translation VALUES('4d24ab4e-0ff2-49aa-bfbc-67f3b3a4ac05','A node with no parent and no children','    ');
INSERT INTO Translation VALUES('e5f6a7b8-9cad-4e1f-aa3b-5c6d7e8f9aab','What is a leaf node in a binary tree','     ');
INSERT INTO Translation VALUES('7f9c1e3a-ad2f-4e5a-9b4c-8c9d1e2f3a4b','A node with no children','  ');
INSERT INTO Translation VALUES('8aad2f3b-1e4c-4f6b-ac5d-9d1e2f3a4b5c','A node with two children','   ');
INSERT INTO Translation VALUES('9b1e3c4d-2f5e-4a7c-ad6e-ae2f3a4b5c6d','The root node',' ');
INSERT INTO Translation VALUES('ac2f4d5e-3a6f-418d-ae7f-1f3a4b5c6d7e','A node with one child','   ');
INSERT INTO Translation VALUES('f6a7b8c9-ad1e-4f2a-ab4c-6d7e8f9aab1c','What is the maximum number of children a node can have in a binary tree','         ');
INSERT INTO Translation VALUES('a7b8c9da-1e2f-4a3b-ac5d-7e8f9aab1c2d','What is the height of a binary tree with only one node (the root)','         ()');
INSERT INTO Translation VALUES('b8c9daeb-2f3a-4b5c-ad7e-8f9aab1c2d3e','In-order traversal of a binary tree visits nodes in which order',' in-order      ');
INSERT INTO Translation VALUES('1d3f5a7c-4e6b-417e-ab5c-2f3a4b5c6d7e','Left subtree, Root, Right subtree','- , , - ');
INSERT INTO Translation VALUES('2e4a6b8d-5f7c-428f-ac6d-3a4b5c6d7e8f','Root, Left subtree, Right subtree',', - , - ');
INSERT INTO Translation VALUES('3f5b7c9e-6a8d-439a-ad7e-4b5c6d7e8f9a','Left subtree, Right subtree, Root','- , - , ');
INSERT INTO Translation VALUES('4a6c8eaa-7b9e-44ab-ae8f-5c6d7e8f9aab','Right subtree, Root, Left subtree','- , , - ');
INSERT INTO Translation VALUES('c9dae1f2-3a4b-4c6d-ae8f-9aab1c2d3e4f','What is the time complexity of searching in a balanced binary search tree','        ');
INSERT INTO Translation VALUES('5b7d9f1b-8caf-45bc-af9a-8d7e8f9aab1c','O(log n)','O(log n)');
INSERT INTO Translation VALUES('6c8eaa2c-9d1a-46cd-aaab-8e8f9aab1c2d','O(n)','O(n)');
INSERT INTO Translation VALUES('7d9f1b3d-ae2b-47de-ab1c-8f9aab1c2d3e','O(1)','O(1)');
INSERT INTO Translation VALUES('744e652c-6228-42ea-bbaf-6d3b65eac599','O(n)','O(n)');
INSERT INTO Translation VALUES('9e5399fe-0617-4bf6-9c39-037987c4a092','What is a complete binary tree','    ');
INSERT INTO Translation VALUES('9f1b3d5f-2a4d-49fa-8d3e-aab1c2d3e4f5','All levels are filled except possibly the last level which is filled from left to right','         ');
INSERT INTO Translation VALUES('aa2c4e6a-3b5e-4aab-9e4f-1c2d3e4f5a6b','All internal nodes have exactly two children','      ');
INSERT INTO Translation VALUES('1b3d5f7b-4c6f-41bc-af5a-2d3e4f5a6b7c','All leaves are at the same level','   ');
INSERT INTO Translation VALUES('75f031c8-3a7d-4f09-8e5d-d71144e158b4','The tree has exactly 2^n - 1 nodes','   2^n - 1 ');
INSERT INTO Translation VALUES('a35ba03a-aedc-49c0-9b01-81826ec66d1a','In a binary search tree, all values in the left subtree are','  ,   -  ');
INSERT INTO Translation VALUES('3a1fcd00-cd75-4323-8d58-963090db7050','Less than the root',' ');
INSERT INTO Translation VALUES('8914a2f1-3f3d-484c-8c79-4d4d2982f6f3','Greater than the root',' ');
INSERT INTO Translation VALUES('9425e428-80a9-42f2-b37d-be8d6bb3b2ef','Equal to the root',' ');
INSERT INTO Translation VALUES('e8d66329-b02d-492a-bdf5-d9bc846a33bc','Either less than or equal to the root','   ');
INSERT INTO Translation VALUES('90c1e7a5-1ccd-43ad-80ab-966fc1075ede','What is the maximum height of a binary tree with n nodes','       n ');
INSERT INTO Translation VALUES('6c5b287b-818c-489d-abaa-aff849761944','n - 1','n - 1');
INSERT INTO Translation VALUES('0850dc51-9785-4211-833e-ad4ee9090774','log n','log n');
INSERT INTO Translation VALUES('9d1f3b5d-2e4b-49de-8b3c-af1a2b3c4d5e','n','n');
INSERT INTO Translation VALUES('ae2a4c6e-3f5c-4aef-9c4d-1a2b3c4d5e6f','2^n - 1','2^n - 1');
INSERT INTO Translation VALUES('b8355891-bf40-4cab-bb18-9c984162adaa','What is the minimum number of nodes in a binary tree of height h','        h');
INSERT INTO Translation VALUES('8e4d4c7e-b1e7-4f7b-8aee-c4672c39b627','h + 1','h + 1');
INSERT INTO Translation VALUES('f1d617a8-b1dc-4309-9244-5e0ea8ed7665','2^h','2^h');
INSERT INTO Translation VALUES('a5f72239-5ac1-4f96-9d0e-c437cb989844','2^(h+1) - 1','2^(h+1) - 1');
INSERT INTO Translation VALUES('4b846021-f845-495d-a89f-e035b2aeb29c','h','h');
INSERT INTO Translation VALUES('12b9d127-9307-443c-9e78-4815e95ea37c','What is pre-order traversal of a binary tree','   pre-order  ');
INSERT INTO Translation VALUES('481abb64-299e-4f31-8b90-567152d1207d','Preorder traversal: Root, Left subtree, Right subtree',' -: , - , - ');
INSERT INTO Translation VALUES('babccdde-ef6a-4b7c-8d9e-af1a2b3c4d5e','Inorder traversal: Left subtree, Root, Right subtree',' : - , , - ');
INSERT INTO Translation VALUES('bccddeef-fa7b-4c8d-9eaf-1a2b3c4d5e6f','Postorder traversal: Left subtree, Right subtree, Root',' -: - , - , ');
INSERT INTO Translation VALUES('cddeeffe-ab8c-4d9e-af1a-2b3c4d5e6f7a','Right-first traversal: Right subtree, Root, Left subtree',' -: - , , - ');
INSERT INTO Translation VALUES('edd08bc2-189d-4490-809f-f4d7a8fd8593','What is post-order traversal of a binary tree','   post-order  ');
INSERT INTO Translation VALUES('9d6a7d6a-1580-49b2-acaf-dbbf910d224a','LRN traversal: Left subtree, Right subtree, Root',' LRN: - , - , ');
INSERT INTO Translation VALUES('7662d518-d21e-4276-8583-e296a833e0fb','NLR traversal: Root, Left subtree, Right subtree',' NLR: , - , - ');
INSERT INTO Translation VALUES('cf4d252d-6a18-4676-95d9-a0c6cc195f38','LNR traversal: Left subtree, Root, Right subtree',' LNR: - , , - ');
INSERT INTO Translation VALUES('a7ee5bb5-5955-4860-9d3b-4daf4cb6d311','Right subtree, Left subtree, Root','- , - , ');
INSERT INTO Translation VALUES('33de9608-c021-4dec-920e-37d262ee045e','What is a perfect binary tree','    ');
INSERT INTO Translation VALUES('fbb38d7e-d4a4-470b-9f75-6c0fe51d8908','All internal nodes have exactly two children and all leaves are at the same level','          ');
INSERT INTO Translation VALUES('ccddeeef-cd7e-4f7a-8b9c-adaebfcadbec','All nodes have exactly two children','     ');
INSERT INTO Translation VALUES('ddeeeff1-de8f-4a8b-9cad-aebfcadbecfd','The tree is completely filled','  ');
INSERT INTO Translation VALUES('eeff1a2b-ef9a-4b9c-adae-bfcadbecfdae','All tree leaves are at the same level','     ');
INSERT INTO Translation VALUES('ff1a2b3c-fa1b-4cad-aebf-cadbecfdaebf','What is the space complexity of in-order traversal using recursion','     in-order  ');
INSERT INTO Translation VALUES('1a2b3c4d-ab2c-4dae-bfca-dbecfdaebfca','O(h) where h is the height of the tree','O(h)  h    ');
INSERT INTO Translation VALUES('8e04d693-f706-42ac-8579-8b3942c7d1ad','O(n) time complexity','O(n)  ');
INSERT INTO Translation VALUES('46c5a609-d0bf-4603-9295-86e2c1fc4e22','O(log n) time complexity','O(log n)  ');
INSERT INTO Translation VALUES('7425368c-4518-4ca2-8048-421d59256250','O(1) time complexity','O(1)  ');
INSERT INTO Translation VALUES('e3780ebf-3209-4106-a36a-a598c3d8f597','In which case is a binary search tree most efficient','      ');
INSERT INTO Translation VALUES('6f7a8b9c-fa7b-4cfd-aebf-cadbecfdaebf','When the tree is balanced','  ');
INSERT INTO Translation VALUES('7a8b9cad-ab8c-4dae-bfca-dbecfdaebfca','When the tree is skewed','  ');
INSERT INTO Translation VALUES('32ecd65a-9b64-4f7f-8fb3-0d8d4c39f137','When the tree has only one node','     ');
INSERT INTO Translation VALUES('b9d6f531-df8a-40b8-aa40-a1a352f9a83e','When all nodes have the same value','     ');
INSERT INTO Translation VALUES('d539a47b-7159-46ac-8a7d-c503d0b9391e','What is the worst-case time complexity for insertion in a binary search tree','        ');
INSERT INTO Translation VALUES('f30ba948-1f87-451a-b246-ca5159ceebc8','O(n) complexity','O(n) ');
INSERT INTO Translation VALUES('aebfcadb-fa4b-4cfd-aebf-cadbecfdaebf','O(log n) complexity','O(log n) ');
INSERT INTO Translation VALUES('ebfcadbe-ab5c-4dae-bfca-dbecfdaebfca','O(1) complexity','O(1) ');
INSERT INTO Translation VALUES('d8c27541-cde9-4ba4-bc95-f5844490dafc','O(n) time complexity','O(n)  ');
INSERT INTO Translation VALUES('173380f3-cb2d-4153-855b-cd24f508fcc9','What is the purpose of balancing a binary search tree','      ');
INSERT INTO Translation VALUES('ec4e47a5-9fb3-4811-9586-9e6873b1b1e0','To ensure O(log n) time complexity for operations','   O(log n) ');
INSERT INTO Translation VALUES('ae934e7c-e3c9-4077-a22d-a1e595e9ee8d','To minimize memory usage','    ');
INSERT INTO Translation VALUES('dbecfdae-fa1b-4cfd-aebf-cadbecfdaebf','To make the tree look symmetrical','   ');
INSERT INTO Translation VALUES('becfdaeb-ab2c-4dae-bfca-dbecfdaebfca','To allow duplicate values','   ');
INSERT INTO Translation VALUES('8a1f5b74-e1c7-4502-9b9f-6975050900f2','Which traversal method would you use to copy a binary tree','       ');
INSERT INTO Translation VALUES('08810a27-f508-4cfe-8c65-c228495ea447','Pre-order traversal',' pre-order');
INSERT INTO Translation VALUES('9d407a36-5e79-44f2-b10a-1f59a89231a2','In-order traversal',' in-order');
INSERT INTO Translation VALUES('1f55501d-8482-43b8-9d49-dfc3f6a98212','Post-order traversal',' post-order');
INSERT INTO Translation VALUES('aebfcadb-fa7b-4cfd-aebf-cadbecfdaebf','Level-order traversal',' level-order');
INSERT INTO Translation VALUES('b665e731-2442-4bbe-8454-599af60e1454','Matrix Algebra',' ');
INSERT INTO Translation VALUES('52c4d70d-5b41-40eb-841a-d655bee0ded0','What is the determinant of the matrix [[1,2],[3,4]]?','    [[1,2],[3,4]]?');
INSERT INTO Translation VALUES('e52169d0-cba2-4889-b327-3a2f610df34f','What is the determinant of the matrix [[2,3],[1,5]]?','    [[2,3],[1,5]]?');
INSERT INTO Translation VALUES('4817954c-91ff-460d-a69b-a50507781d48','What is the determinant of the matrix [[0,1],[-1,3]]?','    [[0,1],[-1,3]]?');
INSERT INTO Translation VALUES('3ed9edf5-6783-4a6c-8421-5b6e39f4416e','What is the determinant of the matrix [[4,7],[2,6]]?','    [[4,7],[2,6]]?');
INSERT INTO Translation VALUES('9da9bb06-7c47-49e0-8e5f-2d705b8e0c65','What is the determinant of the matrix [[5,2],[7,3]]?','    [[5,2],[7,3]]?');
INSERT INTO Translation VALUES('96d606d2-95d4-42bf-b6bd-40e20deea584','What is the determinant of the matrix [[3,8],[4,6]]?','    [[3,8],[4,6]]?');
INSERT INTO Translation VALUES('055356ae-1862-4150-8b82-2f53f3abd864','What is the determinant of the matrix [[2,0],[5,-1]]?','    [[2,0],[5,-1]]?');
INSERT INTO Translation VALUES('fb6d6ef9-dd8e-4e77-969d-bbe4b2c65a8a','What is the determinant of the matrix [[-1,4],[2,-3]]?','    [[-1,4],[2,-3]]?');
INSERT INTO Translation VALUES('8ddfb44e-b729-4d52-946b-ccef0fdc7639','What is the determinant of the matrix [[6,1],[4,2]]?','    [[6,1],[4,2]]?');
INSERT INTO Translation VALUES('08eb3b54-0990-4767-a1bc-f06af3845a4b','What is the determinant of the matrix [[3,5],[7,1]]?','    [[3,5],[7,1]]?');
INSERT INTO Translation VALUES('abebb16a-625f-46bc-86f7-8d62b26a0068','What is the determinant of the matrix [[1,0,2],[-1,3,1],[3,1,0]]?','    [[1,0,2],[-1,3,1],[3,1,0]]?');
INSERT INTO Translation VALUES('6418770c-9dc3-46fe-a975-c9cf96a1e6e1','What is the determinant of the matrix [[2,-1,0],[1,3,4],[5,2,1]]?','    [[2,-1,0],[1,3,4],[5,2,1]]?');
INSERT INTO Translation VALUES('0f2a875a-76ae-4d97-af58-6ad023ca5097','What is the determinant of the matrix [[1,2,3],[0,1,4],[5,6,0]]?','    [[1,2,3],[0,1,4],[5,6,0]]?');
INSERT INTO Translation VALUES('ce287b90-6484-4619-b3e0-96c3a9a246c0','What is the determinant of the matrix [[2,1,3],[0,4,5],[6,7,8]]?','    [[2,1,3],[0,4,5],[6,7,8]]?');
INSERT INTO Translation VALUES('2343d8a5-264f-4cfd-a3d1-fbe415d5ce54','What is the determinant of the matrix [[1,4,7],[2,5,8],[3,6,9]]?','    [[1,4,7],[2,5,8],[3,6,9]]?');
INSERT INTO Translation VALUES('f70a4043-8eea-48ce-80cb-9dd68f0075c8','What is the determinant of the matrix [[3,0,2],[2,0,-2],[0,1,1]]?','    [[3,0,2],[2,0,-2],[0,1,1]]?');
INSERT INTO Translation VALUES('06575de9-99ef-407f-ab59-8046e2467450','What is the determinant of the matrix [[1,2,0],[0,3,4],[5,6,0]]?','    [[1,2,0],[0,3,4],[5,6,0]]?');
INSERT INTO Translation VALUES('6d8f2416-61eb-4d7c-9499-af265f0e2bbf','What is the determinant of the matrix [[2,5,3],[1,-2,0],[3,4,1]]?','    [[2,5,3],[1,-2,0],[3,4,1]]?');
INSERT INTO Translation VALUES('428ea415-923a-4fb6-be7d-510a569bcb3b','What is the determinant of the matrix [[1,2,1],[0,1,0],[2,3,4]]?','    [[1,2,1],[0,1,0],[2,3,4]]?');
INSERT INTO Translation VALUES('b70fe21c-11f4-4122-98bf-8594a2412f68','What is the determinant of the matrix [[4,1,2],[0,3,1],[2,0,5]]?','    [[4,1,2],[0,3,1],[2,0,5]]?');
INSERT INTO Translation VALUES('f0e6f719-8309-4215-af93-273ddb0a0a4b','What is the determinant of the matrix [[2,-1,3],[0,4,-2],[1,5,0]]?','    [[2,-1,3],[0,4,-2],[1,5,0]]?');
INSERT INTO Translation VALUES('edefe330-a9bc-4eda-94e9-9fd172313023','What is the determinant of the matrix [[3,2,1],[1,0,4],[2,5,6]]?','    [[3,2,1],[1,0,4],[2,5,6]]?');
INSERT INTO Translation VALUES('acad4524-e5c5-418e-9049-f4cc51e3fbd9','What is the determinant of the matrix [[0,2,1],[3,1,4],[5,-2,0]]?','    [[0,2,1],[3,1,4],[5,-2,0]]?');
INSERT INTO Translation VALUES('2d1da962-4d25-4cde-8a06-9d338b07fe3c','What is the determinant of the matrix [[1,4,2],[2,1,3],[3,5,6]]?','    [[1,4,2],[2,1,3],[3,5,6]]?');
INSERT INTO Translation VALUES('cfca8708-73de-4f07-be3d-7ab69a4e3725','What is the determinant of the matrix [[2,3,1],[4,1,5],[6,2,0]]?','    [[2,3,1],[4,1,5],[6,2,0]]?');
INSERT INTO Translation VALUES('e7c0b8ce-e03c-40ba-8c89-53bff74528e2','What is the determinant of the matrix [[4,2,-1],[3,5,2],[1,0,6]]?','    [[4,2,-1],[3,5,2],[1,0,6]]?');
INSERT INTO Translation VALUES('690c8cae-2262-42be-8451-e858a386a2a7','What is the determinant of the matrix [[1,3,5],[2,4,6],[7,8,9]]?','    [[1,3,5],[2,4,6],[7,8,9]]?');
INSERT INTO Translation VALUES('87681174-9ddf-4cb4-b79d-dade47e59670','What is the determinant of the matrix [[2,4,6],[1,-1,0],[3,5,7]]?','    [[2,4,6],[1,-1,0],[3,5,7]]?');
INSERT INTO Translation VALUES('d983d39d-c906-4e43-a213-e25317ca85ad','What is the determinant of the matrix [[3,1,2],[4,2,3],[5,0,1]]?','    [[3,1,2],[4,2,3],[5,0,1]]?');
INSERT INTO Translation VALUES('7bd38a61-eae0-4790-818d-98bdda27f2fe','What is the determinant of the matrix [[5,2,1],[0,3,4],[2,1,0]]?','    [[5,2,1],[0,3,4],[2,1,0]]?');
INSERT INTO Translation VALUES('6e8bdbda-dffc-43bf-ba78-28fc024ac8b9','Linear Equations',' ');
INSERT INTO Translation VALUES('4c1dfb25-25a7-4d2c-9d97-a6df46feb3f4','Probability Basics',' ');
INSERT INTO Translation VALUES('307b002b-ed58-4612-bd5e-9d189ff11db0','Is x=2 a solution to 3x-6=0',' x=2    3x-6=0');
INSERT INTO Translation VALUES('b3a07885-f515-4a33-ac10-5c92695d0172','Is x=4 a solution to 2x+1=9',' x=4    2x+1=9');
INSERT INTO Translation VALUES('b84aaec3-5374-460e-abc7-dd26801acc97','Is x=1 a solution to 5x+2=12',' x=1    5x+2=12');
INSERT INTO Translation VALUES('9ebf3fd4-4f97-42fb-aef5-a5c133c95c09','Is x=3 a solution to x/2-3=1',' x=3    x/2-3=1');
INSERT INTO Translation VALUES('4e5741bc-dbe6-4590-913f-9926f6adcfe7','Is x=3 and y=2 a solution to system x+y=5 and x-y=1',' x=3  y=2    x+y=5  x-y=1');
INSERT INTO Translation VALUES('daaefdba-936f-43b0-8fca-e5a0000f7ef2','Is x=1 and y=1 a solution to system 2x+3y=6 and x-y=0',' x=1  y=1    2x+3y=6  x-y=0');
INSERT INTO Translation VALUES('adb534c9-ed46-4cac-b3a2-3bb5bac43fda','Is x=1 a solution to 7x-4=3',' x=1    7x-4=3');
INSERT INTO Translation VALUES('1e25b879-86db-44e8-a04a-00d9dabe0a43','Is x=0 a solution to 4x+5=5',' x=0    4x+5=5');
INSERT INTO Translation VALUES('c517c697-0854-4307-931b-0d4d24e3f568','Is x=1 and y=0 a solution to system x+y=1 and 2x+2y=2',' x=1  y=0    x+y=1  2x+2y=2');
INSERT INTO Translation VALUES('c4547ab8-2327-48e1-86ca-ece2f0df0e8d','Is x=1/3 a solution to 6x-2=1',' x=1/3    6x-2=1');
INSERT INTO Translation VALUES('8d3a08b5-5065-4cb7-8630-cc2f6cc13b53','In a fair coin toss is probability of heads 0.5','        0.5');
INSERT INTO Translation VALUES('9e6be0ca-8822-433b-9434-25faebe6ff2a','Is probability of rolling a 7 on a six sided die 1/6','   7      1/6');
INSERT INTO Translation VALUES('7bcb583d-015a-48bd-974f-d7ad92258dca','For two independent events each with probability 0.5 is probability that both occur 0.25','         0.5      0.25');
INSERT INTO Translation VALUES('742b4b5c-01c1-4429-9956-2cb32f0171f6','Is probability of drawing an ace from a standard deck 1/13','        1/13');
INSERT INTO Translation VALUES('55331a85-439b-4bd0-ac2e-81cb5bc530f2','Are events with probabilities 0.3 and 0.8 always mutually exclusive','    0.3  0.8  ');
INSERT INTO Translation VALUES('8bae3b74-c8c6-45ae-8c81-1165321012e0','Is expected value of a fair six sided die 3.5','         3.5');
INSERT INTO Translation VALUES('b3558a47-7c4b-42a7-a82e-872531ede471','Is variance of a fair six sided die 35/12','         35/12');
INSERT INTO Translation VALUES('30e153ce-be8a-4999-83db-08491ca78a16','Is probability of at least one tail in two fair coin tosses 0.75','          0.75');
INSERT INTO Translation VALUES('f9aa190e-6d9e-4c57-aa90-f40c605d7863','Is probability that a randomly chosen day of the week is weekend 2/7','          2/7');
INSERT INTO Translation VALUES('98d14525-2829-493d-ba8b-7a3c3981deb9','If event A has probability 0.4 is probability of its complement 0.7','  A  0.4    0.7');
INSERT INTO Translation VALUES('53ee56a0-ce58-498e-9eab-5d4b5979655b','Does geometric series sum from n=0 of (1/2)^n converge to 2','   (1/2)^n  n=0   2');
INSERT INTO Translation VALUES('4629eb56-9988-4784-9527-f01cc8b2b0a8','Is the series  1/n convergent','   1/n ');
INSERT INTO Translation VALUES('c9848308-6852-4a3c-ab16-649fae324e55','Does the sequence a_n=1/n converge to 0','  a_n=1/n   0');
INSERT INTO Translation VALUES('fdeed27d-2ead-4743-b772-545a7585c2ab','Is the series (-1)^n convergent','  (-1)^n ');
INSERT INTO Translation VALUES('af2d2a04-bf10-4cad-bbd1-8383ff2bd981','Is the sequence a_n=n^2 bounded','  a_n=n^2 ');
INSERT INTO Translation VALUES('bb6e2d5d-ed1e-46b5-a016-d1a1b21053eb','Does the series 1/n^2 converge','  1/n^2 ');
INSERT INTO Translation VALUES('8a8a4611-353d-4d9f-a19c-674dd54c68b8','Is limit of sequence (1+1/n)^n equal to e','    (1+1/n)^n   e');
INSERT INTO Translation VALUES('f8318255-f2f3-4c00-b628-1ef1371a2376','Does the series (-1)^n/n converge','  (-1)^n/n ');
INSERT INTO Translation VALUES('d8014943-6a36-4908-9aca-2923cf28452e','Is the sequence a_n=(-1)^n bounded','  a_n=(-1)^n ');
INSERT INTO Translation VALUES('a98199ac-0f21-4702-bfd4-95fc2667313a','Does a geometric series with ratio 2 converge','     2 ');
INSERT INTO Translation VALUES('5dc13d54-9817-451b-a07f-1155c8e3bc26','Implicit Function',' ');
INSERT INTO Translation VALUES('7a1446e4-14e7-4406-be95-3e291f8e3b6f','Implicit Function Theorem','  ');
INSERT INTO Translation VALUES('7bf24157-3dcb-404a-8a5c-f26112eed59b','Does the equation x + y = 1 define y implicitly as a function of x near (0,1)','  x + y = 1   y    x  (0,1)');
INSERT INTO Translation VALUES('2d72a787-0e33-4f8e-8f22-9f7b7b78c008','Is the equation x + y = -1 solvable for real y near x=0','  x + y = -1    y   x=0');
INSERT INTO Translation VALUES('85ffb5f4-01ce-4f4a-b7d4-f24d5e4f331f','Does the Implicit Function Theorem require F/y  0 at the point','       F/y    ');
INSERT INTO Translation VALUES('45f661e3-7c7f-4407-b41e-de05633e33f5','For F(x,y)=xy, is y uniquely an implicit function of x near (0,0)','  F(x,y)=xy  y      x  (0,0)');
INSERT INTO Translation VALUES('c8c4c26c-4963-430a-a3ce-5cfb8bb5175c','Does y - x = 0 define a smooth implicit function y(x)',' y - x = 0     y(x)');
INSERT INTO Translation VALUES('f5c0953f-12fc-4a54-8c6f-9b585ee16089','Is y implicitly differentiable from x + y - 1 = 0 near (0,1)',' y     x + y - 1 = 0  (0,1)');
INSERT INTO Translation VALUES('c8db2563-fc3b-424d-aee8-85dbf55c4870','Can y = x define a differentiable function near x=0',' y = x      x=0');
INSERT INTO Translation VALUES('5f506319-fea0-4734-89df-3b38fde94097','If F/y = 0 at a point, can the Implicit Function Theorem still guarantee a solution',' F/y = 0        ');
INSERT INTO Translation VALUES('01ab283c-1c72-413c-bb51-fe35e72f770a','Are implicit functions always defined on an entire domain','       ');
INSERT INTO Translation VALUES('d4540e69-ff6a-4e8c-af32-70aaafdc6db7','Does the theorem apply to F(x,y)=y - sin x at (0,0)','    F(x,y)=y - sin x  (0,0)');
INSERT INTO Translation VALUES('2f243a6e-e9b6-402c-9dc8-877329a4552c','For e + x = 0, is y an implicit function near x=-1','  e + x = 0  y     x=-1');
INSERT INTO Translation VALUES('99dca6c8-4110-4942-abb4-7ed9a90fc0f7','Does y + y + x = 0 define y(x) implicitly near x=0',' y + y + x = 0   y(x)   x=0');
INSERT INTO Translation VALUES('70da8c16-ccea-4be6-a66f-2a2f20dfe11f','In F(x,y)=y + x, is F/y at (0,0) nonzero',' F(x,y)=y + x   F/y  (0,0)  ');
INSERT INTO Translation VALUES('5bfed97c-42a6-47f0-a227-d65c6ca820b8','Can implicit differentiation find dy/dx from x + y = 4','       dy/dx   x + y = 4');
INSERT INTO Translation VALUES('8bf1dbd5-ded2-4fd1-ae74-9dbc568bbeb8','Is dy/dx for x + y = 4 equal to -x/y',' dy/dx  x + y = 4  -x/y');
INSERT INTO Translation VALUES('76359b63-9dff-4951-a709-1fa9f1da15cd','For xy + y = 0, is dy/dx at (0,0) defined','  xy + y = 0  dy/dx  (0,0)');
INSERT INTO Translation VALUES('f8dd7b41-e765-4642-a93e-3a6581f1e951','Does y = cos x represent an implicit function',' y = cos x   ');
INSERT INTO Translation VALUES('42ab3dce-9ff9-48bf-b493-0a65134ddfe5','Does every implicit function require solving a polynomial equation','        ');
INSERT INTO Translation VALUES('0e7f7b9b-8cab-4777-af79-cd0631de5bdf','Is the Implicit Function Theorem valid in  for n greater than 2','       n  2');
INSERT INTO Translation VALUES('91abfa9b-abcc-4d9d-83f5-a757b29d1dce','Can the theorem be used to solve for multiple variables simultaneously','         ');
INSERT INTO Translation VALUES('97ffc6c0-fea5-4331-94cd-20208fa3e1b3','Is a nonzero Jacobian determinant required for the multivariable theorem','          ');
INSERT INTO Translation VALUES('1a7c9510-7498-4c83-b135-be80383a9933','Does F(x,y)=y - x have a differentiable solution y(x) near (0,0)',' F(x,y)=y - x   y(x)   (0,0)');
INSERT INTO Translation VALUES('96c2ed26-f52c-4882-b069-f1cdd702351c','Does ln(x) + y = 0 require implicit differentiation to find dy/dx',' ln(x) + y = 0      dy/dx');
INSERT INTO Translation VALUES('df699b8f-89e5-4120-b1b7-231194efda99','Does the Implicit Function Theorem guarantee a unique implicit function','       ');
INSERT INTO Translation VALUES('377643db-0732-4680-9d7f-9fcd3eb21049','For x + y + z = 0, can z be written as an implicit function of x and y','   x + y + z = 0    z    x y');
INSERT INTO Translation VALUES('7fd20a5e-4ca6-4084-842d-d450283668b8','Does x + y = 0 define y as a function of x near x=0',' x + y = 0   y   x  x=0');
INSERT INTO Translation VALUES('f849a09a-d365-4d31-bc5f-a847a105bf0b','In xy = 1, is dy/dx equal to -y/x',' xy = 1  dy/dx = -y/x');
INSERT INTO Translation VALUES('6253f99d-4672-4816-960b-5013c7840a50','For y + x y + x = 0, is dy/dx defined at (0,0)','  y + x y + x = 0  dy/dx  (0,0)');
INSERT INTO Translation VALUES('b8f34e32-e2fa-414e-9ec4-87f29b007839','Does the theorem ensure existence of derivatives for implicit functions','      ');
INSERT INTO Translation VALUES('4f6d44db-249e-48de-a23a-507f14b9d354','If F(x,y)=0 defines y(x), is dy/dx equal to -F_x/F_y when F_y  0',' F(x,y)=0   y(x)  dy/dx  -F_x/F_y  F_y  0');
INSERT INTO Translation VALUES('c6871315-ca77-4b15-b894-58a0b88e74e8','Vector Spaces',' ');
INSERT INTO Translation VALUES('2f476947-15fa-4c9c-9f27-90a640ed9f21','Eigenvalues and Eigenvectors','   ');
INSERT INTO Translation VALUES('fe824c71-d84b-4ffb-a721-510283887674','Diagonalization','');
INSERT INTO Translation VALUES('e90a8ca3-1918-4cd3-a96f-6ef2896dc020','Is the set of all linear combinations of given vectors called their span','           ');
INSERT INTO Translation VALUES('770c542e-e56e-4822-8c31-4fd1f1563355','Does every vector space have a basis','     ');
INSERT INTO Translation VALUES('c97bb73c-5d05-407d-85a9-61994c46bcc3','Is the zero vector required in every subspace','     ');
INSERT INTO Translation VALUES('032b3716-0912-4800-b1b5-b9a8d08dbcf3','Can linearly dependent vectors form a basis','      ');
INSERT INTO Translation VALUES('fb793e45-1e34-499b-a568-ded5beb466dc','Is the dimension of ^3 equal to 3','   ^3  3');
INSERT INTO Translation VALUES('58901428-472f-40e9-996b-ca45302894db','Are the standard basis vectors in ^2 linearly independent','    ^2    ');
INSERT INTO Translation VALUES('c8ec3add-8f51-484c-b47b-f51323be523f','Does adding a vector to a basis always keep it a basis','       ');
INSERT INTO Translation VALUES('a7db6a88-ff8d-4917-ace1-a376a8c97d42','Is the empty set a basis of the zero vector space','        ');
INSERT INTO Translation VALUES('2b903c79-1786-451f-a5ad-52591230b567','Are two different bases of a vector space always of the same size','          ');
INSERT INTO Translation VALUES('565f4f02-22dc-49e8-8b55-9ecf7988d254','Can a vector space over  have an infinite basis','        ');
INSERT INTO Translation VALUES('b6935507-f538-48f9-95bd-830923a12cfd','Is  an eigenvalue if there exists a nonzero vector v such that Av = v','           Av = v');
INSERT INTO Translation VALUES('709285d5-4d1e-48d8-bf2c-67b79f6ebd2e','Can a matrix have more eigenvectors than eigenvalues','         ');
INSERT INTO Translation VALUES('64604d61-a769-48ad-b6dc-2a720b0c8741','Are eigenvectors corresponding to distinct eigenvalues always linearly independent','          ');
INSERT INTO Translation VALUES('3e03bb09-da62-44cc-9e6d-9fd176b18a2c','Is the determinant of A - I equal to zero for an eigenvalue ','   A - I      ');
INSERT INTO Translation VALUES('0c00cf37-667d-4b05-9ddd-82916562e13f','Can a real matrix have complex eigenvalues','       ');
INSERT INTO Translation VALUES('13ae2623-d9e9-4bda-a8ac-527341720eee','Is every eigenvector also an eigenvalue','       ');
INSERT INTO Translation VALUES('cf0ced9c-a271-40f8-a055-7b1ceafc3845','Do eigenvectors corresponding to the same eigenvalue form a subspace','        ');
INSERT INTO Translation VALUES('551ea0aa-3ca8-42bf-8b9c-8aac63e8d68c','Is the trace of a matrix the product of its eigenvalues','       ');
INSERT INTO Translation VALUES('511b4088-781e-4f74-8d1a-49df93d20be7','Can a defective matrix be diagonalizable','      ');
INSERT INTO Translation VALUES('0c08bdf7-617e-4947-b38b-f1803cbdf08b','Is an eigenvalue of A^2 equal to the square of an eigenvalue of A','    A^2      A');
INSERT INTO Translation VALUES('944c8356-0a34-4cf5-b343-36ec4f54f662','Is a matrix diagonalizable if it has n linearly independent eigenvectors','       n     ');
INSERT INTO Translation VALUES('e30be03f-cdbf-4682-a390-11dfcbb34b70','Are all symmetric matrices diagonalizable over ','       ');
INSERT INTO Translation VALUES('300a9d3c-d08f-4b8f-b20a-2b41a3873f8e','Can a matrix with a repeated eigenvalue be non-diagonalizable','          ');
INSERT INTO Translation VALUES('a198c112-0a4a-48bf-9328-570015f9cb95','Is diagonalization possible if the minimal polynomial has distinct linear factors','         ');
INSERT INTO Translation VALUES('56539258-7920-4bff-8966-b11b25cb33fe','Is every diagonalizable matrix invertible','      ');
INSERT INTO Translation VALUES('415f4e11-288e-4cf4-acd3-de241a2fc634','Does a diagonalizable matrix necessarily commute with all matrices','        ');
INSERT INTO Translation VALUES('9284f0bd-288f-43d4-8175-64d973b92d4a','Can a matrix be diagonalized by a similarity transformation','       ');
INSERT INTO Translation VALUES('ccb992bc-81f3-4678-87f7-764957fffc6d','Are orthogonal matrices always diagonalizable over ','       ');
INSERT INTO Translation VALUES('ab4f4fff-6fde-4154-8cf7-cc009ced31d5','Is a diagonal matrix already diagonalizable','      ');
INSERT INTO Translation VALUES('dee66e0f-60b1-40aa-832a-1106870a039c','Does diagonalization simplify computing matrix powers','       ');
INSERT INTO Translation VALUES('3c4d5f6a-8b9c-4d0e-af2b-3c4d5f6a8b9c','Topics in Applied Mathematics','  ');
INSERT INTO Translation VALUES('F3D76731-C3DB-4937-8671-05063BE4D25A','Derivative','');
INSERT INTO Translation VALUES('53027035-4b33-4f6c-8bbe-98153be21a95','Derivatives','');
INSERT INTO Translation VALUES('3f075b98-7e6e-4a47-b912-971d16b6d13a','Continuity','');
INSERT INTO Translation VALUES('d0a6d4b4-d0ed-4c72-bf90-8254711d7282','Definition of the Derivative',' ');
INSERT INTO Translation VALUES('a5bccc18-0f65-4717-9f99-5ae0ebd50d83','Types of Non-Differentiability','  ');
INSERT INTO Translation VALUES('e397006e-2349-421d-b20e-16ab65a22bb5','One-Sided Derivatives','  ');
INSERT INTO Translation VALUES('df33e047-c95b-4f05-bfdf-4a4d31afe92d','Differentiation Rules',' ');
INSERT INTO Translation VALUES('b8775c13-696f-4e06-9fee-15c2aec00980','Chain rule',' ');
INSERT INTO Translation VALUES('2c3bf417-85b6-4a73-97a3-b5d2ec324f90','Higher-order derivatives','  ');
INSERT INTO Translation VALUES('5a23f591-0af9-49d8-a7db-563a624c1261','Implicit differentiation',' ');
INSERT INTO Translation VALUES('45dae09e-b512-40ed-8763-972fdade0f7f','Differentiation of log','  log');
INSERT INTO Translation VALUES('f9e56dd3-2af2-4719-82af-cc633511677d','Differentiation of e','  e');
INSERT INTO Translation VALUES('52aac4c7-470f-497d-a756-16eb64fb975d','Differentiation of inverse functions','   ');
INSERT INTO Translation VALUES('1cd319a2-5a8d-4256-b557-7e6affcff742','Derivatives of trigonometric functions','   ');
INSERT INTO Translation VALUES('5672ee26-5ee4-49bc-9d02-1f9d6e6edc58','Determining local extrema','   ');
INSERT INTO Translation VALUES('b4927a7a-e924-49ef-aba3-9a99c8d74fad','Mean Value Theorem','  ');
INSERT INTO Translation VALUES('19c4e5aa-f7b7-4ebe-94bf-fc8de2f282da','Inflection points',' ');
INSERT INTO Translation VALUES('64a2357a-0029-4767-b154-1f82de96fbe1','LHpitals Rule',' ');
INSERT INTO Translation VALUES('11ad7d66-ee69-4479-97b1-9c83b1f75342','Absolute extrema for continuous functions','   ');
INSERT INTO Translation VALUES('e01b68d3-76e9-4da5-85ad-022ea6840151','Concavity','');
INSERT INTO Translation VALUES('24b8249f-06d4-4a28-a304-dd2c2c5e629f','Critical points of a function','   ');
INSERT INTO Translation VALUES('123232c7-f523-4cf2-877d-556075f0aabf','Asymptotes','');
INSERT INTO Translation VALUES('5970ab28-dffb-40f0-bbfb-a33e5791cd8e','Convexity','');
INSERT INTO Translation VALUES('793b0e27-6145-4647-b508-eb766d192bb8','Monotonic functions',' ');
INSERT INTO Translation VALUES('9700e35b-7176-4f36-944b-6e0cc4ca0050','Rolle''s Theorem',' ');
INSERT INTO Translation VALUES('3dda5826-8420-43a9-a99b-7376ae0e9f37','Infinitesimal Calculus 1 (OU)','  1');
INSERT INTO Translation VALUES('142765fb-70dc-40d9-b323-55f838ab1b44','Definition of the derivative','Definition of the derivative');
INSERT INTO Translation VALUES('ddc06c1f-3f29-4af0-83da-60de9b563dd1','Basic differentiation rules','Basic differentiation rules');
INSERT INTO Translation VALUES('c23e686c-0cb1-46c0-86cd-0a11b872394e','Differentiability and continuity','Differentiability and continuity');
INSERT INTO Translation VALUES('ab902356-89d8-40ab-b3dc-db884c616569','One-sided derivatives','One-sided derivatives');
INSERT INTO Translation VALUES('3eef13f1-c93f-4f0d-b50e-f310bb2f6001','Types of non-differentiability','Types of non-differentiability');
INSERT INTO Translation VALUES('f53a603d-d145-495d-a6f6-7f0f40795eee','Higher-order derivatives','Higher-order derivatives');
INSERT INTO Translation VALUES('4b14a9bd-9585-4a30-88a5-14bc10f146ed','Derivatives of trigonometric functions','Derivatives of trigonometric functions');
INSERT INTO Translation VALUES('e19e4e0a-7523-464f-96ef-aee440ef6641','Differentiation of composite functions  Chain rule','Differentiation of composite functions  Chain rule');
INSERT INTO Translation VALUES('e3c10a08-f38e-4d5e-9381-8dab916575e9','Implicit differentiation','Implicit differentiation');
INSERT INTO Translation VALUES('260c9367-7152-4510-8163-4965a305ddba','Derivatives of inverse functions','Derivatives of inverse functions');
INSERT INTO Translation VALUES('504acd10-d81e-42ec-8599-d9a4d0928f32','Derivatives of exponential and logarithmic functions','Derivatives of exponential and logarithmic functions');
INSERT INTO Translation VALUES('88e426cb-0ae7-4f37-83bc-3b806d61cb9d','Logarithmic differentiation','Logarithmic differentiation');
INSERT INTO Translation VALUES('9f375a3f-4c8c-4b85-8aa3-3ae454098cb6','Derivatives of inverse trigonometric functions','Derivatives of inverse trigonometric functions');
INSERT INTO Translation VALUES('7786bc35-3898-445c-87f2-b17d4fb7aef8','Rolles theorem','Rolles theorem');
INSERT INTO Translation VALUES('8769598c-0ee0-406b-80fa-966380fe449b','Mean value theorem of differential calculus','Mean value theorem of differential calculus');
INSERT INTO Translation VALUES('f371a3f8-d6ad-4b37-a5c7-d77ab3814a73','Monotone functions','Monotone functions');
INSERT INTO Translation VALUES('7052cb94-54ff-40c3-82f3-d10b405c236d','First derivative test','First derivative test');
INSERT INTO Translation VALUES('5e53b833-352e-47a3-993f-b4799f04d168','Continuation of monotonicity','Continuation of monotonicity');
INSERT INTO Translation VALUES('33774e4a-f48b-4c80-a5aa-0b12176459c3','Finding local extrema points','Finding local extrema points');
INSERT INTO Translation VALUES('17a5cb66-1139-4007-9ba8-d16ed77d733f','Convexity, concavity, and inflection points','Convexity, concavity, and inflection points');
INSERT INTO Translation VALUES('63e1fe35-42b0-439d-933c-2893b0d7a0b3','Asymptotes','Asymptotes');
INSERT INTO Translation VALUES('df3673e3-cec0-4b64-b290-91c5b1974d29','Full function analysis','Full function analysis');
INSERT INTO Translation VALUES('d64435b2-4e18-4414-a15d-15f14fe81b0f','Definition of extrema points of a function','Definition of extrema points of a function');
INSERT INTO Translation VALUES('abd484f7-cbfe-4093-8bef-bc497849e0f1','Critical points','Critical points');
INSERT INTO Translation VALUES('e7d6e651-4c2e-4738-8394-145a3fb39267','Finding absolute extrema of a continuous function on a closed interval','Finding absolute extrema of a continuous function on a closed interval');
INSERT INTO Translation VALUES('703c28fa-227e-4565-b298-74dd59073f0f','LHpitals rule','LHpitals rule');
INSERT INTO Translation VALUES('54373bd3-85d1-46ab-952e-db892cbd0b6d','Unique local extremum point of a continuous function on an open interval','Unique local extremum point of a continuous function on an open interval');
INSERT INTO Translation VALUES('f7ecc3f4-66cd-4c89-ad6d-5bbbd44d7901','Indefinite integrals: immediate integrals, decomposition methods, substitution method','Indefinite integrals: immediate integrals, decomposition methods, substitution method');
INSERT INTO Translation VALUES('f47d6539-b168-4397-b5f5-3b69d72f4804','Integration by parts','Integration by parts');
INSERT INTO Translation VALUES('c55bbc94-87e6-4807-8731-47920a87f862','Integrals of rational functions','Integrals of rational functions');
INSERT INTO Translation VALUES('6d6b79fb-e891-49f4-9cac-32493d72eebb','Completion of integrals of rational functions','Completion of integrals of rational functions');
INSERT INTO Translation VALUES('d6d2aea9-90a2-4809-800c-32abbd8d21fb','Definite integral','Definite integral');
INSERT INTO Translation VALUES('a1872ef4-5c8e-4dfa-b51d-3c59180b77e6','Riemann sums','Riemann sums');
INSERT INTO Translation VALUES('add4e486-c021-4572-a697-babd269c767e','Characterization of integrable functions','Characterization of integrable functions');
INSERT INTO Translation VALUES('a577ca37-f808-4b06-ab31-80d9f384d3f4','Inequalities between definite integrals','Inequalities between definite integrals');
INSERT INTO Translation VALUES('510fc703-51da-4f50-8141-d92dc56db0e5','First fundamental theorem of calculus','First fundamental theorem of calculus');
INSERT INTO Translation VALUES('aa1df9c4-cc46-4c1a-8257-d30858001215','Mean value theorem for integrals','Mean value theorem for integrals');
INSERT INTO Translation VALUES('b0e63981-e450-4082-91df-900d46767e50','Calculation of integrals using substitution method','Calculation of integrals using substitution method');
INSERT INTO Translation VALUES('c2b75708-9b36-4e11-98b4-094a1f1da8a6','Second fundamental theorem of calculus','Second fundamental theorem of calculus');
INSERT INTO Translation VALUES('25f0154c-118e-49bb-84d8-3891308fec09','Improper integrals','Improper integrals');
INSERT INTO Translation VALUES('a6c0fc9e-bf96-49e3-99c4-d7928e998a7c','Improper integrals of unbounded functions','Improper integrals of unbounded functions');
INSERT INTO Translation VALUES('bd7a6622-49d6-4dc4-bbf1-fdf400262582','Convergence tests for improper integrals','Convergence tests for improper integrals');
INSERT INTO Translation VALUES('7bae2e47-fd89-404c-93cc-9dd919d40bf6','Definition of finite and infinite sequences','Definition of finite and infinite sequences');
INSERT INTO Translation VALUES('a8b67747-fe27-4ee0-8fb1-f9eb851bad71','Limit of a sequence  equivalent definitions','Limit of a sequence  equivalent definitions');
INSERT INTO Translation VALUES('a5dd16d2-27ea-495e-8ef4-473c0a8cf49d','Proofs of existence and non-existence of limits','Proofs of existence and non-existence of limits');
INSERT INTO Translation VALUES('00151bb5-afb4-4f61-961b-3a466dc754a4','Limit theorems','Limit theorems');
INSERT INTO Translation VALUES('58aa83c6-bd51-4313-a576-a73fe990c071','Convergence/divergence to infinity','Convergence/divergence to infinity');
INSERT INTO Translation VALUES('9a61e003-8bb9-463b-b5bc-8e5fcc33193a','Further convergence to infinity','Further convergence to infinity');
INSERT INTO Translation VALUES('dfdfbbb8-1188-4b57-9f12-4bf4f7074d08','Bounded sequences','Bounded sequences');
INSERT INTO Translation VALUES('ac403161-3bb7-42d3-b0eb-7d7cddd048d7','Inequalities between sequences and their limits','Inequalities between sequences and their limits');
INSERT INTO Translation VALUES('f17194cc-bd12-40e5-ac39-5b9b54749e3a','Squeeze theorem (sandwich theorem)','Squeeze theorem (sandwich theorem)');
INSERT INTO Translation VALUES('a56ad067-841c-48cc-abf5-8ec242018c9c','Squeeze theorem for infinite limits','Squeeze theorem for infinite limits');
INSERT INTO Translation VALUES('8f702fe6-bc86-4a91-a5c8-48a2bd110e33','Monotone sequences','Monotone sequences');
INSERT INTO Translation VALUES('0f9921f6-05c1-456a-9a5b-8cc806e966b2','Subsequences','Subsequences');
INSERT INTO Translation VALUES('784e4a53-9627-4cd6-9c3d-e66f4c2ed863','Completion of subsequences','Completion of subsequences');
INSERT INTO Translation VALUES('01783498-5e38-41db-9449-6ae58dbfd3a5','Infinite series','Infinite series');
INSERT INTO Translation VALUES('e300d7ab-4d85-4c06-ad2b-837360d918fe','Integral test','Integral test');
INSERT INTO Translation VALUES('18c369d2-a114-456a-bbfa-7a127693724e','Comparison test','Comparison test');
INSERT INTO Translation VALUES('157aefe9-22b2-46a3-b685-62a95463bbc5','Limit comparison test','Limit comparison test');
INSERT INTO Translation VALUES('5d78a9df-1136-4e1b-92d4-180fa89b43d5','Alternating series','Alternating series');
INSERT INTO Translation VALUES('eb40852e-e545-4d1a-bda2-128f7fa8d2f6','Absolute convergence','Absolute convergence');
INSERT INTO Translation VALUES('4336dffd-8f7f-4f23-a095-78916c4d4752','Ratio test','Ratio test');
INSERT INTO Translation VALUES('f04e2bb9-cb1f-4423-8e9d-4633c64ad1e4','Root test','Root test');
INSERT INTO Translation VALUES('54baf0e7-9afa-413e-9cde-b7523bb3fec8','Power series','Power series');
INSERT INTO Translation VALUES('43783c30-2dbb-48e5-aa69-a4cbb971a4dd','Representing functions as power series','Representing functions as power series');
INSERT INTO Translation VALUES('9e5f5066-d781-44e8-81ba-be68d41b4076','Continuity, differentiability, and integrals of power series','Continuity, differentiability, and integrals of power series');
INSERT INTO Translation VALUES('878b4595-0ff4-4cf8-aa8d-3f08f5ced198','Taylor and Maclaurin series','Taylor and Maclaurin series');
INSERT INTO Translation VALUES('cdf61d87-0a8d-44c1-a750-0ae395452465','Definition of the derivative',' ');
INSERT INTO Translation VALUES('ff0f6fef-e5a3-40ff-8fd6-56f63b5bef11','Basic differentiation rules','  ');
INSERT INTO Translation VALUES('2cc090d5-7faf-4103-a62f-ea209b2d7451','Differentiability and continuity',' ');
INSERT INTO Translation VALUES('5032d543-0f13-46c2-9ac3-819f161f6c24','One-sided derivatives',' -');
INSERT INTO Translation VALUES('e009b592-0db4-40f7-8b73-455868b0cd5f','Types of non-differentiability',' -');
INSERT INTO Translation VALUES('d0f7c311-7d8e-48b9-94bb-eea2a827c3d3','Derivatives of exponential and logarithmic functions','    ');
INSERT INTO Translation VALUES('334fc469-4ffa-4bab-95cc-c9e519b6ca10','Logarithmic differentiation',' ');
INSERT INTO Translation VALUES('60e9713c-8934-496c-b1dc-2eb8af297ce9','Derivatives of inverse functions','   ');
INSERT INTO Translation VALUES('ca7719c3-d44b-404a-8d9a-008a0a11f1ac','Derivatives of inverse trigonometric functions','    ');
INSERT INTO Translation VALUES('f21d7679-4e93-4be6-adec-e81a4ddab976','Rolles theorem',' ');
INSERT INTO Translation VALUES('b8a74c57-0238-4bae-848e-98f0ffdbde34','Mean value theorem of differential calculus','    ');
INSERT INTO Translation VALUES('2539886a-47b9-4855-8e9d-9897f79c00ef','Monotone functions',' ');
INSERT INTO Translation VALUES('c57e6cdc-17fd-4545-8b3d-cb4f206ffd04','First derivative test','  ');
INSERT INTO Translation VALUES('530bff1c-ca66-46e0-96b4-054b0435699a','Continuation of monotonicity',' ');
INSERT INTO Translation VALUES('838a55f1-7b1a-40c6-994a-034882bd975b','Finding local extrema points','   ');
INSERT INTO Translation VALUES('89bf57e8-662b-42eb-a496-2fd41d17f94b','Convexity, concavity, and inflection points',',   ');
INSERT INTO Translation VALUES('312679f1-d3e9-4d49-8e78-34b4719320a3','Full function analysis','  ');
INSERT INTO Translation VALUES('05d4ac25-ddf1-4ce1-b429-f50d12c8cede','Definition of extrema points of a function','    ');
INSERT INTO Translation VALUES('b4e7b197-b93a-4c00-b3b9-a20eb0d6b4c2','Critical points',' ');
INSERT INTO Translation VALUES('f60316c7-6560-47bf-a9af-c10eb8f7930d','Finding absolute extrema of a continuous function on a closed interval','       ');
INSERT INTO Translation VALUES('9aff63dd-49ed-4759-ac14-9125974f8ff9','LHpitals rule',' ');
INSERT INTO Translation VALUES('45ab04af-2b73-47f7-88fa-3414124ee725','Unique local extremum point of a continuous function on an open interval','        ');
INSERT INTO Translation VALUES('150bc198-f49e-424d-acf0-5696894be3f6','Indefinite integrals: immediate integrals, decomposition methods, substitution method','  :  ,  ,  ');
INSERT INTO Translation VALUES('36d0d182-ff06-40b5-90e7-dc6647cc8ee6','Integration by parts',' ');
INSERT INTO Translation VALUES('ad9f8d91-f283-4a2b-bca9-2892bd185c24','Integrals of rational functions','   ');
INSERT INTO Translation VALUES('656fc74d-800e-493f-be6a-67c3a4c902cf','Completion of integrals of rational functions','     ');
INSERT INTO Translation VALUES('810a5336-73f5-4eed-9bdf-907f918adaa4','Definite integral',' ');
INSERT INTO Translation VALUES('cffe376d-3a65-482c-a610-0b43b0af7fa3','Riemann sums',' ');
INSERT INTO Translation VALUES('13a3779a-aa67-4471-8f71-195ba908ec4b','Characterization of integrable functions','  ');
INSERT INTO Translation VALUES('00c57784-ec6d-4a59-af2b-55c4604969d0','Inequalities between definite integrals','-   ');
INSERT INTO Translation VALUES('5039d419-81c4-4d12-ab32-4de7621582c9','First fundamental theorem of calculus','    ');
INSERT INTO Translation VALUES('63a0a922-5002-4a6b-9cf2-ef0317143240','Mean value theorem for integrals','   ');
INSERT INTO Translation VALUES('b41f42ef-6dba-4f70-8466-77ff3242220e','Calculation of integrals using substitution method','   ');
INSERT INTO Translation VALUES('2e49cb2c-9de2-4531-889b-6676e4114dcc','Second fundamental theorem of calculus','    ');
INSERT INTO Translation VALUES('9c23c6bd-004e-4cb4-85f2-40e49defdba1','Improper integrals','  proper');
INSERT INTO Translation VALUES('23019229-07c2-489e-914f-1e924d811623','Improper integrals of unbounded functions','  proper    ');
INSERT INTO Translation VALUES('da3c79fd-8afb-40e8-9d32-5afd808ffdeb','Convergence tests for improper integrals','    proper');
INSERT INTO Translation VALUES('756ae404-703b-469e-b75c-50d048506b70','Definition of finite and infinite sequences','   ');
INSERT INTO Translation VALUES('b55a4151-44d0-4aaf-a18f-450d66795f6c','Limit of a sequence  equivalent definitions','     ');
INSERT INTO Translation VALUES('bbe2f7e2-e13b-485a-a11f-0c3d2e763875','Proofs of existence and non-existence of limits','     ');
INSERT INTO Translation VALUES('078d74c6-7078-4b1d-b99d-832aa75a8629','Limit theorems',' ');
INSERT INTO Translation VALUES('8842f665-9e0f-44e6-982b-4df60094c1a7','Convergence/divergence to infinity','/ ');
INSERT INTO Translation VALUES('a60286db-ed3f-40ce-93a3-97141d08c110','Further convergence to infinity','  ');
INSERT INTO Translation VALUES('e1e0cdc1-eb75-49e4-a3aa-c226b9544be1','Bounded sequences',' ');
INSERT INTO Translation VALUES('57203408-847e-4540-81bf-6891e0b4328e','Inequalities between sequences and their limits','-   ');
INSERT INTO Translation VALUES('a5d84fe2-4b21-476f-b204-6b1b698768c2','Squeeze theorem (sandwich theorem)','  ( )');
INSERT INTO Translation VALUES('1b3f9bf2-867e-4d54-bb41-93db62d90e46','Squeeze theorem for infinite limits','   ');
INSERT INTO Translation VALUES('21697ce8-2f41-447f-a940-36cb6739b127','Monotone sequences',' ');
INSERT INTO Translation VALUES('32bd46b1-f37b-4106-9234-e1ef1562deec','Subsequences','-');
INSERT INTO Translation VALUES('9af5d705-d409-41ad-aa57-ebfa6c62c8aa','Completion of subsequences','  -');
INSERT INTO Translation VALUES('67a5ec52-a19b-4b12-b340-05723fbfcea5','Infinite series',' ');
INSERT INTO Translation VALUES('3ccc3cf4-4612-4e13-b737-3221af052f8a','Integral test',' ');
INSERT INTO Translation VALUES('cac5a8d2-119a-4cf2-b7b5-422d2cfdcb73','Comparison test',' ');
INSERT INTO Translation VALUES('77251dcb-b7c4-46e9-8580-aadfef07b30d','Limit comparison test','   ');
INSERT INTO Translation VALUES('e46250e7-bd7f-46c5-bed2-d143c43f1e15','Alternating series',' ');
INSERT INTO Translation VALUES('047cae1b-500e-441f-9122-5f39f97f342b','Absolute convergence',' ');
INSERT INTO Translation VALUES('4281fd3c-048b-4d01-a795-8e4d7dd524ab','Ratio test',' ');
INSERT INTO Translation VALUES('f459ed94-1b3e-4e7b-ac6e-92617b96c67b','Root test',' ');
INSERT INTO Translation VALUES('065e942c-304b-4df1-aec2-1f331fd7c10d','Power series',' ');
INSERT INTO Translation VALUES('09d65c88-0a61-4ab7-bf68-8b1c03a4b338','Representing functions as power series','   ');
INSERT INTO Translation VALUES('1585b8d4-3dd6-4274-9131-0219b7cf3eed','Continuity, differentiability, and integrals of power series',',     ');
INSERT INTO Translation VALUES('e5dce0ef-2199-4913-aebc-12bb9ef17f52','Taylor and Maclaurin series','  ');
INSERT INTO Translation VALUES('99096b4a-7c7c-4037-adb8-8296c6edcaf5','Improper integrals','  ');
INSERT INTO Translation VALUES('8cab1294-f77b-4c77-bc73-dc371abc1443','Improper integrals of unbounded functions','      ');
INSERT INTO Translation VALUES('6dfcb539-340b-44fe-84c7-bf6ce61cc72e','Convergence tests for improper integrals','    ');
CREATE TABLE IF NOT EXISTS "Question" (
    "id" TEXT NOT NULL PRIMARY KEY,
    "validationStatus" TEXT NOT NULL DEFAULT 'ai_generated',
    "translationId" TEXT NOT NULL,
    "type" TEXT NOT NULL,
    CONSTRAINT "Question_translationId_fkey" FOREIGN KEY ("translationId") REFERENCES "Translation" ("id") ON DELETE RESTRICT ON UPDATE CASCADE
);
INSERT INTO Question VALUES('82715303-8361-47ef-930e-6979947b741e','ai_generated','58503f66-af42-4992-bdc1-79fc62c4a61f','selection');
INSERT INTO Question VALUES('c3d4e5f6-7a8b-4c9d-ae1f-3a4b5c6d7e8f','ai_generated','c3d4e5f6-7a8b-4c9d-ae1f-3a4b5c6d7e8f','selection');
INSERT INTO Question VALUES('d4e5f6a7-8b9c-4dae-af2a-4b5c6d7e8f90','ai_generated','d4e5f6a7-8b9c-4dae-af2a-4b5c6d7e8f90','selection');
INSERT INTO Question VALUES('e5f6a7b8-9cad-4e1f-aa3b-5c6d7e8f9aab','ai_generated','e5f6a7b8-9cad-4e1f-aa3b-5c6d7e8f9aab','selection');
INSERT INTO Question VALUES('f6a7b8c9-ad1e-4f2a-ab4c-6d7e8f9aab1c','ai_generated','f6a7b8c9-ad1e-4f2a-ab4c-6d7e8f9aab1c','value');
INSERT INTO Question VALUES('a7b8c9da-1e2f-4a3b-ac5d-7e8f9aab1c2d','ai_generated','a7b8c9da-1e2f-4a3b-ac5d-7e8f9aab1c2d','value');
INSERT INTO Question VALUES('b8c9daeb-2f3a-4b5c-ad7e-8f9aab1c2d3e','ai_generated','b8c9daeb-2f3a-4b5c-ad7e-8f9aab1c2d3e','selection');
INSERT INTO Question VALUES('c9dae1f2-3a4b-4c6d-ae8f-9aab1c2d3e4f','ai_generated','c9dae1f2-3a4b-4c6d-ae8f-9aab1c2d3e4f','selection');
INSERT INTO Question VALUES('818ae7ae-9f27-48eb-b896-00f09e7910ca','ai_generated','9e5399fe-0617-4bf6-9c39-037987c4a092','selection');
INSERT INTO Question VALUES('d87215a6-e296-4bdc-acae-f444cf963ae2','ai_generated','a35ba03a-aedc-49c0-9b01-81826ec66d1a','selection');
INSERT INTO Question VALUES('c9dd092b-057e-4449-a68a-8109a96ccccb','ai_generated','90c1e7a5-1ccd-43ad-80ab-966fc1075ede','selection');
INSERT INTO Question VALUES('4772edba-f192-4364-9abc-715040763696','ai_generated','d39c0ad3-92d1-4290-b604-0033444b6f03','selection');
INSERT INTO Question VALUES('c597d294-577d-4612-92d5-70d5a2bfed75','ai_generated','b0500946-9885-4afa-b80d-72969aefbe82','selection');
INSERT INTO Question VALUES('574963f1-9917-4dff-9e61-a67004190c66','ai_generated','ec50e39c-ef19-4e91-8f5a-7ed39f14f334','selection');
INSERT INTO Question VALUES('31d7aac7-1e5d-42c1-bcf8-f08fc0858fc9','ai_generated','f254ae75-8818-47a2-840f-c2987ee53692','selection');
INSERT INTO Question VALUES('be6ec990-7712-4661-8834-db370180553f','ai_generated','c0b633ef-31cd-4ebf-b389-61970605931e','selection');
INSERT INTO Question VALUES('c9b96835-2bf2-4116-ace1-1f7e058dab4d','ai_generated','49b5c46b-89cf-4e3a-888d-df23b817f557','void');
INSERT INTO Question VALUES('91c2fd31-eb88-4804-ad59-8415a3044955','ai_generated','ba098000-4b8e-488c-bafb-0416198ab5ca','void');
INSERT INTO Question VALUES('75397d4b-9e65-4d97-a31f-4db89a56c64f','ai_generated','00703a76-5fca-4f2f-82b2-5afd86fd0283','value');
INSERT INTO Question VALUES('4c98a837-8f70-4c66-85b0-079eb780c57d','ai_generated','57975cc8-efa9-4174-ac5e-fd003913c63d','value');
INSERT INTO Question VALUES('c1533f9b-bf48-401f-9055-496e6cf1e7ff','approved','7750cecd-29cb-4eb1-b513-328284bf9866','value');
INSERT INTO Question VALUES('ae430c5c-32e2-4cd5-9b0b-155d8256cfbf','ai_generated','b0faab8f-eb6b-4cb2-ad14-30254ef179fc','value');
INSERT INTO Question VALUES('9d3da146-016e-4583-bc89-3aa8f113fedc','ai_generated','cdeaf3e0-d9db-44c7-9aad-0d974e6ea546','value');
INSERT INTO Question VALUES('3d352abc-6d69-4f7b-9708-d015fabe3426','ai_generated','65b9fa9f-8a10-4a5a-9400-6f910708ced2','value');
INSERT INTO Question VALUES('fe111498-245b-458d-b7f0-6ba74eaf4f93','ai_generated','96f33cd2-c9a5-4c60-8ffe-0d21c4fa04c4','value');
INSERT INTO Question VALUES('35abb4b5-e856-4905-bbd0-24f94025ca75','ai_generated','602fdc46-93dd-416e-bb3c-fc8badd26251','value');
INSERT INTO Question VALUES('668b8fa6-da30-4859-89ba-15404f0c634e','ai_generated','5201f907-d004-4932-98a3-3ecd2ef71ad9','value');
INSERT INTO Question VALUES('4eb7f037-d3cc-4553-b1f2-04f79c8485f2','ai_generated','28ac3388-d73e-414e-83d9-d92aa9d82a61','value');
INSERT INTO Question VALUES('0b72f452-1826-4414-a1e0-3bcb83e5dbc8','ai_generated','275e3588-98b0-424a-b6f3-ef2958150009','value');
INSERT INTO Question VALUES('3351a0f5-c051-4f85-a93d-c83bcbdfbe20','ai_generated','65165ce6-c6cd-438e-8660-dcf2105f9c59','value');
INSERT INTO Question VALUES('5d986983-6188-4616-a220-78c15c724a72','ai_generated','1a4f5e63-7e43-4ee6-b07a-be5c15cd7366','value');
INSERT INTO Question VALUES('a84e1e98-161e-4215-a3ab-296720e6fa12','ai_generated','23122bf9-a9b8-413e-a332-892d419017c4','value');
INSERT INTO Question VALUES('8bb9fcb0-c90a-430e-a5f5-9df0c92b9f3a','ai_generated','2b6cba5a-27dc-4e02-8e90-7a3ca6490515','value');
INSERT INTO Question VALUES('4931fa06-ee0e-4bcb-8e9d-5869294d6ae3','ai_generated','efc49f76-65ac-4f41-8329-17b055ff654f','value');
INSERT INTO Question VALUES('bb119d9c-4363-4fb4-b18f-8b673fe2e9cf','ai_generated','e68b7607-efea-4b4c-a677-4a63db960f7a','value');
INSERT INTO Question VALUES('51210ae1-d445-4a43-b98a-d084f8a64a1b','ai_generated','e6690c2e-0fc7-404d-a71d-d77845910b54','value');
INSERT INTO Question VALUES('24879301-1e9c-4148-8ca6-f8a68ba8b245','ai_generated','30da94db-17de-4218-b041-f4caf651f7be','value');
INSERT INTO Question VALUES('0daa3b86-2ac2-42f6-9a40-a8be67345094','ai_generated','0dec8af3-f8d6-4e8b-ba1e-a7059b78174e','value');
INSERT INTO Question VALUES('a1033614-522f-475f-9ca5-c59625f875df','ai_generated','fa2a7e90-3615-498c-8d8f-e958ffde4c51','value');
INSERT INTO Question VALUES('465f3938-6beb-40cd-9fa2-6be426439bf6','ai_generated','6b8fcbdf-b0a2-42eb-a9b1-161f7f92f7ac','value');
INSERT INTO Question VALUES('e3dadd54-cb2d-4856-8f04-988afcff2212','ai_generated','1f8f28f2-7d5d-4598-a447-930ef4c2147b','value');
INSERT INTO Question VALUES('4603f4bc-8fb5-42a8-8ebc-672085f10104','approved','b81240ad-ed98-4a7e-9dea-7e922e884d19','value');
INSERT INTO Question VALUES('3b84d950-8d79-4dd2-92f5-3e231ba870ef','approved','f4e15a03-0822-47ca-ab99-522416a28365','value');
INSERT INTO Question VALUES('D0920552-1AFA-493D-9019-4FFDBE079A32','approved','9961349f-a8e1-4a32-9f06-67240b8df069','value');
INSERT INTO Question VALUES('9C030140-9A43-46ED-9B57-9E7A17ABEB41','approved','9d088bfe-fa4d-4c92-ac76-c0f944a8076b','value');
INSERT INTO Question VALUES('ec882e46-05be-4b12-9715-514963a7fdc1','approved','E07E39B7-1EDE-4F5F-B988-01D92FED7BE3','value');
INSERT INTO Question VALUES('7eeac0c9-70da-41c9-81c5-8d7d021d35de','ai_generated','87bf2c16-3e44-4a93-b2c4-abead40c51f5','value');
INSERT INTO Question VALUES('c3ee52fe-d3aa-4766-b37a-e27db485e155','ai_generated','5f9313d3-6258-4fe1-87f6-21a39af92d29','value');
INSERT INTO Question VALUES('d16b0597-0099-4399-b68e-e383e7ce9c2b','ai_generated','21885747-9432-4370-8901-0e0cf137297c','value');
INSERT INTO Question VALUES('afde050e-2e6a-498d-9f60-41a0a4d6ad1e','ai_generated','f39a03e3-8807-462b-bb79-0a8f5d3afbc7','value');
INSERT INTO Question VALUES('aaf10b9d-c077-4be0-9664-ddc362690beb','ai_generated','1631553c-3065-403d-a3aa-8e11f02c2120','value');
INSERT INTO Question VALUES('2836a9da-1042-40ab-a686-44300695758a','ai_generated','fb76aff9-70f7-42ef-9bc7-08bb69cf85e4','value');
INSERT INTO Question VALUES('8e73ca25-dac6-4055-b775-8604bcf07a61','ai_generated','fcd1ca85-90f7-49ec-99ff-24f8cd89ec49','value');
INSERT INTO Question VALUES('64cbc8a7-9e95-4999-a73d-628713b527ef','ai_generated','d79898d6-6f3e-4611-ae25-41a96c2f706e','value');
INSERT INTO Question VALUES('588b6f9c-ae27-47f9-a8e4-678145f2bc38','ai_generated','c0ce7106-b885-4996-b313-55ab834c2dfe','value');
INSERT INTO Question VALUES('b63dc0f8-0951-44dd-93ca-e3cb1dbd63d0','ai_generated','6d7e2c23-ba10-41e4-81bd-b4d586ef924e','value');
INSERT INTO Question VALUES('d0bb0263-5ec1-48d1-85db-dd6eea02067d','ai_generated','962e9824-2aad-41eb-93f7-356629f205a3','value');
INSERT INTO Question VALUES('748f47e6-26ba-4b71-b63a-c0a87dafb3ca','ai_generated','62f1128e-aa5b-440c-b989-5c8e21cc5c7a','value');
INSERT INTO Question VALUES('c9a57967-1c17-4b2c-a88d-474ab59469c1','ai_generated','a65d4ab9-cf19-449c-8aac-8086634bd4f2','value');
INSERT INTO Question VALUES('64889a17-54fb-4edd-b6eb-cf4edd807e3f','ai_generated','23087717-eaed-4612-b5ee-43e88794c30d','value');
INSERT INTO Question VALUES('21c54a9d-c5ad-4d06-8d07-c89acce469cb','ai_generated','d8f724e9-9e1f-4656-ad77-4ade25848835','value');
INSERT INTO Question VALUES('d554a693-d532-42c2-bff3-ad79462494f5','ai_generated','3f1cb82d-592e-4df9-a2bf-fcccdec55a6f','value');
INSERT INTO Question VALUES('76b2afaa-629e-4379-8e01-0575e74a72b0','ai_generated','48508123-6f76-4945-aa1c-1412d894f809','value');
INSERT INTO Question VALUES('2ca6fd38-6d9f-41b1-8823-6a36cff5de7e','ai_generated','c1c272c4-b2af-46fd-b5f8-8b291193c02b','value');
INSERT INTO Question VALUES('55366ebc-51d1-412a-b0a4-33cab00f8c5a','ai_generated','9bba34bf-e461-44be-b76f-f398155a3911','value');
INSERT INTO Question VALUES('604ff1b4-1b80-485f-a7a1-be1b1fb43dc2','ai_generated','9fe79279-2cc8-4531-b892-2c5a4daebb23','value');
INSERT INTO Question VALUES('5f6fe70f-7417-4f0c-86b6-5703dc3b9fa7','ai_generated','23979268-a195-4e17-b8bf-3b071c664206','value');
INSERT INTO Question VALUES('a69f2e8c-0a35-4a51-8ba3-f74890ea0b64','ai_generated','913e8191-9320-4b00-8087-c77b84d16012','value');
INSERT INTO Question VALUES('f7f54fbc-c140-4fb0-9654-11b39c406563','ai_generated','32d50646-3dde-4762-961b-d1d1b15a4c1a','value');
INSERT INTO Question VALUES('20771ee6-aafe-433b-b153-03b474b67aa3','ai_generated','190e3057-0c8f-4d44-a387-b216e8632ede','value');
INSERT INTO Question VALUES('0CB337D9-F5CA-43B4-8945-531CF4C57BC2','ai_generated','6b1c635c-ddf3-427b-b3f1-20b34c0d5f91','value');
INSERT INTO Question VALUES('7928652E-847C-4685-8618-2449068369B2','ai_generated','D9B273B8-4F71-4C1D-994F-DDA7292001BD','value');
INSERT INTO Question VALUES('f235ed49-ae6d-4202-8d1a-e5592106f7b0','ai_generated','d4d867eb-48cc-45f6-970a-e8d54bdb39e9','value');
INSERT INTO Question VALUES('b6be29ea-7790-4e42-aac1-12a00e493d1e','ai_generated','2c854b57-56de-408a-bd48-b9663297c72f','value');
INSERT INTO Question VALUES('2e19beed-16e7-4e45-8a00-749755150309','ai_generated','eaaa76b5-0c41-44e0-8d6f-c2f03b7fe196','value');
INSERT INTO Question VALUES('6fc66261-2ece-4828-b7df-abb9f70a9c13','ai_generated','e272682c-6a21-4761-9309-72fad15c33b3','value');
INSERT INTO Question VALUES('ee3a4ec3-c930-41b5-bd2d-453632eed46f','ai_generated','9e876f30-59e2-4b8e-81ab-5186dc4d1211','value');
INSERT INTO Question VALUES('76b376fd-00ef-4ac8-b271-5adae1b87ffa','ai_generated','1b406d77-ef11-4bdd-bf00-86171c667d7c','value');
INSERT INTO Question VALUES('696df248-43cf-4d31-a04c-21d5bc526201','ai_generated','61ce9acb-e53b-4a6c-ac8d-76a8322f7661','value');
INSERT INTO Question VALUES('1812c17a-631d-412c-9b53-0bbe8616865b','ai_generated','07e38cca-7219-46ee-b9c0-ff5f56afd1d6','value');
INSERT INTO Question VALUES('731ff527-0bb4-449a-8bb0-8054a7ce4ff7','ai_generated','dde375a5-44af-433d-be3c-1c0a8aeb6570','value');
INSERT INTO Question VALUES('4e5c702f-1653-4273-9e0b-6d0d0f371123','ai_generated','1a23ed2e-0d39-4956-adc4-a0e0185cb226','value');
INSERT INTO Question VALUES('0cca7095-d2b5-402c-8895-c028c791c3b3','ai_generated','627d6bc0-5764-4b99-bdca-abdbacd5a82c','void');
INSERT INTO Question VALUES('adc25314-48a4-4fb9-8849-45120c8e5b24','ai_generated','3eed2bf4-2068-4492-b0a1-d6230df46d99','value');
INSERT INTO Question VALUES('8c9fbf32-317c-48de-a1d0-3409ad149a3c','ai_generated','67cb3992-ad01-4a69-9738-1eacf9bd0985','value');
INSERT INTO Question VALUES('e527edaf-afba-4686-9837-5d43bb4899bc','ai_generated','5f85faa1-6351-413d-805b-4791490e802c','value');
INSERT INTO Question VALUES('05736047-d0a1-44b5-ab41-1ea5c554a109','ai_generated','e5bcbc7d-dbc1-4e25-aff7-742ad9c64cb2','value');
INSERT INTO Question VALUES('863a44be-8e03-47f1-88e2-69009ef72a55','ai_generated','201abf55-c8fb-4b41-ab80-b373c958a084','value');
INSERT INTO Question VALUES('b09577a0-f325-43eb-a04b-19f0244b38a2','ai_generated','74700c15-53ae-4a51-b554-ecafeb5b6840','value');
INSERT INTO Question VALUES('3d0e7cbc-c976-4aa5-a1ee-f9249617adf2','ai_generated','b7c0aefb-a927-4452-bc73-65d772e3da25','value');
INSERT INTO Question VALUES('0078b5b8-2eef-4856-962a-67fb9441fe24','ai_generated','bdf204a0-0e77-46e1-b6e5-5002f7957a94','value');
INSERT INTO Question VALUES('e3281abd-5909-4fec-880e-68f8da4bbdc6','ai_generated','ef83ce26-fcfc-481d-a35a-96267fc5c3ea','value');
INSERT INTO Question VALUES('da5384d3-36b9-439d-81c7-4468b53d09bf','ai_generated','80ecc9bb-afba-4377-8a64-cb95495ef4b8','value');
INSERT INTO Question VALUES('d197e3c8-3d75-4351-9f9a-64c19a7b4f74','ai_generated','ef7e1d80-c1bf-4daf-a630-bb17cd366073','value');
INSERT INTO Question VALUES('34d9cdd1-9e6f-48df-be32-fabcfd1ab5a0','ai_generated','bd4445f4-6a67-4cbe-890c-2df27269c47d','value');
INSERT INTO Question VALUES('ba270cb5-d635-41bf-8bc0-e02f794e1fb1','ai_generated','19f79c58-69ed-418c-8ff5-0fd9a506437f','value');
INSERT INTO Question VALUES('14da5f4c-c1ab-42a5-a6c8-ceda73f5d986','ai_generated','b7dbccce-a488-4a77-874c-c9d4f555d19d','value');
INSERT INTO Question VALUES('31b9fc47-e768-47e5-9851-1e9a7b3c631e','ai_generated','9e2473e6-161c-406f-9b55-dbf7d40e5dea','value');
INSERT INTO Question VALUES('01eb567b-c978-409b-a7a1-ce0074384d49','ai_generated','32c59695-81d3-4235-b701-277e19bcf732','value');
INSERT INTO Question VALUES('142f8b3e-b45d-447b-8f62-eed97f162e2a','ai_generated','5f557092-8bdc-443c-82dd-173197064bb7','value');
INSERT INTO Question VALUES('81360e39-00c4-457c-b830-89834c8fdfe8','ai_generated','740f7595-295c-4e51-8250-6754eb18f8ea','value');
INSERT INTO Question VALUES('b727573b-e1b5-4382-989d-bcc450db06cf','ai_generated','3e5a2992-04db-463f-a8b1-8b9ff57426a0','value');
INSERT INTO Question VALUES('f156e0a4-ce55-43b4-aa22-c740a684aae6','ai_generated','6425ae2e-55ba-4fb0-ba94-63896bb5a549','value');
INSERT INTO Question VALUES('fa6c1642-52f4-488f-986b-c7af0b31efee','ai_generated','2ffad47c-642b-4c62-acd0-06cbdcc794fd','value');
INSERT INTO Question VALUES('947b2af5-5bb8-48e4-b6e3-b124a38a87ee','ai_generated','c184c555-8fe5-425f-aa46-06d67385cedf','value');
INSERT INTO Question VALUES('bede7c3d-a729-4519-a5f7-4180955d1adf','ai_generated','5f73cded-f705-4cb1-9c83-bbe4edb5aa8f','value');
INSERT INTO Question VALUES('eb010669-7f22-4122-aefd-bb3241a4d391','ai_generated','babef5a8-53fd-42d7-b502-d7d5083439e5','value');
INSERT INTO Question VALUES('e9c7cc22-e039-406a-bde5-de4d1d9809de','ai_generated','be678452-e71c-4c28-932b-592b751b559c','value');
INSERT INTO Question VALUES('c70bafe7-7d48-4916-84c2-d85bda658367','ai_generated','7c17f31e-c1f9-4035-869f-e0b929e0122f','value');
INSERT INTO Question VALUES('0dcd28d3-543b-4767-b4bf-c6e69381291f','ai_generated','464013a2-9067-44f6-9423-f8b7ae0763ad','value');
INSERT INTO Question VALUES('57e72e6e-f794-49f7-912a-a89e14d60250','ai_generated','12388bcd-e3f3-4ee6-8447-d7c73adcc067','value');
INSERT INTO Question VALUES('f5160286-1312-4b1e-89ef-6a5e9b5ecd05','ai_generated','62478899-7c30-4628-ae5a-2c39e5d78bc2','value');
INSERT INTO Question VALUES('2ef37e93-03e8-44cf-8d46-f9e959bb6370','ai_generated','b391d164-beba-42e6-ac33-c39059bbee3b','value');
INSERT INTO Question VALUES('f1f1199b-8535-40a8-a24e-85f90d4f79f5','ai_generated','e3d93d41-3050-493a-8ad6-19105b04613f','value');
INSERT INTO Question VALUES('053fef57-b721-4fc0-a182-661e79593209','ai_generated','a4e3c1a8-e257-4fe8-be97-f2c3cd035b13','value');
INSERT INTO Question VALUES('2cce300c-e714-4af8-a4f3-fc353468d03d','ai_generated','dcbdede0-9014-4c63-9981-cd22e7d1ec4f','value');
INSERT INTO Question VALUES('210937a0-8392-4661-85e0-ac34e5c51f4d','ai_generated','b12833a0-1b09-464a-ad7c-e148c216bccb','value');
INSERT INTO Question VALUES('30142fba-9dd7-4d33-b91d-cec9cacff81d','ai_generated','c532bcb3-323a-4fea-9a98-3a60be8b2db8','value');
INSERT INTO Question VALUES('758927d5-136f-45bd-a017-9ed0ff13b587','ai_generated','4999aece-1387-4622-8f15-298daa82042f','value');
INSERT INTO Question VALUES('16e7c749-51f8-4482-8b84-1cf9eec7fdbc','ai_generated','c4633ba3-7b62-43f4-b3ab-1bd1a6cf5376','value');
INSERT INTO Question VALUES('42977405-31b2-44b9-9a50-a39caf11e7df','ai_generated','7826ef3c-e828-425d-a27a-378ad632403b','value');
INSERT INTO Question VALUES('51aaa9ae-f682-43b2-9865-07909157adc3','ai_generated','f43412c8-10de-4891-af23-2b01dd9926ec','value');
INSERT INTO Question VALUES('1dac838b-24d1-42c1-a4fa-c39cfa911020','ai_generated','76d2408f-653b-49ae-b9af-745ecfb4cd73','value');
INSERT INTO Question VALUES('435a3fdb-fbeb-4fc2-bccb-5c1ae5d7c3b7','ai_generated','adf4012f-0b43-4416-91a2-74e10faac950','value');
INSERT INTO Question VALUES('631e3d95-9be1-4b06-8c67-0b284c6743f4','ai_generated','39c8fd20-7b0c-43db-a87f-a54e0f27d0ed','value');
INSERT INTO Question VALUES('8024ece5-d316-4f14-8095-02448b7319b4','ai_generated','cd4f8d35-467c-47d4-9f9f-7a7677aea4e5','value');
INSERT INTO Question VALUES('67e9763f-efc6-42c5-a1d2-65a79ea8a6a5','ai_generated','9aadd258-78f3-42a8-bc22-1fa381a4a773','value');
INSERT INTO Question VALUES('ed24fe0e-e03b-487e-bc4e-024185cc1eed','ai_generated','17d9e6b4-0346-4b44-8e41-9ee32e401f08','value');
INSERT INTO Question VALUES('67521599-9c4d-4caa-b954-28d693b455a9','ai_generated','ae1945da-835a-4a0d-bac9-ee97eb818b7e','value');
INSERT INTO Question VALUES('a8d52088-a920-4c15-8430-cb64ed141c8b','ai_generated','ad136e05-f9ee-4a20-91fc-a4b411bd1506','value');
INSERT INTO Question VALUES('9e0d0fae-3372-47b1-ada0-cf4bed191b06','ai_generated','1cd52c38-19eb-430a-8ac6-404cbb9c14b6','value');
INSERT INTO Question VALUES('3ca98efb-fadd-43c7-b769-54eaf0af0f8d','ai_generated','70c7622b-23c5-4de7-9bcd-198748654be4','value');
INSERT INTO Question VALUES('571753da-c324-43dc-b470-af03755d33ca','ai_generated','26d7aa85-f8ad-4484-b9dc-5a3dc992c4db','value');
INSERT INTO Question VALUES('e2a99c54-dce2-4abf-b873-ce05a23d6904','approved','aabf8758-d93e-4e54-a49c-1d515976a64d','value');
INSERT INTO Question VALUES('6be2c824-0394-4e7b-a885-e9f101bc9429','approved','ba29646f-67d7-4c09-92b2-d64eaff717b5','value');
INSERT INTO Question VALUES('721b116a-8c30-40f6-8d0b-800c6c971c74','approved','fe4b0bac-e929-4a78-90e1-34b51de33c21','value');
INSERT INTO Question VALUES('830c9066-5f82-4e11-b1f6-5b372c9bad51','approved','ab17462a-7c93-493b-b7a2-51c30c382d64','value');
INSERT INTO Question VALUES('57bb3d11-c0ed-42b7-8a47-a506e747b8b0','approved','237d697b-3b2e-4516-98e2-3270133d2f85','value');
INSERT INTO Question VALUES('70f236db-e064-47c1-8932-1addccc2cf90','approved','9a1548f9-a17d-487b-8a43-8fd45f7680d4','value');
INSERT INTO Question VALUES('503986fa-775c-42ca-9f1e-d16bc0ec043a','approved','d87423c1-f864-436a-ab0b-9f0c2d918acb','value');
INSERT INTO Question VALUES('13958006-433b-4362-8a14-68f721e0af63','approved','c3362060-fd2b-48c4-9706-0483203804e3','value');
INSERT INTO Question VALUES('646a17e1-ff64-44ea-8058-f4989d4b93cf','approved','b56d8c45-8bf1-4c60-bcbb-356f9f510219','value');
INSERT INTO Question VALUES('e21ee86d-3073-400d-9bd3-872fd1883740','approved','5adc6247-9b27-4a3d-b129-3120f4ea11ef','value');
INSERT INTO Question VALUES('916a44ad-414a-4cb0-bb1a-3ac2dec17764','approved','6efa549c-7c42-4b96-92df-9838aafc0055','value');
INSERT INTO Question VALUES('3eb245c5-c5c6-4bdf-959e-23f2dc91e5ef','approved','18886c3a-c65a-4cc1-9f9e-8860ab46b41c','value');
INSERT INTO Question VALUES('a9008c59-3857-423e-ae40-875950cb2372','approved','f27e83c6-1ba1-49a1-affd-2b3e495a6810','value');
INSERT INTO Question VALUES('8989e12a-1358-425a-b370-27e734b161de','approved','75bb7259-3ace-4718-81c1-4998a65dab65','value');
INSERT INTO Question VALUES('d28cdc03-a801-4ab8-bb2d-171814ebce17','approved','53ea50b1-c820-429b-a13e-e3f83d7e9e80','value');
INSERT INTO Question VALUES('38847c2a-6b25-4c8e-8457-3242f316ce8a','approved','9342dba7-cf94-406b-b65c-4b91e60ecf48','value');
INSERT INTO Question VALUES('388939fb-97cd-4a18-8f37-7f40cec42792','approved','827ab7b0-b8a5-41f3-ac67-1d58e95b382d','value');
INSERT INTO Question VALUES('187163a2-a449-4581-afc0-c48f5edf8fe6','approved','76057411-8100-4138-83d6-3b4fa0b90c59','value');
INSERT INTO Question VALUES('519d8b74-57a3-4307-9ecf-d1e13b4bcb3a','approved','8a12359c-9d82-4860-bec1-a536fe2732b7','value');
INSERT INTO Question VALUES('cb840bda-23ce-49ac-9127-9646ac0086cb','approved','9f5d1a71-17dc-4a2c-9f9e-72436d37fe87','value');
INSERT INTO Question VALUES('f1a2b3c4-1111-4567-890a-bcdef0123456','ai_generated','f1a2b3c4-1111-4567-890a-bcdef0123456','selection');
INSERT INTO Question VALUES('f2a2b3c4-2222-4567-890a-bcdef0123456','ai_generated','f2a2b3c4-2222-4567-890a-bcdef0123456','value');
INSERT INTO Question VALUES('f3a2b3c4-3333-4567-890a-bcdef0123456','ai_generated','f3a2b3c4-3333-4567-890a-bcdef0123456','value');
INSERT INTO Question VALUES('f4a2b3c4-4444-4567-890a-bcdef0123456','ai_generated','f4a2b3c4-4444-4567-890a-bcdef0123456','value');
INSERT INTO Question VALUES('f5a2b3c4-5555-4567-890a-bcdef0123456','ai_generated','f5a2b3c4-5555-4567-890a-bcdef0123456','value');
INSERT INTO Question VALUES('f6a2b3c4-6666-4567-890a-bcdef0123456','ai_generated','f6a2b3c4-6666-4567-890a-bcdef0123456','selection');
INSERT INTO Question VALUES('f7a2b3c4-7777-4567-890a-bcdef0123456','ai_generated','f7a2b3c4-7777-4567-890a-bcdef0123456','value');
INSERT INTO Question VALUES('f8a2b3c4-8888-4567-890a-bcdef0123456','ai_generated','f8a2b3c4-8888-4567-890a-bcdef0123456','value');
INSERT INTO Question VALUES('f9a2b3c4-9999-4567-890a-bcdef0123456','ai_generated','f9a2b3c4-9999-4567-890a-bcdef0123456','value');
INSERT INTO Question VALUES('faa2b3c4-aaaa-4567-890a-bcdef0123456','ai_generated','faa2b3c4-aaaa-4567-890a-bcdef0123456','selection');
INSERT INTO Question VALUES('fba2b3c4-bbbb-4567-890a-bcdef0123456','ai_generated','fba2b3c4-bbbb-4567-890a-bcdef0123456','value');
INSERT INTO Question VALUES('fca2b3c4-cccc-4567-890a-bcdef0123456','ai_generated','fca2b3c4-cccc-4567-890a-bcdef0123456','selection');
INSERT INTO Question VALUES('fda2b3c4-dddd-4567-890a-bcdef0123456','ai_generated','fda2b3c4-dddd-4567-890a-bcdef0123456','value');
INSERT INTO Question VALUES('fea2b3c4-eeee-4567-890a-bcdef0123456','ai_generated','fea2b3c4-eeee-4567-890a-bcdef0123456','selection');
INSERT INTO Question VALUES('ffa2b3c4-ffff-4567-890a-bcdef0123456','ai_generated','ffa2b3c4-ffff-4567-890a-bcdef0123456','value');
INSERT INTO Question VALUES('f0a2b3c4-0000-4567-890a-bcdef0123456','ai_generated','f0a2b3c4-0000-4567-890a-bcdef0123456','selection');
INSERT INTO Question VALUES('1c01fb9c-eedf-4792-9c4e-7868098f0254','ai_generated','156dd85f-06f1-4f57-a607-e039b36a0430','value');
INSERT INTO Question VALUES('ed852db8-47b4-4632-9032-b8ad4447f6de','ai_generated','bdfd1e42-cc07-4ab0-9364-d31e5de52c85','value');
INSERT INTO Question VALUES('a2de90e6-8816-4185-b876-0e0408f53d1b','ai_generated','6f0fbbb9-0794-41bd-aa92-0b98d3e2fdf2','selection');
INSERT INTO Question VALUES('1e96dd52-45d6-43eb-8c3a-2b8bd80cb11d','ai_generated','482223b5-7343-4270-bff1-a9c3d934fa28','selection');
INSERT INTO Question VALUES('65f191e3-41fe-4dc7-9f1d-3ace05dec094','ai_generated','44a0d45b-2963-4836-94d7-90006e95caca','selection');
INSERT INTO Question VALUES('2906e9e4-8565-4096-9a7b-516366f991a3','ai_generated','eb64b28c-dd31-4e71-89c7-f19821d872be','selection');
INSERT INTO Question VALUES('5dedb416-8cfb-4a84-b1e3-4305e10689fd','ai_generated','ab1f213f-f85b-4a48-a59c-06fd93019eaf','selection');
INSERT INTO Question VALUES('de8d4330-0e4f-440c-874a-58a63441b07d','ai_generated','a8acbde6-b69c-4dfb-a02b-b86fab5ce020','selection');
INSERT INTO Question VALUES('52c4d70d-5b41-40eb-841a-d655bee0ded0','approved','52c4d70d-5b41-40eb-841a-d655bee0ded0','value');
INSERT INTO Question VALUES('e52169d0-cba2-4889-b327-3a2f610df34f','approved','e52169d0-cba2-4889-b327-3a2f610df34f','value');
INSERT INTO Question VALUES('4817954c-91ff-460d-a69b-a50507781d48','approved','4817954c-91ff-460d-a69b-a50507781d48','value');
INSERT INTO Question VALUES('3ed9edf5-6783-4a6c-8421-5b6e39f4416e','approved','3ed9edf5-6783-4a6c-8421-5b6e39f4416e','value');
INSERT INTO Question VALUES('9da9bb06-7c47-49e0-8e5f-2d705b8e0c65','approved','9da9bb06-7c47-49e0-8e5f-2d705b8e0c65','value');
INSERT INTO Question VALUES('96d606d2-95d4-42bf-b6bd-40e20deea584','approved','96d606d2-95d4-42bf-b6bd-40e20deea584','value');
INSERT INTO Question VALUES('055356ae-1862-4150-8b82-2f53f3abd864','approved','055356ae-1862-4150-8b82-2f53f3abd864','value');
INSERT INTO Question VALUES('fb6d6ef9-dd8e-4e77-969d-bbe4b2c65a8a','approved','fb6d6ef9-dd8e-4e77-969d-bbe4b2c65a8a','value');
INSERT INTO Question VALUES('8ddfb44e-b729-4d52-946b-ccef0fdc7639','approved','8ddfb44e-b729-4d52-946b-ccef0fdc7639','value');
INSERT INTO Question VALUES('08eb3b54-0990-4767-a1bc-f06af3845a4b','approved','08eb3b54-0990-4767-a1bc-f06af3845a4b','value');
INSERT INTO Question VALUES('abebb16a-625f-46bc-86f7-8d62b26a0068','approved','abebb16a-625f-46bc-86f7-8d62b26a0068','value');
INSERT INTO Question VALUES('6418770c-9dc3-46fe-a975-c9cf96a1e6e1','approved','6418770c-9dc3-46fe-a975-c9cf96a1e6e1','value');
INSERT INTO Question VALUES('0f2a875a-76ae-4d97-af58-6ad023ca5097','approved','0f2a875a-76ae-4d97-af58-6ad023ca5097','value');
INSERT INTO Question VALUES('ce287b90-6484-4619-b3e0-96c3a9a246c0','approved','ce287b90-6484-4619-b3e0-96c3a9a246c0','value');
INSERT INTO Question VALUES('2343d8a5-264f-4cfd-a3d1-fbe415d5ce54','approved','2343d8a5-264f-4cfd-a3d1-fbe415d5ce54','value');
INSERT INTO Question VALUES('f70a4043-8eea-48ce-80cb-9dd68f0075c8','approved','f70a4043-8eea-48ce-80cb-9dd68f0075c8','value');
INSERT INTO Question VALUES('06575de9-99ef-407f-ab59-8046e2467450','approved','06575de9-99ef-407f-ab59-8046e2467450','value');
INSERT INTO Question VALUES('6d8f2416-61eb-4d7c-9499-af265f0e2bbf','approved','6d8f2416-61eb-4d7c-9499-af265f0e2bbf','value');
INSERT INTO Question VALUES('428ea415-923a-4fb6-be7d-510a569bcb3b','approved','428ea415-923a-4fb6-be7d-510a569bcb3b','value');
INSERT INTO Question VALUES('b70fe21c-11f4-4122-98bf-8594a2412f68','approved','b70fe21c-11f4-4122-98bf-8594a2412f68','value');
INSERT INTO Question VALUES('f0e6f719-8309-4215-af93-273ddb0a0a4b','approved','f0e6f719-8309-4215-af93-273ddb0a0a4b','value');
INSERT INTO Question VALUES('edefe330-a9bc-4eda-94e9-9fd172313023','approved','edefe330-a9bc-4eda-94e9-9fd172313023','value');
INSERT INTO Question VALUES('acad4524-e5c5-418e-9049-f4cc51e3fbd9','approved','acad4524-e5c5-418e-9049-f4cc51e3fbd9','value');
INSERT INTO Question VALUES('2d1da962-4d25-4cde-8a06-9d338b07fe3c','approved','2d1da962-4d25-4cde-8a06-9d338b07fe3c','value');
INSERT INTO Question VALUES('cfca8708-73de-4f07-be3d-7ab69a4e3725','approved','cfca8708-73de-4f07-be3d-7ab69a4e3725','value');
INSERT INTO Question VALUES('e7c0b8ce-e03c-40ba-8c89-53bff74528e2','approved','e7c0b8ce-e03c-40ba-8c89-53bff74528e2','value');
INSERT INTO Question VALUES('690c8cae-2262-42be-8451-e858a386a2a7','approved','690c8cae-2262-42be-8451-e858a386a2a7','value');
INSERT INTO Question VALUES('87681174-9ddf-4cb4-b79d-dade47e59670','approved','87681174-9ddf-4cb4-b79d-dade47e59670','value');
INSERT INTO Question VALUES('d983d39d-c906-4e43-a213-e25317ca85ad','approved','d983d39d-c906-4e43-a213-e25317ca85ad','value');
INSERT INTO Question VALUES('7bd38a61-eae0-4790-818d-98bdda27f2fe','approved','7bd38a61-eae0-4790-818d-98bdda27f2fe','value');
INSERT INTO Question VALUES('e44492b0-ba38-425a-9b26-f6187cfac406','ai_generated','307b002b-ed58-4612-bd5e-9d189ff11db0','selection');
INSERT INTO Question VALUES('44bcfec5-15f7-4e6b-93e6-c2d218a5d958','ai_generated','b3a07885-f515-4a33-ac10-5c92695d0172','selection');
INSERT INTO Question VALUES('c66f213d-d82d-4487-bd84-fcc16c42bc12','ai_generated','b84aaec3-5374-460e-abc7-dd26801acc97','selection');
INSERT INTO Question VALUES('83ec1df6-61b0-4f0f-b1a0-85868f36504a','ai_generated','9ebf3fd4-4f97-42fb-aef5-a5c133c95c09','selection');
INSERT INTO Question VALUES('a3d0274f-e899-4cb9-8f51-dd8a70c3da11','ai_generated','4e5741bc-dbe6-4590-913f-9926f6adcfe7','selection');
INSERT INTO Question VALUES('f947f030-47fe-4fa2-8f8f-ac491e4870f9','ai_generated','daaefdba-936f-43b0-8fca-e5a0000f7ef2','selection');
INSERT INTO Question VALUES('a6537faa-4599-471a-952b-6a6353678eca','ai_generated','adb534c9-ed46-4cac-b3a2-3bb5bac43fda','selection');
INSERT INTO Question VALUES('230b27d3-deb0-4205-a6ed-e4ee00245157','ai_generated','1e25b879-86db-44e8-a04a-00d9dabe0a43','selection');
INSERT INTO Question VALUES('3c26a434-840a-4879-9d26-ffe43a40cbb9','ai_generated','c517c697-0854-4307-931b-0d4d24e3f568','selection');
INSERT INTO Question VALUES('6a48d3d3-0b58-4852-a500-9eb907a8bb19','ai_generated','c4547ab8-2327-48e1-86ca-ece2f0df0e8d','selection');
INSERT INTO Question VALUES('17b109bc-907c-407a-8f72-d66076911a70','ai_generated','8d3a08b5-5065-4cb7-8630-cc2f6cc13b53','selection');
INSERT INTO Question VALUES('1d982e83-fe47-4a63-9cee-d981e4c4904d','ai_generated','9e6be0ca-8822-433b-9434-25faebe6ff2a','selection');
INSERT INTO Question VALUES('f298ba0b-62c1-4b53-9a75-7945e2f029f6','ai_generated','7bcb583d-015a-48bd-974f-d7ad92258dca','selection');
INSERT INTO Question VALUES('a8441874-6a87-4499-ae41-c82e792136ba','ai_generated','742b4b5c-01c1-4429-9956-2cb32f0171f6','selection');
INSERT INTO Question VALUES('fdaa8909-b6be-46b8-a2e0-60cac2bf0eb8','ai_generated','55331a85-439b-4bd0-ac2e-81cb5bc530f2','selection');
INSERT INTO Question VALUES('c3f99998-cb6c-4b3d-ad3e-2bcf2f257069','ai_generated','8bae3b74-c8c6-45ae-8c81-1165321012e0','selection');
INSERT INTO Question VALUES('2a2fe409-b5b6-4bc8-9c21-8248d9cd020b','ai_generated','b3558a47-7c4b-42a7-a82e-872531ede471','selection');
INSERT INTO Question VALUES('ce3ae121-e61b-4c92-a9ea-02072a962772','ai_generated','30e153ce-be8a-4999-83db-08491ca78a16','selection');
INSERT INTO Question VALUES('0d4204af-0ad5-4448-8d97-ad3b023fe9ed','ai_generated','f9aa190e-6d9e-4c57-aa90-f40c605d7863','selection');
INSERT INTO Question VALUES('38c3828e-444f-4770-9f4c-4910bb54cc0a','ai_generated','98d14525-2829-493d-ba8b-7a3c3981deb9','selection');
INSERT INTO Question VALUES('d27e5c2b-3992-4f6a-be46-8a0d969caf05','ai_generated','7bf24157-3dcb-404a-8a5c-f26112eed59b','selection');
INSERT INTO Question VALUES('00ff0e8c-87ab-4ed5-b918-4ebab262ace4','ai_generated','2d72a787-0e33-4f8e-8f22-9f7b7b78c008','selection');
INSERT INTO Question VALUES('7c2bad71-6b03-4791-a5ef-52807aec0aba','ai_generated','85ffb5f4-01ce-4f4a-b7d4-f24d5e4f331f','selection');
INSERT INTO Question VALUES('bec99b5f-f52c-4209-99c3-66d6165a9e7a','ai_generated','45f661e3-7c7f-4407-b41e-de05633e33f5','selection');
INSERT INTO Question VALUES('124add0f-b5ef-41ad-8939-32c8c373ac9e','ai_generated','c8c4c26c-4963-430a-a3ce-5cfb8bb5175c','selection');
INSERT INTO Question VALUES('9da95bcd-f5a7-46e2-ad2f-938b4d48af1a','ai_generated','f5c0953f-12fc-4a54-8c6f-9b585ee16089','selection');
INSERT INTO Question VALUES('71f6d68b-59df-461c-9b4a-e62d7d69fcc7','ai_generated','c8db2563-fc3b-424d-aee8-85dbf55c4870','selection');
INSERT INTO Question VALUES('3a7032df-266b-41e8-8f45-097feddf6427','ai_generated','5f506319-fea0-4734-89df-3b38fde94097','selection');
INSERT INTO Question VALUES('67d78342-8c06-40db-b0a3-32ed84e9bddf','ai_generated','01ab283c-1c72-413c-bb51-fe35e72f770a','selection');
INSERT INTO Question VALUES('e22ba0c5-db91-48cc-86dc-d958263f2df7','ai_generated','d4540e69-ff6a-4e8c-af32-70aaafdc6db7','selection');
INSERT INTO Question VALUES('256982fd-bf39-417d-bfe3-daa794d29558','ai_generated','2f243a6e-e9b6-402c-9dc8-877329a4552c','selection');
INSERT INTO Question VALUES('23befada-1f8c-458e-b7c2-3a7bb04754e6','ai_generated','99dca6c8-4110-4942-abb4-7ed9a90fc0f7','selection');
INSERT INTO Question VALUES('57527199-a218-437d-878a-256cc6f3cb29','ai_generated','70da8c16-ccea-4be6-a66f-2a2f20dfe11f','selection');
INSERT INTO Question VALUES('efb91ef1-adbf-43a4-a274-5e678bdacb8c','ai_generated','5bfed97c-42a6-47f0-a227-d65c6ca820b8','selection');
INSERT INTO Question VALUES('119e94e0-1f02-4b50-9f11-1c2b2e57a3a1','ai_generated','8bf1dbd5-ded2-4fd1-ae74-9dbc568bbeb8','selection');
INSERT INTO Question VALUES('66f09cf2-bdef-49d1-8efd-0ca68d6ee442','ai_generated','76359b63-9dff-4951-a709-1fa9f1da15cd','selection');
INSERT INTO Question VALUES('c54dbe9e-651f-4ceb-bc86-dcb249399f1a','ai_generated','f8dd7b41-e765-4642-a93e-3a6581f1e951','selection');
INSERT INTO Question VALUES('77e9f393-4765-4110-b574-2b3820a4a9d9','ai_generated','42ab3dce-9ff9-48bf-b493-0a65134ddfe5','selection');
INSERT INTO Question VALUES('870736ac-8f98-4d81-9e5f-7fe8be91ce84','ai_generated','0e7f7b9b-8cab-4777-af79-cd0631de5bdf','selection');
INSERT INTO Question VALUES('f5c1b2bd-d36a-47c0-b1f5-f9079f507af2','ai_generated','91abfa9b-abcc-4d9d-83f5-a757b29d1dce','selection');
INSERT INTO Question VALUES('8e0ca9ae-1f52-4735-bf77-a950f308b82e','ai_generated','97ffc6c0-fea5-4331-94cd-20208fa3e1b3','selection');
INSERT INTO Question VALUES('97b0af31-f20f-489b-9ffc-37eda98139b7','ai_generated','1a7c9510-7498-4c83-b135-be80383a9933','selection');
INSERT INTO Question VALUES('56fd3334-00c8-4ebd-b8ae-e377982725ca','ai_generated','96c2ed26-f52c-4882-b069-f1cdd702351c','selection');
INSERT INTO Question VALUES('bf3841af-391c-4ae1-9ea9-86254c11dbd4','ai_generated','df699b8f-89e5-4120-b1b7-231194efda99','selection');
INSERT INTO Question VALUES('f2abaae8-7d7c-458e-81d6-cda7d93ae729','ai_generated','377643db-0732-4680-9d7f-9fcd3eb21049','selection');
INSERT INTO Question VALUES('a83c08dc-697c-416b-9958-dfeda3f7095f','ai_generated','7fd20a5e-4ca6-4084-842d-d450283668b8','selection');
INSERT INTO Question VALUES('d5ce3376-2009-4ed5-9043-26423e5587db','ai_generated','f849a09a-d365-4d31-bc5f-a847a105bf0b','selection');
INSERT INTO Question VALUES('60966760-92b4-4649-9979-a992ddf2f7a0','ai_generated','6253f99d-4672-4816-960b-5013c7840a50','selection');
INSERT INTO Question VALUES('d64cdb6d-80d1-483f-8868-617b84bf8227','ai_generated','b8f34e32-e2fa-414e-9ec4-87f29b007839','selection');
INSERT INTO Question VALUES('de0f5218-c34a-4370-9c38-6f9ae74fce81','ai_generated','4f6d44db-249e-48de-a23a-507f14b9d354','selection');
INSERT INTO Question VALUES('4d7afd65-ae33-4f2e-9bc6-428c44d3c000','ai_generated','e90a8ca3-1918-4cd3-a96f-6ef2896dc020','selection');
INSERT INTO Question VALUES('6dcace07-8234-422d-b43f-48c9f6a408a3','ai_generated','770c542e-e56e-4822-8c31-4fd1f1563355','selection');
INSERT INTO Question VALUES('804e496e-a643-4e20-b03a-595e53dcdacc','ai_generated','c97bb73c-5d05-407d-85a9-61994c46bcc3','selection');
INSERT INTO Question VALUES('66bbc725-0cca-428e-a996-24ae24790223','ai_generated','032b3716-0912-4800-b1b5-b9a8d08dbcf3','selection');
INSERT INTO Question VALUES('d9dac7fe-2c62-437e-af20-358eb2ebd6f9','ai_generated','fb793e45-1e34-499b-a568-ded5beb466dc','selection');
INSERT INTO Question VALUES('93c3a659-430d-455a-96c4-9c2fa4fc2bc1','ai_generated','58901428-472f-40e9-996b-ca45302894db','selection');
INSERT INTO Question VALUES('39dda17c-e48f-449d-bfb5-adf7fdd9b2c7','ai_generated','c8ec3add-8f51-484c-b47b-f51323be523f','selection');
INSERT INTO Question VALUES('929e1990-c723-4ae6-8f5c-03f024e9287c','ai_generated','a7db6a88-ff8d-4917-ace1-a376a8c97d42','selection');
INSERT INTO Question VALUES('6bf879f6-aabb-4623-951b-f3bacd831ce5','ai_generated','2b903c79-1786-451f-a5ad-52591230b567','selection');
INSERT INTO Question VALUES('87a25c59-a7cc-4e3e-9204-89c80c0bf4d6','ai_generated','565f4f02-22dc-49e8-8b55-9ecf7988d254','selection');
INSERT INTO Question VALUES('85a97174-e9fe-4a46-baf5-c31613ada86f','ai_generated','b6935507-f538-48f9-95bd-830923a12cfd','selection');
INSERT INTO Question VALUES('81fdadc1-14b4-4ff6-8bc8-4a465db7897c','ai_generated','709285d5-4d1e-48d8-bf2c-67b79f6ebd2e','selection');
INSERT INTO Question VALUES('5aad3c32-d657-4406-802a-dd3580280c62','ai_generated','64604d61-a769-48ad-b6dc-2a720b0c8741','selection');
INSERT INTO Question VALUES('ad86be35-9e48-4ef7-9ab8-79ad1aff4578','ai_generated','3e03bb09-da62-44cc-9e6d-9fd176b18a2c','selection');
INSERT INTO Question VALUES('77494a04-db05-4e75-83a1-c3cec9a081a7','ai_generated','0c00cf37-667d-4b05-9ddd-82916562e13f','selection');
INSERT INTO Question VALUES('7e72328b-6383-4bac-9745-d87025dff8ce','ai_generated','13ae2623-d9e9-4bda-a8ac-527341720eee','selection');
INSERT INTO Question VALUES('eab5f0e8-bdbd-4df9-bbda-8b85ef7383d6','ai_generated','cf0ced9c-a271-40f8-a055-7b1ceafc3845','selection');
INSERT INTO Question VALUES('f12c90a9-df9d-46b2-bf3d-3c3acf9e92b4','ai_generated','551ea0aa-3ca8-42bf-8b9c-8aac63e8d68c','selection');
INSERT INTO Question VALUES('559beeff-3657-4e88-9184-b85b5ea8d2c8','ai_generated','511b4088-781e-4f74-8d1a-49df93d20be7','selection');
INSERT INTO Question VALUES('4d4ed414-9c07-482b-afe0-274bbbadf9e4','ai_generated','0c08bdf7-617e-4947-b38b-f1803cbdf08b','selection');
INSERT INTO Question VALUES('c6c31eff-fdf1-4313-a9b5-091bd670224e','ai_generated','944c8356-0a34-4cf5-b343-36ec4f54f662','selection');
INSERT INTO Question VALUES('b94a896c-5e07-4c39-8034-1a9cae95b925','ai_generated','e30be03f-cdbf-4682-a390-11dfcbb34b70','selection');
INSERT INTO Question VALUES('7a814e80-cea5-4c79-951f-ad794482dd5d','ai_generated','300a9d3c-d08f-4b8f-b20a-2b41a3873f8e','selection');
INSERT INTO Question VALUES('41f76405-4085-42a4-9af6-823933a361ca','ai_generated','a198c112-0a4a-48bf-9328-570015f9cb95','selection');
INSERT INTO Question VALUES('c93d3b6a-febd-425a-9dbc-949f3822ceb6','ai_generated','56539258-7920-4bff-8966-b11b25cb33fe','selection');
INSERT INTO Question VALUES('5274ebaf-2465-4b33-bdae-0c3c6d27ad6b','ai_generated','415f4e11-288e-4cf4-acd3-de241a2fc634','selection');
INSERT INTO Question VALUES('af5fb900-4857-4ab7-bd32-981df31d8308','ai_generated','9284f0bd-288f-43d4-8175-64d973b92d4a','selection');
INSERT INTO Question VALUES('4d3a65e4-7bcc-4a91-bc88-8953a42e9e67','ai_generated','ccb992bc-81f3-4678-87f7-764957fffc6d','selection');
INSERT INTO Question VALUES('a717d79d-5a37-4bb6-a876-bb66b611178f','ai_generated','ab4f4fff-6fde-4154-8cf7-cc009ced31d5','selection');
INSERT INTO Question VALUES('091c829c-9f64-4206-b18a-a10f438c4a35','ai_generated','dee66e0f-60b1-40aa-832a-1106870a039c','selection');
INSERT INTO Question VALUES('3868f16c-c4e5-4df1-9c2e-eeafe926473d','ai_generated','cb8ad153-c31b-4e22-91f6-c5e9e6f4637a','selection');
INSERT INTO Question VALUES('0b289b7e-74f3-48af-8096-aa5601fceb1a','ai_generated','480ca700-a7ce-43a5-a81f-19ff3461f4b9','value');
CREATE TABLE IF NOT EXISTS "QuestionPart" (
    "id" TEXT NOT NULL PRIMARY KEY,
    "questionId" TEXT NOT NULL,
    "partQuestionId" TEXT NOT NULL,
    "order" INTEGER NOT NULL,
    CONSTRAINT "QuestionPart_questionId_fkey" FOREIGN KEY ("questionId") REFERENCES "Question" ("id") ON DELETE RESTRICT ON UPDATE CASCADE,
    CONSTRAINT "QuestionPart_partQuestionId_fkey" FOREIGN KEY ("partQuestionId") REFERENCES "Question" ("id") ON DELETE RESTRICT ON UPDATE CASCADE
);
INSERT INTO QuestionPart VALUES('A5-PART1-2024-EXAM-GRAPH-ANALYSIS','31d7aac7-1e5d-42c1-bcf8-f08fc0858fc9','be6ec990-7712-4661-8834-db370180553f',1);
INSERT INTO QuestionPart VALUES('A5-PART2-2024-EXAM-GRAPH-ANALYSIS','31d7aac7-1e5d-42c1-bcf8-f08fc0858fc9','31d7aac7-1e5d-42c1-bcf8-f08fc0858fc9',2);
INSERT INTO QuestionPart VALUES('A5-PART3-2024-EXAM-GRAPH-ANALYSIS','31d7aac7-1e5d-42c1-bcf8-f08fc0858fc9','c9b96835-2bf2-4116-ace1-1f7e058dab4d',3);
INSERT INTO QuestionPart VALUES('78ccd73c-5b22-4d2e-9950-c026e0a02bdc','91c2fd31-eb88-4804-ad59-8415a3044955','75397d4b-9e65-4d97-a31f-4db89a56c64f',1);
INSERT INTO QuestionPart VALUES('2642c752-22da-49ee-901b-33d6bc739b9e','91c2fd31-eb88-4804-ad59-8415a3044955','4c98a837-8f70-4c66-85b0-079eb780c57d',2);
CREATE TABLE IF NOT EXISTS "Answer" (
    "id" TEXT NOT NULL PRIMARY KEY,
    "questionId" TEXT NOT NULL,
    CONSTRAINT "Answer_questionId_fkey" FOREIGN KEY ("questionId") REFERENCES "Question" ("id") ON DELETE RESTRICT ON UPDATE CASCADE
);
INSERT INTO Answer VALUES('7765796d-aea0-4158-8108-9a8f3b468761','82715303-8361-47ef-930e-6979947b741e');
INSERT INTO Answer VALUES('c3d4e5f6-7a8b-4c9d-ae1f-answer1111111','c3d4e5f6-7a8b-4c9d-ae1f-3a4b5c6d7e8f');
INSERT INTO Answer VALUES('d4e5f6a7-8b9c-4dae-1f2a-answer2222222','d4e5f6a7-8b9c-4dae-af2a-4b5c6d7e8f90');
INSERT INTO Answer VALUES('e5f6a7b8-9cad-4e1f-2a3b-answer3333333','e5f6a7b8-9cad-4e1f-aa3b-5c6d7e8f9aab');
INSERT INTO Answer VALUES('f6a7b8c9-ad1e-4f2a-3b4c-answer4444444','f6a7b8c9-ad1e-4f2a-ab4c-6d7e8f9aab1c');
INSERT INTO Answer VALUES('a7b8c9da-1e2f-4a3b-4c5d-answer5555555','a7b8c9da-1e2f-4a3b-ac5d-7e8f9aab1c2d');
INSERT INTO Answer VALUES('b8c9daeb-2f3a-4b5c-6d7e-answer6666666','b8c9daeb-2f3a-4b5c-ad7e-8f9aab1c2d3e');
INSERT INTO Answer VALUES('c9dae1f2-3a4b-5c6d-7e8f-answer7777777','c9dae1f2-3a4b-4c6d-ae8f-9aab1c2d3e4f');
INSERT INTO Answer VALUES('dae1f2a3-4b5c-6d7e-8f9a-answer8888888','818ae7ae-9f27-48eb-b896-00f09e7910ca');
INSERT INTO Answer VALUES('e1f2a3b4-5c6d-7e8f-9aab-answer9999999','d87215a6-e296-4bdc-acae-f444cf963ae2');
INSERT INTO Answer VALUES('f2a3b4c5-6d7e-8f9a-aab1-answer0000000','c9dd092b-057e-4449-a68a-8109a96ccccb');
INSERT INTO Answer VALUES('A1A-2024-EXAM-LOGIC-FORMALIZATION','4772edba-f192-4364-9abc-715040763696');
INSERT INTO Answer VALUES('A1B-2024-EXAM-SET-THEORY','c597d294-577d-4612-92d5-70d5a2bfed75');
INSERT INTO Answer VALUES('A1C-2024-EXAM-GRAPH-THEORY','574963f1-9917-4dff-9e61-a67004190c66');
INSERT INTO Answer VALUES('A5-PART1-ANSWER-2024-EXAM-GRAPH-ANALYSIS','be6ec990-7712-4661-8834-db370180553f');
INSERT INTO Answer VALUES('A5-PART2-ANSWER-2024-EXAM-GRAPH-ANALYSIS','31d7aac7-1e5d-42c1-bcf8-f08fc0858fc9');
INSERT INTO Answer VALUES('A5-PART3-ANSWER-2024-EXAM-GRAPH-ANALYSIS','c9b96835-2bf2-4116-ace1-1f7e058dab4d');
INSERT INTO Answer VALUES('A5-2024-EXAM-GRAPH-ANALYSIS','31d7aac7-1e5d-42c1-bcf8-f08fc0858fc9');
INSERT INTO Answer VALUES('a73521cc-1565-4d86-8719-c26456aaeb9d','75397d4b-9e65-4d97-a31f-4db89a56c64f');
INSERT INTO Answer VALUES('71ab66ac-28a2-4a66-a331-5131519ef454','4c98a837-8f70-4c66-85b0-079eb780c57d');
INSERT INTO Answer VALUES('265e9af7-a374-409d-8def-cc777787b296','91c2fd31-eb88-4804-ad59-8415a3044955');
INSERT INTO Answer VALUES('ce178537-7265-4713-ab70-ae7e2a2f57b3','c1533f9b-bf48-401f-9055-496e6cf1e7ff');
INSERT INTO Answer VALUES('c833f84e-dc56-4ab0-8a59-5bfd378b7c6c','ae430c5c-32e2-4cd5-9b0b-155d8256cfbf');
INSERT INTO Answer VALUES('e24ab3be-ceb1-436a-969c-d59eddeb12a0','9d3da146-016e-4583-bc89-3aa8f113fedc');
INSERT INTO Answer VALUES('91831553-056d-4d17-8bce-194394ea898a','3d352abc-6d69-4f7b-9708-d015fabe3426');
INSERT INTO Answer VALUES('8b2b575c-201a-42d1-8621-5f9ae45f7ddc','fe111498-245b-458d-b7f0-6ba74eaf4f93');
INSERT INTO Answer VALUES('af7417a4-5c63-4c25-bd17-292b08ac529e','35abb4b5-e856-4905-bbd0-24f94025ca75');
INSERT INTO Answer VALUES('b673ed54-1c24-4a29-a2b9-cdcc88d504c5','668b8fa6-da30-4859-89ba-15404f0c634e');
INSERT INTO Answer VALUES('6e66e7cc-d8ef-4fb8-af25-8635cd5301e6','4eb7f037-d3cc-4553-b1f2-04f79c8485f2');
INSERT INTO Answer VALUES('c69fee9d-a3b3-450c-a384-d3d723f24db6','0b72f452-1826-4414-a1e0-3bcb83e5dbc8');
INSERT INTO Answer VALUES('2d9f28e8-7f1c-4f1d-ae0d-ce1904f512a7','3351a0f5-c051-4f85-a93d-c83bcbdfbe20');
INSERT INTO Answer VALUES('fd6f60cb-c267-4da1-82f5-ff2935b6c063','5d986983-6188-4616-a220-78c15c724a72');
INSERT INTO Answer VALUES('5ca02096-a94f-4961-9a29-21504db8b67f','a84e1e98-161e-4215-a3ab-296720e6fa12');
INSERT INTO Answer VALUES('e1dd2d8c-503c-478d-b87c-060b6d5dab83','8bb9fcb0-c90a-430e-a5f5-9df0c92b9f3a');
INSERT INTO Answer VALUES('81ca5465-4f20-4076-a466-7fe68cffb5a6','4931fa06-ee0e-4bcb-8e9d-5869294d6ae3');
INSERT INTO Answer VALUES('4136ad83-d76f-41fb-8504-e1a4cf00e5e5','bb119d9c-4363-4fb4-b18f-8b673fe2e9cf');
INSERT INTO Answer VALUES('b656d13e-fdce-4d48-b4fc-dbff10c64735','51210ae1-d445-4a43-b98a-d084f8a64a1b');
INSERT INTO Answer VALUES('c8e2c069-1c26-424c-9fcf-62ec55de6866','24879301-1e9c-4148-8ca6-f8a68ba8b245');
INSERT INTO Answer VALUES('f88ddc14-2ba6-4273-b789-3e966943c908','0daa3b86-2ac2-42f6-9a40-a8be67345094');
INSERT INTO Answer VALUES('efc43465-2936-4dce-a5f4-ba4b13fc4abe','a1033614-522f-475f-9ca5-c59625f875df');
INSERT INTO Answer VALUES('00c0234c-328f-492b-bdb1-6572a5dfa44f','465f3938-6beb-40cd-9fa2-6be426439bf6');
INSERT INTO Answer VALUES('79959a55-6ee3-431f-bf42-de64d822dd0b','e3dadd54-cb2d-4856-8f04-988afcff2212');
INSERT INTO Answer VALUES('0119d10c-89a2-4f4a-90c2-f64dbde97558','4603f4bc-8fb5-42a8-8ebc-672085f10104');
INSERT INTO Answer VALUES('1e7deeb9-e88c-4c91-a95c-79536c6be7cd','3b84d950-8d79-4dd2-92f5-3e231ba870ef');
INSERT INTO Answer VALUES('D0920552-1AFA-493D-9019-4FFDBE079A32-answer','D0920552-1AFA-493D-9019-4FFDBE079A32');
INSERT INTO Answer VALUES('9C030140-9A43-46ED-9B57-9E7A17ABEB41-answer','9C030140-9A43-46ED-9B57-9E7A17ABEB41');
INSERT INTO Answer VALUES('ec73a468-679d-4997-a29e-99cf84d98e7a','ec882e46-05be-4b12-9715-514963a7fdc1');
INSERT INTO Answer VALUES('1821e0aa-3ee5-4b41-8084-876b59401015','7eeac0c9-70da-41c9-81c5-8d7d021d35de');
INSERT INTO Answer VALUES('f35b76ba-4d11-4978-868c-854c1a3c521d','c3ee52fe-d3aa-4766-b37a-e27db485e155');
INSERT INTO Answer VALUES('8b528449-52c3-4714-9748-6fc6a7903d44','d16b0597-0099-4399-b68e-e383e7ce9c2b');
INSERT INTO Answer VALUES('3b3f073f-1d7f-4dc8-a68e-420466cb4dec','afde050e-2e6a-498d-9f60-41a0a4d6ad1e');
INSERT INTO Answer VALUES('14582bd6-a7df-459f-a649-5624968656df','aaf10b9d-c077-4be0-9664-ddc362690beb');
INSERT INTO Answer VALUES('8d06d736-5684-4fc9-892f-98ec2735c4af','2836a9da-1042-40ab-a686-44300695758a');
INSERT INTO Answer VALUES('9799cdce-08a0-45a4-9ddc-63a2d3490948','8e73ca25-dac6-4055-b775-8604bcf07a61');
INSERT INTO Answer VALUES('6d82762c-ed83-4127-a85c-1b7c2c322322','64cbc8a7-9e95-4999-a73d-628713b527ef');
INSERT INTO Answer VALUES('eb5c8ad1-775a-45b1-a90e-fb8d2f137c45','588b6f9c-ae27-47f9-a8e4-678145f2bc38');
INSERT INTO Answer VALUES('7efcc177-115f-4a5e-be93-f7e6c79979f8','b63dc0f8-0951-44dd-93ca-e3cb1dbd63d0');
INSERT INTO Answer VALUES('3030c72e-817d-4f60-9873-dadeeddc587c','d0bb0263-5ec1-48d1-85db-dd6eea02067d');
INSERT INTO Answer VALUES('c2d10d3d-f3e0-4a99-80dc-248a3d70b1af','748f47e6-26ba-4b71-b63a-c0a87dafb3ca');
INSERT INTO Answer VALUES('ce096208-793b-42bc-95a7-e1cd7a594264','c9a57967-1c17-4b2c-a88d-474ab59469c1');
INSERT INTO Answer VALUES('d0e88715-7ad1-48cc-a364-c5c6543dbeb6','64889a17-54fb-4edd-b6eb-cf4edd807e3f');
INSERT INTO Answer VALUES('588a8d02-206d-4e5b-b3ea-5a54b6334bd7','21c54a9d-c5ad-4d06-8d07-c89acce469cb');
INSERT INTO Answer VALUES('0f5f68e6-6b1d-4c12-aa5f-cb5043536f5c','d554a693-d532-42c2-bff3-ad79462494f5');
INSERT INTO Answer VALUES('69cff16d-b025-4d29-8f8c-1c34fb94b548','76b2afaa-629e-4379-8e01-0575e74a72b0');
INSERT INTO Answer VALUES('5bee3bb4-cfbb-46fb-b4bd-542db9e1de43','2ca6fd38-6d9f-41b1-8823-6a36cff5de7e');
INSERT INTO Answer VALUES('3c7e424a-9185-4771-8fa2-284cb6c3ded9','55366ebc-51d1-412a-b0a4-33cab00f8c5a');
INSERT INTO Answer VALUES('6bfca521-f0f3-4094-b9a3-afbda91d152c','604ff1b4-1b80-485f-a7a1-be1b1fb43dc2');
INSERT INTO Answer VALUES('6dfe77fa-388f-4749-a491-20068369df09','5f6fe70f-7417-4f0c-86b6-5703dc3b9fa7');
INSERT INTO Answer VALUES('fee9014e-d481-4681-a241-ebf6862048bc','a69f2e8c-0a35-4a51-8ba3-f74890ea0b64');
INSERT INTO Answer VALUES('f0b1cd24-bf6c-4f21-bcf0-98ca7a52946b','f7f54fbc-c140-4fb0-9654-11b39c406563');
INSERT INTO Answer VALUES('45a02cea-ea88-43e2-bdba-06f62f115540','20771ee6-aafe-433b-b153-03b474b67aa3');
INSERT INTO Answer VALUES('EDFB5B2E-FAAC-4FC3-BBA3-8D8A73800F76','0CB337D9-F5CA-43B4-8945-531CF4C57BC2');
INSERT INTO Answer VALUES('3C95C523-997F-4BC3-A9A4-684E26ED4971','7928652E-847C-4685-8618-2449068369B2');
INSERT INTO Answer VALUES('2b55f123-42dd-463f-bea6-ce8cd8ef8e1a','f235ed49-ae6d-4202-8d1a-e5592106f7b0');
INSERT INTO Answer VALUES('fe41abf2-52cc-4a47-b980-95f3030a2828','b6be29ea-7790-4e42-aac1-12a00e493d1e');
INSERT INTO Answer VALUES('20dca280-c077-441d-bf80-374f315fb58b','2e19beed-16e7-4e45-8a00-749755150309');
INSERT INTO Answer VALUES('57574d74-b8b6-4444-a371-c2d69f5fcf11','6fc66261-2ece-4828-b7df-abb9f70a9c13');
INSERT INTO Answer VALUES('9fe9b757-ae38-49e7-b98a-140046cae94d','ee3a4ec3-c930-41b5-bd2d-453632eed46f');
INSERT INTO Answer VALUES('bf9f8c99-7c6f-4ed8-a37b-6d118840e2c1','76b376fd-00ef-4ac8-b271-5adae1b87ffa');
INSERT INTO Answer VALUES('4bee6579-07eb-4b61-85c2-8674aad6ba34','696df248-43cf-4d31-a04c-21d5bc526201');
INSERT INTO Answer VALUES('b14dc768-484c-4d63-89b4-dec271f81456','1812c17a-631d-412c-9b53-0bbe8616865b');
INSERT INTO Answer VALUES('9e4d3ade-b3ac-4ec6-bacf-6f8a73643b7c','731ff527-0bb4-449a-8bb0-8054a7ce4ff7');
INSERT INTO Answer VALUES('98185bd2-5482-490b-a99f-8685e093f182','4e5c702f-1653-4273-9e0b-6d0d0f371123');
INSERT INTO Answer VALUES('1e85ae4e-78d9-406a-8d09-e93e56252aa5','0cca7095-d2b5-402c-8895-c028c791c3b3');
INSERT INTO Answer VALUES('dff6c604-8cdc-446c-85a5-711bfe40682d','adc25314-48a4-4fb9-8849-45120c8e5b24');
INSERT INTO Answer VALUES('58b77e86-14d7-4233-972d-4ea4a262bab4','8c9fbf32-317c-48de-a1d0-3409ad149a3c');
INSERT INTO Answer VALUES('422da29f-8f7e-4fc6-9b73-9b39ffccd49e','e527edaf-afba-4686-9837-5d43bb4899bc');
INSERT INTO Answer VALUES('f32d2330-e058-4404-964d-77ddfa628897','05736047-d0a1-44b5-ab41-1ea5c554a109');
INSERT INTO Answer VALUES('9be9e6ba-c7d5-4a16-a582-c4f895550e53','863a44be-8e03-47f1-88e2-69009ef72a55');
INSERT INTO Answer VALUES('1f3e768e-534e-4785-9cb6-f660b32f8c44','b09577a0-f325-43eb-a04b-19f0244b38a2');
INSERT INTO Answer VALUES('bc09d484-3c91-418d-83ac-7c77378983de','3d0e7cbc-c976-4aa5-a1ee-f9249617adf2');
INSERT INTO Answer VALUES('d4c9233e-f3e5-42a0-9c53-66f9d6df3b16','0078b5b8-2eef-4856-962a-67fb9441fe24');
INSERT INTO Answer VALUES('94fbc3d6-b524-4418-96e0-3f50be464088','e3281abd-5909-4fec-880e-68f8da4bbdc6');
INSERT INTO Answer VALUES('51183f91-9a7d-49c7-b232-d33ec304bd8f','da5384d3-36b9-439d-81c7-4468b53d09bf');
INSERT INTO Answer VALUES('9adeaabb-69f1-46d4-bdb1-1e15b54bd091','d197e3c8-3d75-4351-9f9a-64c19a7b4f74');
INSERT INTO Answer VALUES('158295eb-68dd-4fba-9bea-e2708d6a9410','34d9cdd1-9e6f-48df-be32-fabcfd1ab5a0');
INSERT INTO Answer VALUES('a4b5cd8b-3262-4dac-9252-c884fd2f4fc2','ba270cb5-d635-41bf-8bc0-e02f794e1fb1');
INSERT INTO Answer VALUES('40f0150d-8bfd-4f9a-88ef-02711eb52e31','14da5f4c-c1ab-42a5-a6c8-ceda73f5d986');
INSERT INTO Answer VALUES('781982c2-4b33-49ae-a303-b02d55c27e42','31b9fc47-e768-47e5-9851-1e9a7b3c631e');
INSERT INTO Answer VALUES('0183b574-1a56-4b0f-ab21-65ff304c4151','01eb567b-c978-409b-a7a1-ce0074384d49');
INSERT INTO Answer VALUES('8f7f6d39-46bf-4dc3-a4d6-40e0eb57ec22','142f8b3e-b45d-447b-8f62-eed97f162e2a');
INSERT INTO Answer VALUES('5286375e-b9de-40f5-9408-16431c118453','81360e39-00c4-457c-b830-89834c8fdfe8');
INSERT INTO Answer VALUES('394f3b35-a28f-4f15-80e2-0e1e82bf2159','b727573b-e1b5-4382-989d-bcc450db06cf');
INSERT INTO Answer VALUES('bb0525cb-b62a-4d11-8178-12b5dbf94811','f156e0a4-ce55-43b4-aa22-c740a684aae6');
INSERT INTO Answer VALUES('0aea3000-072a-453d-8220-337cda42de6d','fa6c1642-52f4-488f-986b-c7af0b31efee');
INSERT INTO Answer VALUES('22522021-4f00-496e-8871-ed2a46bebb38','947b2af5-5bb8-48e4-b6e3-b124a38a87ee');
INSERT INTO Answer VALUES('093ec8e3-f24d-49b6-813b-13efd3aadcab','bede7c3d-a729-4519-a5f7-4180955d1adf');
INSERT INTO Answer VALUES('c85d86ed-8f0e-4ed9-bc15-7100752b3070','eb010669-7f22-4122-aefd-bb3241a4d391');
INSERT INTO Answer VALUES('ca568c7a-dd0b-4bc3-9c01-3f1d1db1f97b','e9c7cc22-e039-406a-bde5-de4d1d9809de');
INSERT INTO Answer VALUES('ebfc2260-7df1-40ce-8c80-535c1cae7371','c70bafe7-7d48-4916-84c2-d85bda658367');
INSERT INTO Answer VALUES('190bbe1a-7a4a-4a38-951d-51f4c9a22982','0dcd28d3-543b-4767-b4bf-c6e69381291f');
INSERT INTO Answer VALUES('01e2339f-5436-4c11-9b65-da19327e9aa4','57e72e6e-f794-49f7-912a-a89e14d60250');
INSERT INTO Answer VALUES('ba0fb684-2ade-4e38-a4ca-465575f9521a','f5160286-1312-4b1e-89ef-6a5e9b5ecd05');
INSERT INTO Answer VALUES('1b2d2de5-ddd5-4963-9339-05d3acad7fcd','2ef37e93-03e8-44cf-8d46-f9e959bb6370');
INSERT INTO Answer VALUES('15ebcde4-e084-4113-8493-a8534ae081f7','f1f1199b-8535-40a8-a24e-85f90d4f79f5');
INSERT INTO Answer VALUES('6ccf46c4-361c-4c8b-b8b4-52905614831a','053fef57-b721-4fc0-a182-661e79593209');
INSERT INTO Answer VALUES('bbb4371b-45e9-42e8-bf72-a0b149a245d0','2cce300c-e714-4af8-a4f3-fc353468d03d');
INSERT INTO Answer VALUES('54d98d13-852d-4b40-9e49-c5efd83633cd','210937a0-8392-4661-85e0-ac34e5c51f4d');
INSERT INTO Answer VALUES('6ae6b923-d2fa-4a28-a3f9-2e1b704b0598','30142fba-9dd7-4d33-b91d-cec9cacff81d');
INSERT INTO Answer VALUES('4996aab1-8cac-4e64-9d3a-7d06c6cdc742','758927d5-136f-45bd-a017-9ed0ff13b587');
INSERT INTO Answer VALUES('a54d21c1-a5b9-4506-8a68-dc7fa859fd34','16e7c749-51f8-4482-8b84-1cf9eec7fdbc');
INSERT INTO Answer VALUES('611f5e86-ca84-4208-9f31-b8902cf9ee9d','42977405-31b2-44b9-9a50-a39caf11e7df');
INSERT INTO Answer VALUES('054136a5-012e-42ea-8da0-dab1f491c814','51aaa9ae-f682-43b2-9865-07909157adc3');
INSERT INTO Answer VALUES('af4e6613-2e03-4201-9c41-ba6fa92c9de9','1dac838b-24d1-42c1-a4fa-c39cfa911020');
INSERT INTO Answer VALUES('55821ae6-9be4-40f4-9c08-23d9149a6fcd','435a3fdb-fbeb-4fc2-bccb-5c1ae5d7c3b7');
INSERT INTO Answer VALUES('af28c0a7-966d-44f6-838f-4c77dde2ef8e','631e3d95-9be1-4b06-8c67-0b284c6743f4');
INSERT INTO Answer VALUES('b58f4b4d-d333-44f1-8039-e035eef5393d','8024ece5-d316-4f14-8095-02448b7319b4');
INSERT INTO Answer VALUES('87dd2b44-d72d-4435-9013-59677bc41111','67e9763f-efc6-42c5-a1d2-65a79ea8a6a5');
INSERT INTO Answer VALUES('764b3d07-ebd3-4394-875a-ae510a6523ae','ed24fe0e-e03b-487e-bc4e-024185cc1eed');
INSERT INTO Answer VALUES('1aefa9a9-d3d8-43c0-ae55-003af752fd31','67521599-9c4d-4caa-b954-28d693b455a9');
INSERT INTO Answer VALUES('50e669f1-d096-4568-be90-77f6b9d28200','a8d52088-a920-4c15-8430-cb64ed141c8b');
INSERT INTO Answer VALUES('a61a26d1-2184-4940-b7ff-583ee595eddf','9e0d0fae-3372-47b1-ada0-cf4bed191b06');
INSERT INTO Answer VALUES('e26f0543-475c-4636-951e-23c273e8aa62','3ca98efb-fadd-43c7-b769-54eaf0af0f8d');
INSERT INTO Answer VALUES('4a61612b-9fe1-45d0-8526-3c7703858700','571753da-c324-43dc-b470-af03755d33ca');
INSERT INTO Answer VALUES('c1880b46-588c-4b70-9312-0f5f6eb8120c','e2a99c54-dce2-4abf-b873-ce05a23d6904');
INSERT INTO Answer VALUES('03d23b7a-9bdb-4729-bed8-9ea4290b4442','6be2c824-0394-4e7b-a885-e9f101bc9429');
INSERT INTO Answer VALUES('aa641226-96af-4d0f-82c7-046a3c471d20','721b116a-8c30-40f6-8d0b-800c6c971c74');
INSERT INTO Answer VALUES('af15e5f9-1fc7-4ca4-bb1a-4b62b6a6de12','830c9066-5f82-4e11-b1f6-5b372c9bad51');
INSERT INTO Answer VALUES('6b609c9b-733a-4dfc-9496-f417f4121514','57bb3d11-c0ed-42b7-8a47-a506e747b8b0');
INSERT INTO Answer VALUES('44c6aa88-dcd8-459b-a5d4-512a8de0c6f2','70f236db-e064-47c1-8932-1addccc2cf90');
INSERT INTO Answer VALUES('c260309e-25b0-4227-b98f-657f106dde6c','503986fa-775c-42ca-9f1e-d16bc0ec043a');
INSERT INTO Answer VALUES('4ea0cfb1-8a41-4b9f-af91-1dc46d86d717','13958006-433b-4362-8a14-68f721e0af63');
INSERT INTO Answer VALUES('fdf646b2-397e-4fa6-bc7d-c2e3040274b1','646a17e1-ff64-44ea-8058-f4989d4b93cf');
INSERT INTO Answer VALUES('13dcec1f-eae9-4cc9-926a-de2b2a1722ff','e21ee86d-3073-400d-9bd3-872fd1883740');
INSERT INTO Answer VALUES('a9bcaab2-94eb-4a47-9050-6e5d3e55512e','916a44ad-414a-4cb0-bb1a-3ac2dec17764');
INSERT INTO Answer VALUES('5e5ae224-d748-44ae-bd52-60250f5074b1','3eb245c5-c5c6-4bdf-959e-23f2dc91e5ef');
INSERT INTO Answer VALUES('1dd53455-34d0-4d6a-8578-f5280d8bdb99','a9008c59-3857-423e-ae40-875950cb2372');
INSERT INTO Answer VALUES('5cb21c69-f170-47fe-b51d-140e68d24608','8989e12a-1358-425a-b370-27e734b161de');
INSERT INTO Answer VALUES('0a1d8b16-2e0b-4b90-b1c2-fe007a3d8a7d','d28cdc03-a801-4ab8-bb2d-171814ebce17');
INSERT INTO Answer VALUES('0c2c0da3-f8e1-4256-b8a8-a95823b02691','38847c2a-6b25-4c8e-8457-3242f316ce8a');
INSERT INTO Answer VALUES('a5b2c4b6-1473-4201-acac-2facb6ae9452','388939fb-97cd-4a18-8f37-7f40cec42792');
INSERT INTO Answer VALUES('a919f7d3-9878-461e-b9ae-8f0bf9cabd8d','187163a2-a449-4581-afc0-c48f5edf8fe6');
INSERT INTO Answer VALUES('79c1c93a-0985-471a-bedd-7b58d4e5c435','519d8b74-57a3-4307-9ecf-d1e13b4bcb3a');
INSERT INTO Answer VALUES('7103b82b-100d-4e6f-b227-d9c1e4a5a062','cb840bda-23ce-49ac-9127-9646ac0086cb');
INSERT INTO Answer VALUES('f1a2b3c4-1111-4567-890a-bcdef0123457','f1a2b3c4-1111-4567-890a-bcdef0123456');
INSERT INTO Answer VALUES('f2a2b3c4-2222-4567-890a-bcdef0123457','f2a2b3c4-2222-4567-890a-bcdef0123456');
INSERT INTO Answer VALUES('f3a2b3c4-3333-4567-890a-bcdef0123457','f3a2b3c4-3333-4567-890a-bcdef0123456');
INSERT INTO Answer VALUES('f4a2b3c4-4444-4567-890a-bcdef0123457','f4a2b3c4-4444-4567-890a-bcdef0123456');
INSERT INTO Answer VALUES('f5a2b3c4-5555-4567-890a-bcdef0123457','f5a2b3c4-5555-4567-890a-bcdef0123456');
INSERT INTO Answer VALUES('f6a2b3c4-6666-4567-890a-bcdef0123457','f6a2b3c4-6666-4567-890a-bcdef0123456');
INSERT INTO Answer VALUES('f7a2b3c4-7777-4567-890a-bcdef0123457','f7a2b3c4-7777-4567-890a-bcdef0123456');
INSERT INTO Answer VALUES('f8a2b3c4-8888-4567-890a-bcdef0123457','f8a2b3c4-8888-4567-890a-bcdef0123456');
INSERT INTO Answer VALUES('f9a2b3c4-9999-4567-890a-bcdef0123457','f9a2b3c4-9999-4567-890a-bcdef0123456');
INSERT INTO Answer VALUES('faa2b3c4-aaaa-4567-890a-bcdef0123457','faa2b3c4-aaaa-4567-890a-bcdef0123456');
INSERT INTO Answer VALUES('fba2b3c4-bbbb-4567-890a-bcdef0123457','fba2b3c4-bbbb-4567-890a-bcdef0123456');
INSERT INTO Answer VALUES('fca2b3c4-cccc-4567-890a-bcdef0123457','fca2b3c4-cccc-4567-890a-bcdef0123456');
INSERT INTO Answer VALUES('fda2b3c4-dddd-4567-890a-bcdef0123457','fda2b3c4-dddd-4567-890a-bcdef0123456');
INSERT INTO Answer VALUES('fea2b3c4-eeee-4567-890a-bcdef0123457','fea2b3c4-eeee-4567-890a-bcdef0123456');
INSERT INTO Answer VALUES('ffa2b3c4-ffff-4567-890a-bcdef0123457','ffa2b3c4-ffff-4567-890a-bcdef0123456');
INSERT INTO Answer VALUES('f0a2b3c4-0000-4567-890a-bcdef0123457','f0a2b3c4-0000-4567-890a-bcdef0123456');
INSERT INTO Answer VALUES('c371ef3f-1be2-46c3-8f7a-338fd983601e','1c01fb9c-eedf-4792-9c4e-7868098f0254');
INSERT INTO Answer VALUES('92ee7f0b-c860-4d44-bb49-bab1a0d8219a','ed852db8-47b4-4632-9032-b8ad4447f6de');
INSERT INTO Answer VALUES('e33dddc3-3efc-4230-91c4-ecac91ecb4eb','a2de90e6-8816-4185-b876-0e0408f53d1b');
INSERT INTO Answer VALUES('e7774c7f-a4d0-4cba-bc64-dc13e3e48449','1e96dd52-45d6-43eb-8c3a-2b8bd80cb11d');
INSERT INTO Answer VALUES('7d88e065-5a8b-4e81-b34e-50e69479251b','65f191e3-41fe-4dc7-9f1d-3ace05dec094');
INSERT INTO Answer VALUES('955a60fa-9454-403e-a018-1b9ad4519996','2906e9e4-8565-4096-9a7b-516366f991a3');
INSERT INTO Answer VALUES('b8498467-eac2-4528-816b-13ffb71d66eb','5dedb416-8cfb-4a84-b1e3-4305e10689fd');
INSERT INTO Answer VALUES('6c116e48-5b1b-412e-a8d6-247e8baad789','de8d4330-0e4f-440c-874a-58a63441b07d');
INSERT INTO Answer VALUES('f29268fd-8d42-4d79-8a57-495558a888b6','52c4d70d-5b41-40eb-841a-d655bee0ded0');
INSERT INTO Answer VALUES('b241bfc1-748f-4775-b4a9-fa10d2eccac2','e52169d0-cba2-4889-b327-3a2f610df34f');
INSERT INTO Answer VALUES('63556833-7bac-4e95-871d-bf8e144f4884','4817954c-91ff-460d-a69b-a50507781d48');
INSERT INTO Answer VALUES('e3e85d47-8d35-4521-b507-c81d5bb579e9','3ed9edf5-6783-4a6c-8421-5b6e39f4416e');
INSERT INTO Answer VALUES('4f6ca6ae-c225-4f08-bc06-5ada7cf659b5','9da9bb06-7c47-49e0-8e5f-2d705b8e0c65');
INSERT INTO Answer VALUES('e5142250-326f-4d55-b8e4-86dcdc45af64','96d606d2-95d4-42bf-b6bd-40e20deea584');
INSERT INTO Answer VALUES('194dbc1b-0029-42b3-9423-1e48c4da3a67','055356ae-1862-4150-8b82-2f53f3abd864');
INSERT INTO Answer VALUES('011ab3ff-8455-417c-89e7-98b5253ea4c6','fb6d6ef9-dd8e-4e77-969d-bbe4b2c65a8a');
INSERT INTO Answer VALUES('1f0b8cd6-881b-4448-b5cb-880a85d88006','8ddfb44e-b729-4d52-946b-ccef0fdc7639');
INSERT INTO Answer VALUES('2b17eb29-dca2-4d32-8459-b5df2b60a24f','08eb3b54-0990-4767-a1bc-f06af3845a4b');
INSERT INTO Answer VALUES('db579826-aa94-49ac-ade8-f6ec932b5cb6','abebb16a-625f-46bc-86f7-8d62b26a0068');
INSERT INTO Answer VALUES('b257b4b2-1f59-4928-8672-42c8c71ca6d3','6418770c-9dc3-46fe-a975-c9cf96a1e6e1');
INSERT INTO Answer VALUES('08fe5e6c-4385-4bea-8b5d-ef579b879823','0f2a875a-76ae-4d97-af58-6ad023ca5097');
INSERT INTO Answer VALUES('0dfe6ced-c9d8-48a7-bd07-62b5ae1a05ba','ce287b90-6484-4619-b3e0-96c3a9a246c0');
INSERT INTO Answer VALUES('450c2f52-703a-488e-b0a1-b162d1e765c6','2343d8a5-264f-4cfd-a3d1-fbe415d5ce54');
INSERT INTO Answer VALUES('c41e0573-8875-4a4e-856e-1f6e420d39f2','f70a4043-8eea-48ce-80cb-9dd68f0075c8');
INSERT INTO Answer VALUES('01060db7-47b3-487c-8589-cd8125b32f30','06575de9-99ef-407f-ab59-8046e2467450');
INSERT INTO Answer VALUES('9009ab37-6230-4f76-bc4e-4c5389ae5d18','6d8f2416-61eb-4d7c-9499-af265f0e2bbf');
INSERT INTO Answer VALUES('f6d6446a-f3fc-402e-a033-fca2e422612e','428ea415-923a-4fb6-be7d-510a569bcb3b');
INSERT INTO Answer VALUES('d840187a-1be5-444a-8d4f-f7ff2cf01382','b70fe21c-11f4-4122-98bf-8594a2412f68');
INSERT INTO Answer VALUES('fe45ce78-87db-4f5f-84e5-4a95ccd3714f','f0e6f719-8309-4215-af93-273ddb0a0a4b');
INSERT INTO Answer VALUES('a4ad887d-e779-40a4-8dc4-da8cfe9ddb41','edefe330-a9bc-4eda-94e9-9fd172313023');
INSERT INTO Answer VALUES('23ada08f-c975-4caa-a22f-6c84e0f091ab','acad4524-e5c5-418e-9049-f4cc51e3fbd9');
INSERT INTO Answer VALUES('8a4100a0-5418-417c-a497-44b2e7c32aaf','2d1da962-4d25-4cde-8a06-9d338b07fe3c');
INSERT INTO Answer VALUES('9c010677-b76d-4f59-ac43-d781a6f4e74c','cfca8708-73de-4f07-be3d-7ab69a4e3725');
INSERT INTO Answer VALUES('6ab8bb6e-3e52-47f0-a947-f0b0c3860203','e7c0b8ce-e03c-40ba-8c89-53bff74528e2');
INSERT INTO Answer VALUES('ab952f3a-0e25-4ba3-9269-1981ff56d96a','690c8cae-2262-42be-8451-e858a386a2a7');
INSERT INTO Answer VALUES('0f71ce99-a90d-48ca-946d-c62708cf80f6','87681174-9ddf-4cb4-b79d-dade47e59670');
INSERT INTO Answer VALUES('d217eb00-074c-4ab2-86cd-1ecafcb97757','d983d39d-c906-4e43-a213-e25317ca85ad');
INSERT INTO Answer VALUES('56af6c05-db48-499c-b32d-174dcafe76a8','7bd38a61-eae0-4790-818d-98bdda27f2fe');
INSERT INTO Answer VALUES('5fad5fa4-366f-4cc4-8faf-0f41d8d6223c','e44492b0-ba38-425a-9b26-f6187cfac406');
INSERT INTO Answer VALUES('8c3bc0e0-8a87-4de6-a786-186752f42cf9','44bcfec5-15f7-4e6b-93e6-c2d218a5d958');
INSERT INTO Answer VALUES('4782ab64-8d89-4728-8869-9183fc7595bc','c66f213d-d82d-4487-bd84-fcc16c42bc12');
INSERT INTO Answer VALUES('7e089be2-446c-4b15-b47a-0d02300c757d','83ec1df6-61b0-4f0f-b1a0-85868f36504a');
INSERT INTO Answer VALUES('5652948d-7d8b-44a8-bb1e-f38ac1277fe6','a3d0274f-e899-4cb9-8f51-dd8a70c3da11');
INSERT INTO Answer VALUES('3a13ca7b-a014-4da2-8037-c76387872414','f947f030-47fe-4fa2-8f8f-ac491e4870f9');
INSERT INTO Answer VALUES('f73fb1ad-460f-4e00-8952-977e77809cfb','a6537faa-4599-471a-952b-6a6353678eca');
INSERT INTO Answer VALUES('87719a18-8617-4c62-83c1-f6f5426ae9ea','230b27d3-deb0-4205-a6ed-e4ee00245157');
INSERT INTO Answer VALUES('d01d38a3-70a2-43c6-b504-9b362ee50a9f','3c26a434-840a-4879-9d26-ffe43a40cbb9');
INSERT INTO Answer VALUES('f35d4445-a478-4fa6-97d3-60f17a6190e8','6a48d3d3-0b58-4852-a500-9eb907a8bb19');
INSERT INTO Answer VALUES('186d685c-6c3e-4447-b414-51f0bdbfe074','17b109bc-907c-407a-8f72-d66076911a70');
INSERT INTO Answer VALUES('8165efb7-2594-4108-a313-648c51f24974','1d982e83-fe47-4a63-9cee-d981e4c4904d');
INSERT INTO Answer VALUES('4b7ba131-4821-47e9-9f3d-512d6ca3eae2','f298ba0b-62c1-4b53-9a75-7945e2f029f6');
INSERT INTO Answer VALUES('43110d10-df5b-41ed-bde9-5ed222a9ef65','a8441874-6a87-4499-ae41-c82e792136ba');
INSERT INTO Answer VALUES('5ba2beda-b159-4672-bf66-50c9dbb4efea','fdaa8909-b6be-46b8-a2e0-60cac2bf0eb8');
INSERT INTO Answer VALUES('c0907d7f-180a-4592-b68f-ed84ab599764','c3f99998-cb6c-4b3d-ad3e-2bcf2f257069');
INSERT INTO Answer VALUES('9a522513-e75a-4d26-ab9b-7fbb0b954f53','2a2fe409-b5b6-4bc8-9c21-8248d9cd020b');
INSERT INTO Answer VALUES('50c54597-21b9-4e8a-b6bb-65a2957d5d6d','ce3ae121-e61b-4c92-a9ea-02072a962772');
INSERT INTO Answer VALUES('59f4ca8f-034c-4a0c-ae07-e4789177ba4a','0d4204af-0ad5-4448-8d97-ad3b023fe9ed');
INSERT INTO Answer VALUES('71f7b18a-536e-468b-9522-526fa1940f37','38c3828e-444f-4770-9f4c-4910bb54cc0a');
INSERT INTO Answer VALUES('76f776f1-204c-4c6a-9920-5431de669f2e','d27e5c2b-3992-4f6a-be46-8a0d969caf05');
INSERT INTO Answer VALUES('263c39a9-c97a-4a09-a965-6bc03009e7ba','00ff0e8c-87ab-4ed5-b918-4ebab262ace4');
INSERT INTO Answer VALUES('ea231715-01f6-4d65-b8e7-1c36444cc6f9','7c2bad71-6b03-4791-a5ef-52807aec0aba');
INSERT INTO Answer VALUES('9b0d2897-23a1-414a-8350-dd0ab1d1785b','bec99b5f-f52c-4209-99c3-66d6165a9e7a');
INSERT INTO Answer VALUES('cb1b2809-91cf-44d5-9725-c8a8cb42f98e','124add0f-b5ef-41ad-8939-32c8c373ac9e');
INSERT INTO Answer VALUES('acca3ea9-cf0a-4a2a-a827-00d4a29a69bd','9da95bcd-f5a7-46e2-ad2f-938b4d48af1a');
INSERT INTO Answer VALUES('c136fa61-5d65-4034-aa30-57daf96e4e08','71f6d68b-59df-461c-9b4a-e62d7d69fcc7');
INSERT INTO Answer VALUES('7bd13881-8921-4ab8-9652-7fe203393d43','3a7032df-266b-41e8-8f45-097feddf6427');
INSERT INTO Answer VALUES('863493f5-569a-4360-8b93-90668bd72f08','67d78342-8c06-40db-b0a3-32ed84e9bddf');
INSERT INTO Answer VALUES('0f7c5864-c09d-4f4f-88e3-84e6f9e11dc1','e22ba0c5-db91-48cc-86dc-d958263f2df7');
INSERT INTO Answer VALUES('1a37f2a5-b997-4f57-9a3a-1326421f51b5','256982fd-bf39-417d-bfe3-daa794d29558');
INSERT INTO Answer VALUES('3f3e84c5-d3f9-41ca-a94d-8a18ed95e7ac','23befada-1f8c-458e-b7c2-3a7bb04754e6');
INSERT INTO Answer VALUES('cc91281f-899e-41f0-97f2-8872aff55d19','57527199-a218-437d-878a-256cc6f3cb29');
INSERT INTO Answer VALUES('fa7e1299-8fae-49d5-be20-a79d44010dad','efb91ef1-adbf-43a4-a274-5e678bdacb8c');
INSERT INTO Answer VALUES('34e9d0b2-b471-4995-bdce-caa070927f8a','119e94e0-1f02-4b50-9f11-1c2b2e57a3a1');
INSERT INTO Answer VALUES('d47d6250-8fef-48d0-b741-60a6711cbc9b','66f09cf2-bdef-49d1-8efd-0ca68d6ee442');
INSERT INTO Answer VALUES('509f4a57-cb5b-4bfa-979f-b11dd0d40c87','c54dbe9e-651f-4ceb-bc86-dcb249399f1a');
INSERT INTO Answer VALUES('75bcf1bb-08e0-4640-9d52-be5babaad954','77e9f393-4765-4110-b574-2b3820a4a9d9');
INSERT INTO Answer VALUES('c5391820-1747-4e64-81ba-564513f33d01','870736ac-8f98-4d81-9e5f-7fe8be91ce84');
INSERT INTO Answer VALUES('c8cc3cde-b5bf-4f59-a092-b88b06801d8d','f5c1b2bd-d36a-47c0-b1f5-f9079f507af2');
INSERT INTO Answer VALUES('5498da32-bd27-44c3-96f6-9bfcbde11873','8e0ca9ae-1f52-4735-bf77-a950f308b82e');
INSERT INTO Answer VALUES('3911b070-37f2-4460-8ecd-348967f49fbe','97b0af31-f20f-489b-9ffc-37eda98139b7');
INSERT INTO Answer VALUES('f268190a-6a04-4ec3-8e1c-3363d5ebfeed','56fd3334-00c8-4ebd-b8ae-e377982725ca');
INSERT INTO Answer VALUES('573c49b7-479c-4a75-8a69-7ef07187e0e0','bf3841af-391c-4ae1-9ea9-86254c11dbd4');
INSERT INTO Answer VALUES('c22be058-8a95-4870-9cf7-c2256e47c986','f2abaae8-7d7c-458e-81d6-cda7d93ae729');
INSERT INTO Answer VALUES('6748dd15-0e6e-49f5-9f0c-61ff4ff3cd02','a83c08dc-697c-416b-9958-dfeda3f7095f');
INSERT INTO Answer VALUES('fa4f0fc2-07cb-4268-89e7-6fd9246ef464','d5ce3376-2009-4ed5-9043-26423e5587db');
INSERT INTO Answer VALUES('57dee78f-e0f4-49be-80cc-2fe9d445e2b9','60966760-92b4-4649-9979-a992ddf2f7a0');
INSERT INTO Answer VALUES('d48342bc-251e-4a92-a84f-56635669e8b0','d64cdb6d-80d1-483f-8868-617b84bf8227');
INSERT INTO Answer VALUES('a5407a03-bcce-47d6-94df-ce584e7312db','de0f5218-c34a-4370-9c38-6f9ae74fce81');
INSERT INTO Answer VALUES('374d8248-df60-40ef-9eb6-bcdc775f50d3','4d7afd65-ae33-4f2e-9bc6-428c44d3c000');
INSERT INTO Answer VALUES('af2f14e1-006e-4f49-9fef-8ac85a5744a9','6dcace07-8234-422d-b43f-48c9f6a408a3');
INSERT INTO Answer VALUES('a1e2a76c-9bf5-498d-a164-b72de2095f2c','804e496e-a643-4e20-b03a-595e53dcdacc');
INSERT INTO Answer VALUES('4e4cb60e-4a4c-4282-b018-bad3134fa9ae','66bbc725-0cca-428e-a996-24ae24790223');
INSERT INTO Answer VALUES('223db1a3-b8d1-492d-8dc2-6e25340148c5','d9dac7fe-2c62-437e-af20-358eb2ebd6f9');
INSERT INTO Answer VALUES('920a67a3-7a50-435a-ba3a-e52988106a40','93c3a659-430d-455a-96c4-9c2fa4fc2bc1');
INSERT INTO Answer VALUES('3f91e800-7e0f-40ed-93ca-682b0e073f44','39dda17c-e48f-449d-bfb5-adf7fdd9b2c7');
INSERT INTO Answer VALUES('346042df-2b13-405e-b244-6b85c81d5e9e','929e1990-c723-4ae6-8f5c-03f024e9287c');
INSERT INTO Answer VALUES('05c1a333-f483-4fb2-9435-da3e78970831','6bf879f6-aabb-4623-951b-f3bacd831ce5');
INSERT INTO Answer VALUES('6c2ec10b-2e63-47dc-890b-9a890e41ab01','87a25c59-a7cc-4e3e-9204-89c80c0bf4d6');
INSERT INTO Answer VALUES('63ad2822-e401-4eb5-ba4a-c9b4fa90695e','85a97174-e9fe-4a46-baf5-c31613ada86f');
INSERT INTO Answer VALUES('c12a0735-5a00-4297-9c36-68e91a48acb0','81fdadc1-14b4-4ff6-8bc8-4a465db7897c');
INSERT INTO Answer VALUES('7eea37a1-5857-4f26-8351-8606bc6eeec2','5aad3c32-d657-4406-802a-dd3580280c62');
INSERT INTO Answer VALUES('2695daac-9de7-4718-bd19-3fd26c99ace4','ad86be35-9e48-4ef7-9ab8-79ad1aff4578');
INSERT INTO Answer VALUES('dd80a97c-4b58-4152-a02b-e32e1ac31bfa','77494a04-db05-4e75-83a1-c3cec9a081a7');
INSERT INTO Answer VALUES('a133a035-de34-45e4-90c4-eca7bcdc8a75','7e72328b-6383-4bac-9745-d87025dff8ce');
INSERT INTO Answer VALUES('e4cb769a-97c5-4e4b-98d4-fedca8689bce','eab5f0e8-bdbd-4df9-bbda-8b85ef7383d6');
INSERT INTO Answer VALUES('2cd83625-aab9-4eb7-b53c-b0d30eef7108','f12c90a9-df9d-46b2-bf3d-3c3acf9e92b4');
INSERT INTO Answer VALUES('19a98860-81c0-4203-beea-f2f8f8b25e16','559beeff-3657-4e88-9184-b85b5ea8d2c8');
INSERT INTO Answer VALUES('6e54c24e-2db5-46fc-a408-9a61ccd71c43','4d4ed414-9c07-482b-afe0-274bbbadf9e4');
INSERT INTO Answer VALUES('457c5cdc-0bca-4153-a3a5-d7cd52b26069','c6c31eff-fdf1-4313-a9b5-091bd670224e');
INSERT INTO Answer VALUES('062d77f6-8ebb-474d-a263-c536f12c9c69','b94a896c-5e07-4c39-8034-1a9cae95b925');
INSERT INTO Answer VALUES('f2cbf0b3-6d7f-4f28-a9b9-bdd295674bee','7a814e80-cea5-4c79-951f-ad794482dd5d');
INSERT INTO Answer VALUES('54361297-be3b-4b38-8a01-f32f6324fba8','41f76405-4085-42a4-9af6-823933a361ca');
INSERT INTO Answer VALUES('2aa963e9-86af-4d97-af56-8aed42ff9f63','c93d3b6a-febd-425a-9dbc-949f3822ceb6');
INSERT INTO Answer VALUES('0dc73a95-0148-41ce-8c45-b3d296e6526f','5274ebaf-2465-4b33-bdae-0c3c6d27ad6b');
INSERT INTO Answer VALUES('1666a586-5044-416a-91df-f0708a136ef6','af5fb900-4857-4ab7-bd32-981df31d8308');
INSERT INTO Answer VALUES('833d0377-16c4-4e77-9bf9-6ba1582f58c2','4d3a65e4-7bcc-4a91-bc88-8953a42e9e67');
INSERT INTO Answer VALUES('09fd1b99-ecf4-46e4-ad20-4ecaab1654ac','a717d79d-5a37-4bb6-a876-bb66b611178f');
INSERT INTO Answer VALUES('495d6418-471c-4b5e-92b9-f7ad44a1eeaa','091c829c-9f64-4206-b18a-a10f438c4a35');
INSERT INTO Answer VALUES('df5c4ed7-7109-4c20-88dd-87e05833d16f','3868f16c-c4e5-4df1-9c2e-eeafe926473d');
INSERT INTO Answer VALUES('05fe080d-0020-4f11-828e-0aa87dfe2cdd','0b289b7e-74f3-48af-8096-aa5601fceb1a');
CREATE TABLE IF NOT EXISTS "SelectAnswer" (
    "id" TEXT NOT NULL PRIMARY KEY,
    "isCorrect" BOOLEAN NOT NULL,
    "translationId" TEXT NOT NULL,
    "answerId" TEXT NOT NULL,
    CONSTRAINT "SelectAnswer_translationId_fkey" FOREIGN KEY ("translationId") REFERENCES "Translation" ("id") ON DELETE RESTRICT ON UPDATE CASCADE,
    CONSTRAINT "SelectAnswer_answerId_fkey" FOREIGN KEY ("answerId") REFERENCES "Answer" ("id") ON DELETE RESTRICT ON UPDATE CASCADE
);
INSERT INTO SelectAnswer VALUES('3b1ab701-ddbf-4964-8b89-b094a4f39c74',1,'7ac8c2ed-1b4f-4e7a-9d5e-8f3b2c4a1e6d','7765796d-aea0-4158-8108-9a8f3b468761');
INSERT INTO SelectAnswer VALUES('86d3b1f2-edad-426d-bc3d-ed8a00cb5e6f',0,'9e2f4a1c-3d5e-4b7f-8a9d-1c2e3f4a5b6c','7765796d-aea0-4158-8108-9a8f3b468761');
INSERT INTO SelectAnswer VALUES('dfb0bdcc-b665-4346-9c3e-4c8363abfa82',0,'1f3e5a7c-4b6d-4e8f-9a1c-2d3e4f5a6b7c','7765796d-aea0-4158-8108-9a8f3b468761');
INSERT INTO SelectAnswer VALUES('8de87d54-8cca-406b-9efd-cae3316f54ca',0,'2a4c6e8f-5b7d-4f9a-8c1e-3d4e5f6a7b8c','7765796d-aea0-4158-8108-9a8f3b468761');
INSERT INTO SelectAnswer VALUES('7b4f58ce-80ba-4afa-85f3-aa2d3afb2afe',0,'3b5d7f9a-6c8e-4a1c-9d2e-4e5f6a7b8c9d','7765796d-aea0-4158-8108-9a8f3b468761');
INSERT INTO SelectAnswer VALUES('b30305ba-f9d5-4ae7-a857-c5332167dbbb',0,'4c6e8a1c-7d9f-4b2d-8e1f-5f6a7b8c9d1e','7765796d-aea0-4158-8108-9a8f3b468761');
INSERT INTO SelectAnswer VALUES('2c9fa43e-8251-4e91-9282-906f6e42f89b',0,'5d7f9b2e-8e1a-4c3e-9f2a-6a7b8c9d1e2f','7765796d-aea0-4158-8108-9a8f3b468761');
INSERT INTO SelectAnswer VALUES('66e32bf3-c76c-4d37-aea2-15b473e42df5',0,'6e8a1c3f-9f2b-4d4f-8a3b-7b8c9d1e2f3a','7765796d-aea0-4158-8108-9a8f3b468761');
INSERT INTO SelectAnswer VALUES('c3d4e5f6-7a8b-4c9d-ae1f-3a4b5c6d7e80',1,'125ce73c-d805-4b59-964f-803622af970f','c3d4e5f6-7a8b-4c9d-ae1f-answer1111111');
INSERT INTO SelectAnswer VALUES('c3d4e5f6-7a8b-4c9d-ae1f-3a4b5c6d7e81',0,'9ee2bfb0-d61f-4868-9043-fda35f4ac4a0','c3d4e5f6-7a8b-4c9d-ae1f-answer1111111');
INSERT INTO SelectAnswer VALUES('c3d4e5f6-7a8b-4c9d-ae1f-3a4b5c6d7e82',0,'cbaa37dd-3e2a-4f98-bbf3-f7d222f51941','c3d4e5f6-7a8b-4c9d-ae1f-answer1111111');
INSERT INTO SelectAnswer VALUES('c3d4e5f6-7a8b-4c9d-ae1f-3a4b5c6d7e83',0,'eb7ecfd5-e0f6-4015-a11a-e95ecdf10111','c3d4e5f6-7a8b-4c9d-ae1f-answer1111111');
INSERT INTO SelectAnswer VALUES('d4e5f6a7-8b9c-4dae-af2a-4b5c6d7e8f90',1,'5df906fb-8847-4838-abea-4e3938520485','d4e5f6a7-8b9c-4dae-1f2a-answer2222222');
INSERT INTO SelectAnswer VALUES('af3ff0aa-3771-4b9f-9d20-78df8938cd44',0,'b8bd7fdc-2702-4573-b59e-6be89c72326f','d4e5f6a7-8b9c-4dae-1f2a-answer2222222');
INSERT INTO SelectAnswer VALUES('e5df651e-9140-4ae7-87b8-1505f2537c98',0,'60f64bba-18b7-461b-9df3-f9e090199550','d4e5f6a7-8b9c-4dae-1f2a-answer2222222');
INSERT INTO SelectAnswer VALUES('fed14392-b87b-4978-b3dc-f84a6db7dc5c',0,'4d24ab4e-0ff2-49aa-bfbc-67f3b3a4ac05','d4e5f6a7-8b9c-4dae-1f2a-answer2222222');
INSERT INTO SelectAnswer VALUES('e5f6a7b8-9cad-4e1f-aa3b-5c6d7e8f9aa0',1,'7f9c1e3a-ad2f-4e5a-9b4c-8c9d1e2f3a4b','e5f6a7b8-9cad-4e1f-2a3b-answer3333333');
INSERT INTO SelectAnswer VALUES('e5f6a7b8-9cad-4e1f-aa3b-5c6d7e8f9aa1',0,'8aad2f3b-1e4c-4f6b-ac5d-9d1e2f3a4b5c','e5f6a7b8-9cad-4e1f-2a3b-answer3333333');
INSERT INTO SelectAnswer VALUES('e5f6a7b8-9cad-4e1f-aa3b-5c6d7e8f9aa2',0,'9b1e3c4d-2f5e-4a7c-ad6e-ae2f3a4b5c6d','e5f6a7b8-9cad-4e1f-2a3b-answer3333333');
INSERT INTO SelectAnswer VALUES('e5f6a7b8-9cad-4e1f-aa3b-5c6d7e8f9aa3',0,'ac2f4d5e-3a6f-418d-ae7f-1f3a4b5c6d7e','e5f6a7b8-9cad-4e1f-2a3b-answer3333333');
INSERT INTO SelectAnswer VALUES('b8c9daeb-2f3a-4b5c-ad7e-8f9aab1c2d30',1,'1d3f5a7c-4e6b-417e-ab5c-2f3a4b5c6d7e','b8c9daeb-2f3a-4b5c-6d7e-answer6666666');
INSERT INTO SelectAnswer VALUES('b8c9daeb-2f3a-4b5c-ad7e-8f9aab1c2d31',0,'2e4a6b8d-5f7c-428f-ac6d-3a4b5c6d7e8f','b8c9daeb-2f3a-4b5c-6d7e-answer6666666');
INSERT INTO SelectAnswer VALUES('b8c9daeb-2f3a-4b5c-ad7e-8f9aab1c2d32',0,'3f5b7c9e-6a8d-439a-ad7e-4b5c6d7e8f9a','b8c9daeb-2f3a-4b5c-6d7e-answer6666666');
INSERT INTO SelectAnswer VALUES('b8c9daeb-2f3a-4b5c-ad7e-8f9aab1c2d33',0,'4a6c8eaa-7b9e-44ab-ae8f-5c6d7e8f9aab','b8c9daeb-2f3a-4b5c-6d7e-answer6666666');
INSERT INTO SelectAnswer VALUES('c9dae1f2-3a4b-4c6d-ae8f-9aab1c2d3e40',1,'5b7d9f1b-8caf-45bc-af9a-8d7e8f9aab1c','c9dae1f2-3a4b-5c6d-7e8f-answer7777777');
INSERT INTO SelectAnswer VALUES('c9dae1f2-3a4b-4c6d-ae8f-9aab1c2d3e41',0,'6c8eaa2c-9d1a-46cd-aaab-8e8f9aab1c2d','c9dae1f2-3a4b-5c6d-7e8f-answer7777777');
INSERT INTO SelectAnswer VALUES('c9dae1f2-3a4b-4c6d-ae8f-9aab1c2d3e42',0,'7d9f1b3d-ae2b-47de-ab1c-8f9aab1c2d3e','c9dae1f2-3a4b-5c6d-7e8f-answer7777777');
INSERT INTO SelectAnswer VALUES('b2d457cd-aa4b-43e2-b737-9462fa052d90',0,'744e652c-6228-42ea-bbaf-6d3b65eac599','c9dae1f2-3a4b-5c6d-7e8f-answer7777777');
INSERT INTO SelectAnswer VALUES('afa01335-05ff-4667-a03d-9072933236a0',1,'9f1b3d5f-2a4d-49fa-8d3e-aab1c2d3e4f5','dae1f2a3-4b5c-6d7e-8f9a-answer8888888');
INSERT INTO SelectAnswer VALUES('c77ee7ae-b794-4fca-b02f-fff66a3c0e2f',0,'aa2c4e6a-3b5e-4aab-9e4f-1c2d3e4f5a6b','dae1f2a3-4b5c-6d7e-8f9a-answer8888888');
INSERT INTO SelectAnswer VALUES('c09c84b7-fcc8-43df-9f61-d4a15a1999b8',0,'1b3d5f7b-4c6f-41bc-af5a-2d3e4f5a6b7c','dae1f2a3-4b5c-6d7e-8f9a-answer8888888');
INSERT INTO SelectAnswer VALUES('5e2f2b08-26ca-4fc4-a4c6-e6c55eb7254b',0,'75f031c8-3a7d-4f09-8e5d-d71144e158b4','dae1f2a3-4b5c-6d7e-8f9a-answer8888888');
INSERT INTO SelectAnswer VALUES('16d3edf5-a034-49da-8b73-d749a8141c9f',1,'3a1fcd00-cd75-4323-8d58-963090db7050','e1f2a3b4-5c6d-7e8f-9aab-answer9999999');
INSERT INTO SelectAnswer VALUES('d83ea3fb-b5bc-4175-9f11-7caa84e1f345',0,'8914a2f1-3f3d-484c-8c79-4d4d2982f6f3','e1f2a3b4-5c6d-7e8f-9aab-answer9999999');
INSERT INTO SelectAnswer VALUES('6d8a3be7-1c36-4efb-9829-76470e9fea3e',0,'9425e428-80a9-42f2-b37d-be8d6bb3b2ef','e1f2a3b4-5c6d-7e8f-9aab-answer9999999');
INSERT INTO SelectAnswer VALUES('b0ffc126-fc14-4fe6-b84a-3c89c5b908b8',0,'e8d66329-b02d-492a-bdf5-d9bc846a33bc','e1f2a3b4-5c6d-7e8f-9aab-answer9999999');
INSERT INTO SelectAnswer VALUES('4439e39d-0fdb-4721-9cab-243bbec5e289',1,'6c5b287b-818c-489d-abaa-aff849761944','f2a3b4c5-6d7e-8f9a-aab1-answer0000000');
INSERT INTO SelectAnswer VALUES('e87b7187-3bfd-414f-ab8b-b022eea89c5e',0,'0850dc51-9785-4211-833e-ad4ee9090774','f2a3b4c5-6d7e-8f9a-aab1-answer0000000');
INSERT INTO SelectAnswer VALUES('3eb0cf38-c442-4479-862f-a0219d307336',0,'9d1f3b5d-2e4b-49de-8b3c-af1a2b3c4d5e','f2a3b4c5-6d7e-8f9a-aab1-answer0000000');
INSERT INTO SelectAnswer VALUES('7dd68e2f-2919-449e-a4fb-3d551516c1d8',0,'ae2a4c6e-3f5c-4aef-9c4d-1a2b3c4d5e6f','f2a3b4c5-6d7e-8f9a-aab1-answer0000000');
INSERT INTO SelectAnswer VALUES('OPT1-Q1A-2024-EXAM-LOGIC-FORMALIZATION',0,'8f9a1b2c-4d5e-4f6a-9b8c-7d8e9f1a2b3c','A1A-2024-EXAM-LOGIC-FORMALIZATION');
INSERT INTO SelectAnswer VALUES('OPT2-Q1A-2024-EXAM-LOGIC-FORMALIZATION',1,'9a1c2d3e-5f6a-4b7c-8d9e-8e9f1a2b3c4d','A1A-2024-EXAM-LOGIC-FORMALIZATION');
INSERT INTO SelectAnswer VALUES('OPT3-Q1A-2024-EXAM-LOGIC-FORMALIZATION',0,'1b2d3f4a-6c7e-4d8f-9a1b-9f1a2b3c4d5e','A1A-2024-EXAM-LOGIC-FORMALIZATION');
INSERT INTO SelectAnswer VALUES('OPT4-Q1A-2024-EXAM-LOGIC-FORMALIZATION',0,'338bee00-49e8-47f1-afd7-ab19015bdf2a','A1A-2024-EXAM-LOGIC-FORMALIZATION');
INSERT INTO SelectAnswer VALUES('OPT1-Q1B-2024-EXAM-SET-THEORY',0,'d18996b8-4006-460d-a20c-720e7f830eb1','A1B-2024-EXAM-SET-THEORY');
INSERT INTO SelectAnswer VALUES('OPT2-Q1B-2024-EXAM-SET-THEORY',1,'85854db4-bde9-4adf-b574-20fb84bd9d8e','A1B-2024-EXAM-SET-THEORY');
INSERT INTO SelectAnswer VALUES('OPT3-Q1B-2024-EXAM-SET-THEORY',0,'ed575596-a4f8-4dad-a044-1cd48d755c80','A1B-2024-EXAM-SET-THEORY');
INSERT INTO SelectAnswer VALUES('OPT4-Q1B-2024-EXAM-SET-THEORY',0,'338bee00-49e8-47f1-afd7-ab19015bdf2a','A1B-2024-EXAM-SET-THEORY');
INSERT INTO SelectAnswer VALUES('OPT1-Q1C-2024-EXAM-GRAPH-THEORY',0,'e625868b-df75-4b35-ba75-50c73a5759ef','A1C-2024-EXAM-GRAPH-THEORY');
INSERT INTO SelectAnswer VALUES('OPT2-Q1C-2024-EXAM-GRAPH-THEORY',0,'8e8e35ce-8ff5-442d-803f-c3086f0abc74','A1C-2024-EXAM-GRAPH-THEORY');
INSERT INTO SelectAnswer VALUES('OPT3-Q1C-2024-EXAM-GRAPH-THEORY',1,'9d1f2c3d-5e6f-4a7b-8c9d-8b9c1d2e3f4a','A1C-2024-EXAM-GRAPH-THEORY');
INSERT INTO SelectAnswer VALUES('OPT4-Q1C-2024-EXAM-GRAPH-THEORY',0,'338bee00-49e8-47f1-afd7-ab19015bdf2a','A1C-2024-EXAM-GRAPH-THEORY');
INSERT INTO SelectAnswer VALUES('A5-PART1-YES-2024-EXAM-GRAPH-ANALYSIS',1,'c1d6bbad-b174-4f06-8dbd-89aaac420be5','A5-PART1-ANSWER-2024-EXAM-GRAPH-ANALYSIS');
INSERT INTO SelectAnswer VALUES('A5-PART1-NO-2024-EXAM-GRAPH-ANALYSIS',0,'5ad96b46-8670-4368-858b-453472383bd2','A5-PART1-ANSWER-2024-EXAM-GRAPH-ANALYSIS');
INSERT INTO SelectAnswer VALUES('A5-PART2-YES-2024-EXAM-GRAPH-ANALYSIS',0,'c1d6bbad-b174-4f06-8dbd-89aaac420be5','A5-PART2-ANSWER-2024-EXAM-GRAPH-ANALYSIS');
INSERT INTO SelectAnswer VALUES('A5-PART2-NO-2024-EXAM-GRAPH-ANALYSIS',1,'5ad96b46-8670-4368-858b-453472383bd2','A5-PART2-ANSWER-2024-EXAM-GRAPH-ANALYSIS');
INSERT INTO SelectAnswer VALUES('f1a2b3c4-1111-4567-890a-bcdef0123458',1,'f1a2b3c4-1111-4567-890a-bcdef0123458','f1a2b3c4-1111-4567-890a-bcdef0123457');
INSERT INTO SelectAnswer VALUES('f1a2b3c4-1111-4567-890a-bcdef0123459',0,'f1a2b3c4-1111-4567-890a-bcdef0123459','f1a2b3c4-1111-4567-890a-bcdef0123457');
INSERT INTO SelectAnswer VALUES('f1a2b3c4-1111-4567-890a-bcdef012345a',0,'f1a2b3c4-1111-4567-890a-bcdef012345a','f1a2b3c4-1111-4567-890a-bcdef0123457');
INSERT INTO SelectAnswer VALUES('f1a2b3c4-1111-4567-890a-bcdef012345b',0,'f1a2b3c4-1111-4567-890a-bcdef012345b','f1a2b3c4-1111-4567-890a-bcdef0123457');
INSERT INTO SelectAnswer VALUES('f6a2b3c4-6666-4567-890a-bcdef0123458',1,'f6a2b3c4-6666-4567-890a-bcdef0123458','f6a2b3c4-6666-4567-890a-bcdef0123457');
INSERT INTO SelectAnswer VALUES('f6a2b3c4-6666-4567-890a-bcdef0123459',0,'f6a2b3c4-6666-4567-890a-bcdef0123459','f6a2b3c4-6666-4567-890a-bcdef0123457');
INSERT INTO SelectAnswer VALUES('f6a2b3c4-6666-4567-890a-bcdef012345a',0,'f6a2b3c4-6666-4567-890a-bcdef012345a','f6a2b3c4-6666-4567-890a-bcdef0123457');
INSERT INTO SelectAnswer VALUES('f6a2b3c4-6666-4567-890a-bcdef012345b',0,'f6a2b3c4-6666-4567-890a-bcdef012345b','f6a2b3c4-6666-4567-890a-bcdef0123457');
INSERT INTO SelectAnswer VALUES('faa2b3c4-aaaa-4567-890a-bcdef0123458',1,'faa2b3c4-aaaa-4567-890a-bcdef0123458','faa2b3c4-aaaa-4567-890a-bcdef0123457');
INSERT INTO SelectAnswer VALUES('faa2b3c4-aaaa-4567-890a-bcdef0123459',0,'faa2b3c4-aaaa-4567-890a-bcdef0123459','faa2b3c4-aaaa-4567-890a-bcdef0123457');
INSERT INTO SelectAnswer VALUES('faa2b3c4-aaaa-4567-890a-bcdef012345a',0,'faa2b3c4-aaaa-4567-890a-bcdef012345a','faa2b3c4-aaaa-4567-890a-bcdef0123457');
INSERT INTO SelectAnswer VALUES('faa2b3c4-aaaa-4567-890a-bcdef012345b',0,'faa2b3c4-aaaa-4567-890a-bcdef012345b','faa2b3c4-aaaa-4567-890a-bcdef0123457');
INSERT INTO SelectAnswer VALUES('fca2b3c4-cccc-4567-890a-bcdef0123458',1,'fca2b3c4-cccc-4567-890a-bcdef0123458','fca2b3c4-cccc-4567-890a-bcdef0123457');
INSERT INTO SelectAnswer VALUES('fca2b3c4-cccc-4567-890a-bcdef0123459',0,'fca2b3c4-cccc-4567-890a-bcdef0123459','fca2b3c4-cccc-4567-890a-bcdef0123457');
INSERT INTO SelectAnswer VALUES('fca2b3c4-cccc-4567-890a-bcdef012345a',0,'fca2b3c4-cccc-4567-890a-bcdef012345a','fca2b3c4-cccc-4567-890a-bcdef0123457');
INSERT INTO SelectAnswer VALUES('fca2b3c4-cccc-4567-890a-bcdef012345b',0,'fca2b3c4-cccc-4567-890a-bcdef012345b','fca2b3c4-cccc-4567-890a-bcdef0123457');
INSERT INTO SelectAnswer VALUES('fea2b3c4-eeee-4567-890a-bcdef0123458',1,'fea2b3c4-eeee-4567-890a-bcdef0123458','fea2b3c4-eeee-4567-890a-bcdef0123457');
INSERT INTO SelectAnswer VALUES('fea2b3c4-eeee-4567-890a-bcdef0123459',0,'fea2b3c4-eeee-4567-890a-bcdef0123459','fea2b3c4-eeee-4567-890a-bcdef0123457');
INSERT INTO SelectAnswer VALUES('fea2b3c4-eeee-4567-890a-bcdef012345a',0,'fea2b3c4-eeee-4567-890a-bcdef012345a','fea2b3c4-eeee-4567-890a-bcdef0123457');
INSERT INTO SelectAnswer VALUES('fea2b3c4-eeee-4567-890a-bcdef012345b',0,'fea2b3c4-eeee-4567-890a-bcdef012345b','fea2b3c4-eeee-4567-890a-bcdef0123457');
INSERT INTO SelectAnswer VALUES('f0a2b3c4-0000-4567-890a-bcdef0123458',1,'f0a2b3c4-0000-4567-890a-bcdef0123458','f0a2b3c4-0000-4567-890a-bcdef0123457');
INSERT INTO SelectAnswer VALUES('f0a2b3c4-0000-4567-890a-bcdef0123459',0,'f0a2b3c4-0000-4567-890a-bcdef0123459','f0a2b3c4-0000-4567-890a-bcdef0123457');
INSERT INTO SelectAnswer VALUES('f0a2b3c4-0000-4567-890a-bcdef012345a',0,'f0a2b3c4-0000-4567-890a-bcdef012345a','f0a2b3c4-0000-4567-890a-bcdef0123457');
INSERT INTO SelectAnswer VALUES('f0a2b3c4-0000-4567-890a-bcdef012345b',0,'f0a2b3c4-0000-4567-890a-bcdef012345b','f0a2b3c4-0000-4567-890a-bcdef0123457');
INSERT INTO SelectAnswer VALUES('80882bef-8026-41c1-ae66-d627c58539a6',1,'cf2d673d-eff4-4b8f-aa69-914975c8a1b1','e33dddc3-3efc-4230-91c4-ecac91ecb4eb');
INSERT INTO SelectAnswer VALUES('d47874ee-917b-435b-aff5-61b0b556fe00',0,'4ed499f6-0427-40c1-85a6-7ed9c70ec41a','e33dddc3-3efc-4230-91c4-ecac91ecb4eb');
INSERT INTO SelectAnswer VALUES('67e73858-c218-4a89-b46b-116fa5ddb392',0,'9e2d6857-e550-4160-bb86-239c017767b2','e33dddc3-3efc-4230-91c4-ecac91ecb4eb');
INSERT INTO SelectAnswer VALUES('c623041d-44f4-41f6-9864-2eec030d32cc',0,'46d4b18f-70a7-439b-b13f-d770b86e1932','e33dddc3-3efc-4230-91c4-ecac91ecb4eb');
INSERT INTO SelectAnswer VALUES('f93a4e1b-dc4c-41df-9ce4-8d0f2da578bd',1,'2206522e-c241-4745-92aa-cdc9530b1e92','e7774c7f-a4d0-4cba-bc64-dc13e3e48449');
INSERT INTO SelectAnswer VALUES('dc55f4f8-aab4-4990-a449-eebbf122f2f5',0,'2351c70a-3dea-4239-8bd5-2f61e2959bee','e7774c7f-a4d0-4cba-bc64-dc13e3e48449');
INSERT INTO SelectAnswer VALUES('7fa40845-f4e8-40ec-97dc-5d06cbbc2ee7',0,'c5905fc5-f356-4f54-be05-cfd3bb39d08d','e7774c7f-a4d0-4cba-bc64-dc13e3e48449');
INSERT INTO SelectAnswer VALUES('7697e4c5-4925-4ba8-aefd-5ba38944bcbc',0,'8a0e3cad-d137-4af7-9431-21a742678f01','e7774c7f-a4d0-4cba-bc64-dc13e3e48449');
INSERT INTO SelectAnswer VALUES('13bb76f3-2f6c-4c32-a48a-b56e3136b3ba',1,'7b75b3a0-465f-4fdf-94e5-eb292e32bf9f','7d88e065-5a8b-4e81-b34e-50e69479251b');
INSERT INTO SelectAnswer VALUES('7df75f89-f3d9-4f86-8902-89ac9378c1fe',0,'de34861c-e147-46b8-a745-d7ed612c73ae','7d88e065-5a8b-4e81-b34e-50e69479251b');
INSERT INTO SelectAnswer VALUES('e2e039ca-62a8-42f6-a002-0335db0069d5',0,'ae05ff78-bb6e-4b63-ac36-bd2efb9edf11','7d88e065-5a8b-4e81-b34e-50e69479251b');
INSERT INTO SelectAnswer VALUES('349b2d53-8876-4757-8da3-f44e98f29efb',0,'6a76c035-9130-414a-8f3b-625e3c65c3c2','7d88e065-5a8b-4e81-b34e-50e69479251b');
INSERT INTO SelectAnswer VALUES('f8953019-63b2-4375-b86f-48ab5fd11d56',1,'8c7227a4-ae19-4eb3-94b9-9e1f92a94f63','955a60fa-9454-403e-a018-1b9ad4519996');
INSERT INTO SelectAnswer VALUES('c8191d7f-484b-49b7-9f8e-55c59da544d5',0,'dea72d18-13ad-41c6-b4bd-dafac603f133','955a60fa-9454-403e-a018-1b9ad4519996');
INSERT INTO SelectAnswer VALUES('64eaf0b2-e475-493f-af30-18b2d35709bb',0,'d55a2d19-8c0f-4430-a3e1-f5873389a00e','955a60fa-9454-403e-a018-1b9ad4519996');
INSERT INTO SelectAnswer VALUES('55516141-95ba-48da-a0c6-781de549b30d',0,'3d5966d9-6655-4639-b902-2de703c3da38','955a60fa-9454-403e-a018-1b9ad4519996');
INSERT INTO SelectAnswer VALUES('d87aa945-912f-48f6-b71f-c6c650972646',1,'9531b9c1-1f3d-49e6-bfb4-c0d8384caf9e','b8498467-eac2-4528-816b-13ffb71d66eb');
INSERT INTO SelectAnswer VALUES('4b3aabfb-f391-4f3d-b198-cf6d59336084',0,'3d6f492d-b7fa-4f17-b431-1fed4b1a7b2b','b8498467-eac2-4528-816b-13ffb71d66eb');
INSERT INTO SelectAnswer VALUES('a3427f9a-3774-4be3-867f-b2092fb199f6',0,'346813c9-f3cf-4827-9bb9-1e2d4da7b70f','b8498467-eac2-4528-816b-13ffb71d66eb');
INSERT INTO SelectAnswer VALUES('8aa8914b-bc50-4e67-8cf4-542eb7424e23',0,'3c74abda-7c59-41de-8c17-cfcb2305fb56','b8498467-eac2-4528-816b-13ffb71d66eb');
INSERT INTO SelectAnswer VALUES('ebb209e2-7c91-4aa4-a2e5-cca8c7bd57c6',1,'67b2e3fe-bfbb-40bb-99a7-270fac6841bf','6c116e48-5b1b-412e-a8d6-247e8baad789');
INSERT INTO SelectAnswer VALUES('41265572-8ec8-4eed-936d-e7af8b0a3ba0',0,'49bfcb08-75db-4d6f-a9f2-5ec0839466a6','6c116e48-5b1b-412e-a8d6-247e8baad789');
INSERT INTO SelectAnswer VALUES('5707832c-93aa-466a-914e-2b359ae685a5',0,'6675796c-f296-4c91-b9e4-f1e316e1e40d','6c116e48-5b1b-412e-a8d6-247e8baad789');
INSERT INTO SelectAnswer VALUES('47377013-0153-460c-8ef4-9ecf306495e4',0,'c90dfde3-0732-42af-a85f-7843ded1b8a2','6c116e48-5b1b-412e-a8d6-247e8baad789');
INSERT INTO SelectAnswer VALUES('24dc16f4-a328-4305-a786-9f73171eed8d',1,'c1d6bbad-b174-4f06-8dbd-89aaac420be5','5fad5fa4-366f-4cc4-8faf-0f41d8d6223c');
INSERT INTO SelectAnswer VALUES('a42f894e-9fe5-4c03-a419-41a7d959405e',0,'5ad96b46-8670-4368-858b-453472383bd2','5fad5fa4-366f-4cc4-8faf-0f41d8d6223c');
INSERT INTO SelectAnswer VALUES('c811f253-22a5-49cf-a306-6a7187e1268d',1,'c1d6bbad-b174-4f06-8dbd-89aaac420be5','8c3bc0e0-8a87-4de6-a786-186752f42cf9');
INSERT INTO SelectAnswer VALUES('57303f04-1655-4a3e-9273-0d4cc31b2d7a',0,'5ad96b46-8670-4368-858b-453472383bd2','8c3bc0e0-8a87-4de6-a786-186752f42cf9');
INSERT INTO SelectAnswer VALUES('42c56834-ab7d-4073-9e57-8c64c73b0f66',0,'c1d6bbad-b174-4f06-8dbd-89aaac420be5','4782ab64-8d89-4728-8869-9183fc7595bc');
INSERT INTO SelectAnswer VALUES('e6d22fcd-467f-4f41-8cad-8b187a59833d',1,'5ad96b46-8670-4368-858b-453472383bd2','4782ab64-8d89-4728-8869-9183fc7595bc');
INSERT INTO SelectAnswer VALUES('e6010ee7-aa76-4b8d-a2ee-5876bd24f4de',0,'c1d6bbad-b174-4f06-8dbd-89aaac420be5','7e089be2-446c-4b15-b47a-0d02300c757d');
INSERT INTO SelectAnswer VALUES('89e809d3-0ea1-44ff-bf80-52073f34a4ea',1,'5ad96b46-8670-4368-858b-453472383bd2','7e089be2-446c-4b15-b47a-0d02300c757d');
INSERT INTO SelectAnswer VALUES('a8bb93d0-b1e5-4202-96db-c0c25279a755',1,'c1d6bbad-b174-4f06-8dbd-89aaac420be5','5652948d-7d8b-44a8-bb1e-f38ac1277fe6');
INSERT INTO SelectAnswer VALUES('10772a06-459b-4542-b8b1-01a4b3041a62',0,'5ad96b46-8670-4368-858b-453472383bd2','5652948d-7d8b-44a8-bb1e-f38ac1277fe6');
INSERT INTO SelectAnswer VALUES('71113790-1d76-4453-9fce-46033d3d4584',0,'c1d6bbad-b174-4f06-8dbd-89aaac420be5','3a13ca7b-a014-4da2-8037-c76387872414');
INSERT INTO SelectAnswer VALUES('9b98199a-84f5-4b90-882f-ed5a0b811868',1,'5ad96b46-8670-4368-858b-453472383bd2','3a13ca7b-a014-4da2-8037-c76387872414');
INSERT INTO SelectAnswer VALUES('74880440-3546-43f7-8c59-93ddfd394e4a',1,'c1d6bbad-b174-4f06-8dbd-89aaac420be5','f73fb1ad-460f-4e00-8952-977e77809cfb');
INSERT INTO SelectAnswer VALUES('71774e2a-4d52-4f57-9fe7-7bbf6d7d528c',0,'5ad96b46-8670-4368-858b-453472383bd2','f73fb1ad-460f-4e00-8952-977e77809cfb');
INSERT INTO SelectAnswer VALUES('861aa05c-8a31-4999-9741-49abbfe518dc',1,'c1d6bbad-b174-4f06-8dbd-89aaac420be5','87719a18-8617-4c62-83c1-f6f5426ae9ea');
INSERT INTO SelectAnswer VALUES('fae7cdd1-68c2-4c11-9fcb-71cb321cb6a1',0,'5ad96b46-8670-4368-858b-453472383bd2','87719a18-8617-4c62-83c1-f6f5426ae9ea');
INSERT INTO SelectAnswer VALUES('b370c78d-4d5f-4e66-8abc-4f70256a10d7',1,'c1d6bbad-b174-4f06-8dbd-89aaac420be5','d01d38a3-70a2-43c6-b504-9b362ee50a9f');
INSERT INTO SelectAnswer VALUES('0004fa8d-c559-40b2-a0dc-dfce6e10951e',0,'5ad96b46-8670-4368-858b-453472383bd2','d01d38a3-70a2-43c6-b504-9b362ee50a9f');
INSERT INTO SelectAnswer VALUES('9a6be0f4-3c17-4730-8701-20740e1f9246',0,'c1d6bbad-b174-4f06-8dbd-89aaac420be5','f35d4445-a478-4fa6-97d3-60f17a6190e8');
INSERT INTO SelectAnswer VALUES('f5ffc3b2-ad40-45c0-b9a2-2659d17558fb',1,'5ad96b46-8670-4368-858b-453472383bd2','f35d4445-a478-4fa6-97d3-60f17a6190e8');
INSERT INTO SelectAnswer VALUES('6ffc1d31-f56c-4306-83ec-575a0c81561a',1,'c1d6bbad-b174-4f06-8dbd-89aaac420be5','186d685c-6c3e-4447-b414-51f0bdbfe074');
INSERT INTO SelectAnswer VALUES('cf2b20d6-8dfa-4671-8944-35d1cf4a46f1',0,'5ad96b46-8670-4368-858b-453472383bd2','186d685c-6c3e-4447-b414-51f0bdbfe074');
INSERT INTO SelectAnswer VALUES('72054dce-01e8-4734-b93a-305fa5f133e6',0,'c1d6bbad-b174-4f06-8dbd-89aaac420be5','8165efb7-2594-4108-a313-648c51f24974');
INSERT INTO SelectAnswer VALUES('679b7464-83db-4ebd-a1c2-2a9a2e3d9d91',1,'5ad96b46-8670-4368-858b-453472383bd2','8165efb7-2594-4108-a313-648c51f24974');
INSERT INTO SelectAnswer VALUES('545c796b-4adf-4b2c-82e7-c2649d3e71fd',1,'c1d6bbad-b174-4f06-8dbd-89aaac420be5','4b7ba131-4821-47e9-9f3d-512d6ca3eae2');
INSERT INTO SelectAnswer VALUES('0860ccbb-8185-4584-a436-4d91d829fd1c',0,'5ad96b46-8670-4368-858b-453472383bd2','4b7ba131-4821-47e9-9f3d-512d6ca3eae2');
INSERT INTO SelectAnswer VALUES('e303821c-ae24-4691-8cb9-b214a5e6a9bd',1,'c1d6bbad-b174-4f06-8dbd-89aaac420be5','43110d10-df5b-41ed-bde9-5ed222a9ef65');
INSERT INTO SelectAnswer VALUES('7493a3b8-e2f1-44d1-8e3c-005f52e1186e',0,'5ad96b46-8670-4368-858b-453472383bd2','43110d10-df5b-41ed-bde9-5ed222a9ef65');
INSERT INTO SelectAnswer VALUES('9748f334-6bec-406b-bd5b-c65ac78eaa32',0,'c1d6bbad-b174-4f06-8dbd-89aaac420be5','5ba2beda-b159-4672-bf66-50c9dbb4efea');
INSERT INTO SelectAnswer VALUES('1247e41b-359d-4310-b222-09cd08bf1753',1,'5ad96b46-8670-4368-858b-453472383bd2','5ba2beda-b159-4672-bf66-50c9dbb4efea');
INSERT INTO SelectAnswer VALUES('ad93ee2e-3e0a-4792-9d80-8c53ad3d8a42',1,'c1d6bbad-b174-4f06-8dbd-89aaac420be5','c0907d7f-180a-4592-b68f-ed84ab599764');
INSERT INTO SelectAnswer VALUES('24fb651d-dd05-4fdd-ae8a-9e2eeb37ba22',0,'5ad96b46-8670-4368-858b-453472383bd2','c0907d7f-180a-4592-b68f-ed84ab599764');
INSERT INTO SelectAnswer VALUES('81d8456f-416e-4e8b-a679-e5f6ac581e09',1,'c1d6bbad-b174-4f06-8dbd-89aaac420be5','9a522513-e75a-4d26-ab9b-7fbb0b954f53');
INSERT INTO SelectAnswer VALUES('aa39cdb8-a09d-4fdb-9c07-c0bebf8110c2',0,'5ad96b46-8670-4368-858b-453472383bd2','9a522513-e75a-4d26-ab9b-7fbb0b954f53');
INSERT INTO SelectAnswer VALUES('31096318-9abf-4793-9b59-dc1ad562dc66',1,'c1d6bbad-b174-4f06-8dbd-89aaac420be5','50c54597-21b9-4e8a-b6bb-65a2957d5d6d');
INSERT INTO SelectAnswer VALUES('161c7349-896a-4481-9771-2334ee247227',0,'5ad96b46-8670-4368-858b-453472383bd2','50c54597-21b9-4e8a-b6bb-65a2957d5d6d');
INSERT INTO SelectAnswer VALUES('a87999c9-7cf6-48a1-b53e-040a19c373ab',1,'c1d6bbad-b174-4f06-8dbd-89aaac420be5','59f4ca8f-034c-4a0c-ae07-e4789177ba4a');
INSERT INTO SelectAnswer VALUES('95ff00d1-1719-43eb-bc4a-4c467316b659',0,'5ad96b46-8670-4368-858b-453472383bd2','59f4ca8f-034c-4a0c-ae07-e4789177ba4a');
INSERT INTO SelectAnswer VALUES('f8d95ff4-7ab2-48d2-867d-8090ae357173',0,'c1d6bbad-b174-4f06-8dbd-89aaac420be5','71f7b18a-536e-468b-9522-526fa1940f37');
INSERT INTO SelectAnswer VALUES('ad0a06ed-81d1-47bd-bea9-bd7429602f0d',1,'5ad96b46-8670-4368-858b-453472383bd2','71f7b18a-536e-468b-9522-526fa1940f37');
INSERT INTO SelectAnswer VALUES('de380570-8bcf-4a2c-9600-6a99f90ba140',1,'c1d6bbad-b174-4f06-8dbd-89aaac420be5','76f776f1-204c-4c6a-9920-5431de669f2e');
INSERT INTO SelectAnswer VALUES('c01d7ba1-ce39-4450-9798-fb9e4ce14c57',0,'5ad96b46-8670-4368-858b-453472383bd2','76f776f1-204c-4c6a-9920-5431de669f2e');
INSERT INTO SelectAnswer VALUES('2586894a-c4e8-457b-977f-96d375bc67ac',0,'c1d6bbad-b174-4f06-8dbd-89aaac420be5','263c39a9-c97a-4a09-a965-6bc03009e7ba');
INSERT INTO SelectAnswer VALUES('6a59644e-7fe8-4747-8539-74f9f3a8043e',1,'5ad96b46-8670-4368-858b-453472383bd2','263c39a9-c97a-4a09-a965-6bc03009e7ba');
INSERT INTO SelectAnswer VALUES('dc8506a2-bf0e-4a05-9341-b46b35224b40',1,'c1d6bbad-b174-4f06-8dbd-89aaac420be5','ea231715-01f6-4d65-b8e7-1c36444cc6f9');
INSERT INTO SelectAnswer VALUES('0516aac8-34a1-40c2-805a-36e3eb789d75',0,'5ad96b46-8670-4368-858b-453472383bd2','ea231715-01f6-4d65-b8e7-1c36444cc6f9');
INSERT INTO SelectAnswer VALUES('10c7a53b-90de-42ae-ba4e-bcf170410c38',0,'c1d6bbad-b174-4f06-8dbd-89aaac420be5','9b0d2897-23a1-414a-8350-dd0ab1d1785b');
INSERT INTO SelectAnswer VALUES('9f122bc3-f125-421d-b37a-a285c0a9f763',1,'5ad96b46-8670-4368-858b-453472383bd2','9b0d2897-23a1-414a-8350-dd0ab1d1785b');
INSERT INTO SelectAnswer VALUES('8f3569e1-ab7f-4b1c-95a7-1ed09cfd5791',1,'c1d6bbad-b174-4f06-8dbd-89aaac420be5','cb1b2809-91cf-44d5-9725-c8a8cb42f98e');
INSERT INTO SelectAnswer VALUES('a338bb36-62c1-42b9-bb78-1ff7ba817b34',0,'5ad96b46-8670-4368-858b-453472383bd2','cb1b2809-91cf-44d5-9725-c8a8cb42f98e');
INSERT INTO SelectAnswer VALUES('ae1c2491-b0a9-4e16-b446-08086d650b8f',1,'c1d6bbad-b174-4f06-8dbd-89aaac420be5','acca3ea9-cf0a-4a2a-a827-00d4a29a69bd');
INSERT INTO SelectAnswer VALUES('cd4e762a-c4c7-4a5b-bea2-bfef7ea78abc',0,'5ad96b46-8670-4368-858b-453472383bd2','acca3ea9-cf0a-4a2a-a827-00d4a29a69bd');
INSERT INTO SelectAnswer VALUES('2e187229-c48c-4976-ad72-151800f64d6f',0,'c1d6bbad-b174-4f06-8dbd-89aaac420be5','c136fa61-5d65-4034-aa30-57daf96e4e08');
INSERT INTO SelectAnswer VALUES('f55410ec-b247-4f92-b4e8-31b292e43eaa',1,'5ad96b46-8670-4368-858b-453472383bd2','c136fa61-5d65-4034-aa30-57daf96e4e08');
INSERT INTO SelectAnswer VALUES('74418c98-6f45-4ba8-84d3-6b9c1c98ce9a',0,'c1d6bbad-b174-4f06-8dbd-89aaac420be5','7bd13881-8921-4ab8-9652-7fe203393d43');
INSERT INTO SelectAnswer VALUES('393a5b68-7d58-4091-afea-4ace4d70ab60',1,'5ad96b46-8670-4368-858b-453472383bd2','7bd13881-8921-4ab8-9652-7fe203393d43');
INSERT INTO SelectAnswer VALUES('da34c2b4-e0c1-4a7a-b28d-bb9fb8319675',0,'c1d6bbad-b174-4f06-8dbd-89aaac420be5','863493f5-569a-4360-8b93-90668bd72f08');
INSERT INTO SelectAnswer VALUES('63e4c683-61a1-445a-adda-94f313000b52',1,'5ad96b46-8670-4368-858b-453472383bd2','863493f5-569a-4360-8b93-90668bd72f08');
INSERT INTO SelectAnswer VALUES('e17eb0d0-382b-40a9-95b1-66ad3cc15fe7',1,'c1d6bbad-b174-4f06-8dbd-89aaac420be5','0f7c5864-c09d-4f4f-88e3-84e6f9e11dc1');
INSERT INTO SelectAnswer VALUES('cedee2b4-76d7-4e7c-9811-1db5921ee596',0,'5ad96b46-8670-4368-858b-453472383bd2','0f7c5864-c09d-4f4f-88e3-84e6f9e11dc1');
INSERT INTO SelectAnswer VALUES('d70d78c2-6d2b-4093-8ab0-8a4ac76da849',1,'c1d6bbad-b174-4f06-8dbd-89aaac420be5','1a37f2a5-b997-4f57-9a3a-1326421f51b5');
INSERT INTO SelectAnswer VALUES('dcfc5e1d-4512-4cf4-bf25-80e1ae90ab14',0,'5ad96b46-8670-4368-858b-453472383bd2','1a37f2a5-b997-4f57-9a3a-1326421f51b5');
INSERT INTO SelectAnswer VALUES('572f4c48-342e-4dfe-8e5a-e9f3c82bfda7',1,'c1d6bbad-b174-4f06-8dbd-89aaac420be5','3f3e84c5-d3f9-41ca-a94d-8a18ed95e7ac');
INSERT INTO SelectAnswer VALUES('97d5164e-88cc-4f78-b9b0-771f369084ed',0,'5ad96b46-8670-4368-858b-453472383bd2','3f3e84c5-d3f9-41ca-a94d-8a18ed95e7ac');
INSERT INTO SelectAnswer VALUES('4f60ac78-c0d9-4b6d-bb8c-325ad393870c',0,'c1d6bbad-b174-4f06-8dbd-89aaac420be5','cc91281f-899e-41f0-97f2-8872aff55d19');
INSERT INTO SelectAnswer VALUES('a91c78c1-6d7e-47dd-b402-359f8d7f3ab6',1,'5ad96b46-8670-4368-858b-453472383bd2','cc91281f-899e-41f0-97f2-8872aff55d19');
INSERT INTO SelectAnswer VALUES('f36c892b-0197-456d-8b45-d835d6ef15c3',1,'c1d6bbad-b174-4f06-8dbd-89aaac420be5','fa7e1299-8fae-49d5-be20-a79d44010dad');
INSERT INTO SelectAnswer VALUES('0cb5e5f1-c2da-416a-902e-ced428d3096a',0,'5ad96b46-8670-4368-858b-453472383bd2','fa7e1299-8fae-49d5-be20-a79d44010dad');
INSERT INTO SelectAnswer VALUES('e352dcb0-f2ec-4b34-9cf5-a25f30c05057',1,'c1d6bbad-b174-4f06-8dbd-89aaac420be5','34e9d0b2-b471-4995-bdce-caa070927f8a');
INSERT INTO SelectAnswer VALUES('dd5b26e5-164f-4a54-b9cf-6e069ca3640d',0,'5ad96b46-8670-4368-858b-453472383bd2','34e9d0b2-b471-4995-bdce-caa070927f8a');
INSERT INTO SelectAnswer VALUES('88f99805-ca35-470a-9e12-dbd414526b2c',0,'c1d6bbad-b174-4f06-8dbd-89aaac420be5','d47d6250-8fef-48d0-b741-60a6711cbc9b');
INSERT INTO SelectAnswer VALUES('74411224-89b7-4048-9ef9-92759940d683',1,'5ad96b46-8670-4368-858b-453472383bd2','d47d6250-8fef-48d0-b741-60a6711cbc9b');
INSERT INTO SelectAnswer VALUES('b21761ed-f958-428c-bbda-7f6a31ce28dc',0,'c1d6bbad-b174-4f06-8dbd-89aaac420be5','509f4a57-cb5b-4bfa-979f-b11dd0d40c87');
INSERT INTO SelectAnswer VALUES('1b4bee4f-3928-4bb2-b334-060b5368aa32',1,'5ad96b46-8670-4368-858b-453472383bd2','509f4a57-cb5b-4bfa-979f-b11dd0d40c87');
INSERT INTO SelectAnswer VALUES('1fe3a595-41a7-460b-96af-5519be174102',0,'c1d6bbad-b174-4f06-8dbd-89aaac420be5','75bcf1bb-08e0-4640-9d52-be5babaad954');
INSERT INTO SelectAnswer VALUES('00115609-f247-4c5f-9a3c-d63b9c5eeae7',1,'5ad96b46-8670-4368-858b-453472383bd2','75bcf1bb-08e0-4640-9d52-be5babaad954');
INSERT INTO SelectAnswer VALUES('3bf18b65-100e-44b8-84f3-d7fe50552255',1,'c1d6bbad-b174-4f06-8dbd-89aaac420be5','c5391820-1747-4e64-81ba-564513f33d01');
INSERT INTO SelectAnswer VALUES('468166b1-abc6-4cf1-9ed2-02a7e20756f2',0,'5ad96b46-8670-4368-858b-453472383bd2','c5391820-1747-4e64-81ba-564513f33d01');
INSERT INTO SelectAnswer VALUES('8877bc4a-63d5-4549-9955-f50922e35696',1,'c1d6bbad-b174-4f06-8dbd-89aaac420be5','c8cc3cde-b5bf-4f59-a092-b88b06801d8d');
INSERT INTO SelectAnswer VALUES('191c592b-a9c2-464b-95b6-5ea74c496099',0,'5ad96b46-8670-4368-858b-453472383bd2','c8cc3cde-b5bf-4f59-a092-b88b06801d8d');
INSERT INTO SelectAnswer VALUES('2f1b95f3-5c2c-4fba-8f8c-069475bdb859',1,'c1d6bbad-b174-4f06-8dbd-89aaac420be5','5498da32-bd27-44c3-96f6-9bfcbde11873');
INSERT INTO SelectAnswer VALUES('65d68089-f1b0-45df-94f5-f1d26ac1399a',0,'5ad96b46-8670-4368-858b-453472383bd2','5498da32-bd27-44c3-96f6-9bfcbde11873');
INSERT INTO SelectAnswer VALUES('1f57c518-786e-4e2a-bc2e-34307d6aae06',0,'c1d6bbad-b174-4f06-8dbd-89aaac420be5','3911b070-37f2-4460-8ecd-348967f49fbe');
INSERT INTO SelectAnswer VALUES('c1561b71-5d0f-4107-94fc-1996c21bcc2e',1,'5ad96b46-8670-4368-858b-453472383bd2','3911b070-37f2-4460-8ecd-348967f49fbe');
INSERT INTO SelectAnswer VALUES('1735aec4-e70c-4b37-ab68-f26a2afaa37f',0,'c1d6bbad-b174-4f06-8dbd-89aaac420be5','f268190a-6a04-4ec3-8e1c-3363d5ebfeed');
INSERT INTO SelectAnswer VALUES('d30a8d96-3f2d-4630-bdc8-52cb40474865',1,'5ad96b46-8670-4368-858b-453472383bd2','f268190a-6a04-4ec3-8e1c-3363d5ebfeed');
INSERT INTO SelectAnswer VALUES('22a86404-8fa9-4602-a222-700a007cb6a6',1,'c1d6bbad-b174-4f06-8dbd-89aaac420be5','573c49b7-479c-4a75-8a69-7ef07187e0e0');
INSERT INTO SelectAnswer VALUES('905e853c-637a-4b49-95c9-49a96a3abb12',0,'5ad96b46-8670-4368-858b-453472383bd2','573c49b7-479c-4a75-8a69-7ef07187e0e0');
INSERT INTO SelectAnswer VALUES('2155e945-397c-4d92-ac1d-e85173b48a0f',1,'c1d6bbad-b174-4f06-8dbd-89aaac420be5','c22be058-8a95-4870-9cf7-c2256e47c986');
INSERT INTO SelectAnswer VALUES('f4170d8c-f560-4773-ba86-5c05fa195f1d',0,'5ad96b46-8670-4368-858b-453472383bd2','c22be058-8a95-4870-9cf7-c2256e47c986');
INSERT INTO SelectAnswer VALUES('93370f73-cc5e-41ad-95cc-5906c960644f',0,'c1d6bbad-b174-4f06-8dbd-89aaac420be5','6748dd15-0e6e-49f5-9f0c-61ff4ff3cd02');
INSERT INTO SelectAnswer VALUES('1628edc6-fd5e-403e-9db6-e707aca82601',1,'5ad96b46-8670-4368-858b-453472383bd2','6748dd15-0e6e-49f5-9f0c-61ff4ff3cd02');
INSERT INTO SelectAnswer VALUES('de2ecdc6-248a-4323-b478-2c01b8cdd419',1,'c1d6bbad-b174-4f06-8dbd-89aaac420be5','fa4f0fc2-07cb-4268-89e7-6fd9246ef464');
INSERT INTO SelectAnswer VALUES('abe1a03a-bc0f-4818-a2bd-eea0facb00fd',0,'5ad96b46-8670-4368-858b-453472383bd2','fa4f0fc2-07cb-4268-89e7-6fd9246ef464');
INSERT INTO SelectAnswer VALUES('503408bc-e9eb-4ce1-bbee-761a1232908c',0,'c1d6bbad-b174-4f06-8dbd-89aaac420be5','57dee78f-e0f4-49be-80cc-2fe9d445e2b9');
INSERT INTO SelectAnswer VALUES('ee63dc40-6499-46fa-b24c-9f6106c64d39',1,'5ad96b46-8670-4368-858b-453472383bd2','57dee78f-e0f4-49be-80cc-2fe9d445e2b9');
INSERT INTO SelectAnswer VALUES('1f53c590-a175-4d72-9ce1-11dd9d5c4369',1,'c1d6bbad-b174-4f06-8dbd-89aaac420be5','d48342bc-251e-4a92-a84f-56635669e8b0');
INSERT INTO SelectAnswer VALUES('9b937b77-5e92-4bbe-8365-ea7d9ab8466f',0,'5ad96b46-8670-4368-858b-453472383bd2','d48342bc-251e-4a92-a84f-56635669e8b0');
INSERT INTO SelectAnswer VALUES('7e0b7bed-7634-489a-ae99-9240ebe7fb9d',1,'c1d6bbad-b174-4f06-8dbd-89aaac420be5','a5407a03-bcce-47d6-94df-ce584e7312db');
INSERT INTO SelectAnswer VALUES('5ed5fdff-9f69-4cd4-9a06-7960ea4cfaf2',0,'5ad96b46-8670-4368-858b-453472383bd2','a5407a03-bcce-47d6-94df-ce584e7312db');
INSERT INTO SelectAnswer VALUES('8222a3b0-cb21-476b-b71d-9a77a6f64c21',1,'c1d6bbad-b174-4f06-8dbd-89aaac420be5','374d8248-df60-40ef-9eb6-bcdc775f50d3');
INSERT INTO SelectAnswer VALUES('2976dfcd-d46a-4d7d-9466-251328fd0a19',0,'5ad96b46-8670-4368-858b-453472383bd2','374d8248-df60-40ef-9eb6-bcdc775f50d3');
INSERT INTO SelectAnswer VALUES('86897a6f-6afe-48a9-ba8b-61e81410ca08',1,'c1d6bbad-b174-4f06-8dbd-89aaac420be5','af2f14e1-006e-4f49-9fef-8ac85a5744a9');
INSERT INTO SelectAnswer VALUES('70e76729-c262-4a27-a62f-e6afedc92366',0,'5ad96b46-8670-4368-858b-453472383bd2','af2f14e1-006e-4f49-9fef-8ac85a5744a9');
INSERT INTO SelectAnswer VALUES('1752dd51-0632-41b8-aefc-dab406cbd752',1,'c1d6bbad-b174-4f06-8dbd-89aaac420be5','a1e2a76c-9bf5-498d-a164-b72de2095f2c');
INSERT INTO SelectAnswer VALUES('469733e1-be19-434d-aa50-7f70fd9fda12',0,'5ad96b46-8670-4368-858b-453472383bd2','a1e2a76c-9bf5-498d-a164-b72de2095f2c');
INSERT INTO SelectAnswer VALUES('d36a3646-2982-4695-ac2b-262607df2229',0,'c1d6bbad-b174-4f06-8dbd-89aaac420be5','4e4cb60e-4a4c-4282-b018-bad3134fa9ae');
INSERT INTO SelectAnswer VALUES('d7f7b2c3-db50-43d7-91a4-32e30113d8ed',1,'5ad96b46-8670-4368-858b-453472383bd2','4e4cb60e-4a4c-4282-b018-bad3134fa9ae');
INSERT INTO SelectAnswer VALUES('5e3989cf-db2a-46c2-9b97-86f34f7a048d',1,'c1d6bbad-b174-4f06-8dbd-89aaac420be5','223db1a3-b8d1-492d-8dc2-6e25340148c5');
INSERT INTO SelectAnswer VALUES('eeb922d9-a2fa-4575-9d9e-bdd2ad44998e',0,'5ad96b46-8670-4368-858b-453472383bd2','223db1a3-b8d1-492d-8dc2-6e25340148c5');
INSERT INTO SelectAnswer VALUES('b0475821-deaa-416d-9961-ec2eaeb3e8fa',1,'c1d6bbad-b174-4f06-8dbd-89aaac420be5','920a67a3-7a50-435a-ba3a-e52988106a40');
INSERT INTO SelectAnswer VALUES('1aa85fc3-e9dd-45ea-b828-9294ec372af6',0,'5ad96b46-8670-4368-858b-453472383bd2','920a67a3-7a50-435a-ba3a-e52988106a40');
INSERT INTO SelectAnswer VALUES('d37e0a6e-8d48-47f3-9730-3fa4af3cb39b',0,'c1d6bbad-b174-4f06-8dbd-89aaac420be5','3f91e800-7e0f-40ed-93ca-682b0e073f44');
INSERT INTO SelectAnswer VALUES('6ff18492-a5b6-4fab-8fd7-d5f0e5d74172',1,'5ad96b46-8670-4368-858b-453472383bd2','3f91e800-7e0f-40ed-93ca-682b0e073f44');
INSERT INTO SelectAnswer VALUES('a4ce08ab-0dff-47e7-a6ca-0f04cab86162',1,'c1d6bbad-b174-4f06-8dbd-89aaac420be5','346042df-2b13-405e-b244-6b85c81d5e9e');
INSERT INTO SelectAnswer VALUES('795f4516-bd58-4b0f-96c1-20c57da91d39',0,'5ad96b46-8670-4368-858b-453472383bd2','346042df-2b13-405e-b244-6b85c81d5e9e');
INSERT INTO SelectAnswer VALUES('ccbfd6ea-eb09-4168-b737-b37e2d1b6057',1,'c1d6bbad-b174-4f06-8dbd-89aaac420be5','05c1a333-f483-4fb2-9435-da3e78970831');
INSERT INTO SelectAnswer VALUES('bfd0c5a1-bdd9-44c6-989f-8de370c8a1e4',0,'5ad96b46-8670-4368-858b-453472383bd2','05c1a333-f483-4fb2-9435-da3e78970831');
INSERT INTO SelectAnswer VALUES('e8587175-6538-4c85-81eb-5a986e281eb4',1,'c1d6bbad-b174-4f06-8dbd-89aaac420be5','6c2ec10b-2e63-47dc-890b-9a890e41ab01');
INSERT INTO SelectAnswer VALUES('8e3625eb-a0b0-4c4f-bf85-ae4756a5d5c0',0,'5ad96b46-8670-4368-858b-453472383bd2','6c2ec10b-2e63-47dc-890b-9a890e41ab01');
INSERT INTO SelectAnswer VALUES('e4622474-99be-4e22-a26c-666736ec1782',1,'c1d6bbad-b174-4f06-8dbd-89aaac420be5','63ad2822-e401-4eb5-ba4a-c9b4fa90695e');
INSERT INTO SelectAnswer VALUES('c707a197-e424-4c17-b6f3-c1860390430c',0,'5ad96b46-8670-4368-858b-453472383bd2','63ad2822-e401-4eb5-ba4a-c9b4fa90695e');
INSERT INTO SelectAnswer VALUES('cbdcb7fe-6d1d-4b29-a519-a71d6d2045ec',1,'c1d6bbad-b174-4f06-8dbd-89aaac420be5','c12a0735-5a00-4297-9c36-68e91a48acb0');
INSERT INTO SelectAnswer VALUES('6b228e28-15a4-4997-86dc-e4469cd6011a',0,'5ad96b46-8670-4368-858b-453472383bd2','c12a0735-5a00-4297-9c36-68e91a48acb0');
INSERT INTO SelectAnswer VALUES('675cda48-ff26-4639-b0f9-404a2957b38e',1,'c1d6bbad-b174-4f06-8dbd-89aaac420be5','7eea37a1-5857-4f26-8351-8606bc6eeec2');
INSERT INTO SelectAnswer VALUES('ef091e02-7faa-40ef-aeb6-fd48b69d4253',0,'5ad96b46-8670-4368-858b-453472383bd2','7eea37a1-5857-4f26-8351-8606bc6eeec2');
INSERT INTO SelectAnswer VALUES('24f80ae6-de00-486e-bdfe-ba108f19958e',1,'c1d6bbad-b174-4f06-8dbd-89aaac420be5','2695daac-9de7-4718-bd19-3fd26c99ace4');
INSERT INTO SelectAnswer VALUES('7a748782-b4cd-4648-b139-9cbcc3551572',0,'5ad96b46-8670-4368-858b-453472383bd2','2695daac-9de7-4718-bd19-3fd26c99ace4');
INSERT INTO SelectAnswer VALUES('7ea6d84d-6875-4ca3-bdf1-06c11513c5f5',1,'c1d6bbad-b174-4f06-8dbd-89aaac420be5','dd80a97c-4b58-4152-a02b-e32e1ac31bfa');
INSERT INTO SelectAnswer VALUES('e9e21a86-3a17-4655-9d09-99076f2d4f3f',0,'5ad96b46-8670-4368-858b-453472383bd2','dd80a97c-4b58-4152-a02b-e32e1ac31bfa');
INSERT INTO SelectAnswer VALUES('b5a533a8-532c-487d-a702-d023359b55ed',0,'c1d6bbad-b174-4f06-8dbd-89aaac420be5','a133a035-de34-45e4-90c4-eca7bcdc8a75');
INSERT INTO SelectAnswer VALUES('4da30d17-b998-4466-a31b-62f6c7e1e70a',1,'5ad96b46-8670-4368-858b-453472383bd2','a133a035-de34-45e4-90c4-eca7bcdc8a75');
INSERT INTO SelectAnswer VALUES('014e46e4-6f15-4eb7-ba57-58ea5836d1d6',1,'c1d6bbad-b174-4f06-8dbd-89aaac420be5','e4cb769a-97c5-4e4b-98d4-fedca8689bce');
INSERT INTO SelectAnswer VALUES('a3ac1d2b-ce52-4e7f-a62b-584aec4130d6',0,'5ad96b46-8670-4368-858b-453472383bd2','e4cb769a-97c5-4e4b-98d4-fedca8689bce');
INSERT INTO SelectAnswer VALUES('84b043d7-0d35-42a8-9294-04661369d808',0,'c1d6bbad-b174-4f06-8dbd-89aaac420be5','2cd83625-aab9-4eb7-b53c-b0d30eef7108');
INSERT INTO SelectAnswer VALUES('95120024-a2e0-4299-a73f-22878d4993c3',1,'5ad96b46-8670-4368-858b-453472383bd2','2cd83625-aab9-4eb7-b53c-b0d30eef7108');
INSERT INTO SelectAnswer VALUES('36eb6d4d-5e0f-42e7-895d-f2eab2f1d3aa',0,'c1d6bbad-b174-4f06-8dbd-89aaac420be5','19a98860-81c0-4203-beea-f2f8f8b25e16');
INSERT INTO SelectAnswer VALUES('fcf875d4-6ba1-4e60-ba98-6b93341d14c3',1,'5ad96b46-8670-4368-858b-453472383bd2','19a98860-81c0-4203-beea-f2f8f8b25e16');
INSERT INTO SelectAnswer VALUES('8afd7622-757c-4c70-a7eb-f73f869d2313',1,'c1d6bbad-b174-4f06-8dbd-89aaac420be5','6e54c24e-2db5-46fc-a408-9a61ccd71c43');
INSERT INTO SelectAnswer VALUES('f2298f82-11c4-4466-a715-a29eceff2334',0,'5ad96b46-8670-4368-858b-453472383bd2','6e54c24e-2db5-46fc-a408-9a61ccd71c43');
INSERT INTO SelectAnswer VALUES('1da55ff1-9161-4bdb-8593-2c8444de9b0f',1,'c1d6bbad-b174-4f06-8dbd-89aaac420be5','457c5cdc-0bca-4153-a3a5-d7cd52b26069');
INSERT INTO SelectAnswer VALUES('d1a3c169-ef80-4714-9ea4-a5cf334bfe2a',0,'5ad96b46-8670-4368-858b-453472383bd2','457c5cdc-0bca-4153-a3a5-d7cd52b26069');
INSERT INTO SelectAnswer VALUES('ce2188ad-eec1-4e55-a1e4-908d936c5092',1,'c1d6bbad-b174-4f06-8dbd-89aaac420be5','062d77f6-8ebb-474d-a263-c536f12c9c69');
INSERT INTO SelectAnswer VALUES('06b3c3d5-2364-4641-9d5a-c41a4b484030',0,'5ad96b46-8670-4368-858b-453472383bd2','062d77f6-8ebb-474d-a263-c536f12c9c69');
INSERT INTO SelectAnswer VALUES('88299b4e-0f3c-4d06-ae86-05fb2a488e1e',1,'c1d6bbad-b174-4f06-8dbd-89aaac420be5','f2cbf0b3-6d7f-4f28-a9b9-bdd295674bee');
INSERT INTO SelectAnswer VALUES('250c4267-30b0-4c7a-bf9a-4f952f7876f4',0,'5ad96b46-8670-4368-858b-453472383bd2','f2cbf0b3-6d7f-4f28-a9b9-bdd295674bee');
INSERT INTO SelectAnswer VALUES('63cf7502-6463-476f-a755-560f4937e43e',1,'c1d6bbad-b174-4f06-8dbd-89aaac420be5','54361297-be3b-4b38-8a01-f32f6324fba8');
INSERT INTO SelectAnswer VALUES('6b4ca74c-e4cc-4d98-8924-3063b00cc7f3',0,'5ad96b46-8670-4368-858b-453472383bd2','54361297-be3b-4b38-8a01-f32f6324fba8');
INSERT INTO SelectAnswer VALUES('139d227b-0f05-41d0-b263-700e2ad454db',0,'c1d6bbad-b174-4f06-8dbd-89aaac420be5','2aa963e9-86af-4d97-af56-8aed42ff9f63');
INSERT INTO SelectAnswer VALUES('65b8bac5-3ed2-419a-98cd-53df12511a1e',1,'5ad96b46-8670-4368-858b-453472383bd2','2aa963e9-86af-4d97-af56-8aed42ff9f63');
INSERT INTO SelectAnswer VALUES('2a51b126-0232-42da-9f30-54cc85774ebe',0,'c1d6bbad-b174-4f06-8dbd-89aaac420be5','0dc73a95-0148-41ce-8c45-b3d296e6526f');
INSERT INTO SelectAnswer VALUES('1b8cac5d-0a77-43dd-aa0b-d27c96d224fb',1,'5ad96b46-8670-4368-858b-453472383bd2','0dc73a95-0148-41ce-8c45-b3d296e6526f');
INSERT INTO SelectAnswer VALUES('4c078ed5-d9d0-4d2c-93a2-e2afea220160',1,'c1d6bbad-b174-4f06-8dbd-89aaac420be5','1666a586-5044-416a-91df-f0708a136ef6');
INSERT INTO SelectAnswer VALUES('8adec72b-736f-4b96-b249-2226facc4507',0,'5ad96b46-8670-4368-858b-453472383bd2','1666a586-5044-416a-91df-f0708a136ef6');
INSERT INTO SelectAnswer VALUES('c34ef2ce-693d-480d-a3b2-139b928350d4',0,'c1d6bbad-b174-4f06-8dbd-89aaac420be5','833d0377-16c4-4e77-9bf9-6ba1582f58c2');
INSERT INTO SelectAnswer VALUES('8ed45ba8-8f85-4dd3-b72a-772bd0067072',1,'5ad96b46-8670-4368-858b-453472383bd2','833d0377-16c4-4e77-9bf9-6ba1582f58c2');
INSERT INTO SelectAnswer VALUES('34a41822-87aa-427b-bcc3-e43f914402b6',1,'c1d6bbad-b174-4f06-8dbd-89aaac420be5','09fd1b99-ecf4-46e4-ad20-4ecaab1654ac');
INSERT INTO SelectAnswer VALUES('f3716c5b-62a1-4135-9721-9946d8d0a2d7',0,'5ad96b46-8670-4368-858b-453472383bd2','09fd1b99-ecf4-46e4-ad20-4ecaab1654ac');
INSERT INTO SelectAnswer VALUES('5576d0f6-ffce-4217-9f55-ced03479649c',1,'c1d6bbad-b174-4f06-8dbd-89aaac420be5','495d6418-471c-4b5e-92b9-f7ad44a1eeaa');
INSERT INTO SelectAnswer VALUES('fc9f562f-4cec-4b32-a290-fc20cd99f86a',0,'5ad96b46-8670-4368-858b-453472383bd2','495d6418-471c-4b5e-92b9-f7ad44a1eeaa');
INSERT INTO SelectAnswer VALUES('a34d7a4b-9f41-4739-becb-a920ec24f13c',0,'a34d7a4b-9f41-4739-becb-a920ec24f13c','df5c4ed7-7109-4c20-88dd-87e05833d16f');
INSERT INTO SelectAnswer VALUES('3065e157-6f71-4c33-a682-5022723f8391',0,'AF770977-4B29-4444-B907-F819EF5D0BEA','df5c4ed7-7109-4c20-88dd-87e05833d16f');
INSERT INTO SelectAnswer VALUES('ac218326-9512-4383-8945-4303931d7457',1,'EE38E69B-F2B3-477E-A06A-70EBB3E5F87D','df5c4ed7-7109-4c20-88dd-87e05833d16f');
CREATE TABLE IF NOT EXISTS "UnitAnswer" (
    "id" TEXT NOT NULL PRIMARY KEY,
    "value" REAL NOT NULL,
    "unit" TEXT NOT NULL,
    "answerId" TEXT NOT NULL,
    CONSTRAINT "UnitAnswer_answerId_fkey" FOREIGN KEY ("answerId") REFERENCES "Answer" ("id") ON DELETE RESTRICT ON UPDATE CASCADE
);
INSERT INTO UnitAnswer VALUES('85390d3a-b92b-41d6-877a-925ae6a93f32',0.959999999999999965,'meter','05fe080d-0020-4f11-828e-0aa87dfe2cdd');
CREATE TABLE IF NOT EXISTS "NumberAnswer" (
    "id" TEXT NOT NULL PRIMARY KEY,
    "value" REAL NOT NULL,
    "answerId" TEXT NOT NULL,
    CONSTRAINT "NumberAnswer_answerId_fkey" FOREIGN KEY ("answerId") REFERENCES "Answer" ("id") ON DELETE RESTRICT ON UPDATE CASCADE
);
INSERT INTO NumberAnswer VALUES('f6a7b8c9-ad1e-4f2a-3b4c-number4444444',2.0,'f6a7b8c9-ad1e-4f2a-3b4c-answer4444444');
INSERT INTO NumberAnswer VALUES('a7b8c9da-1e2f-4a3b-4c5d-number5555555',0.0,'a7b8c9da-1e2f-4a3b-4c5d-answer5555555');
INSERT INTO NumberAnswer VALUES('7711ec4b-750b-4a0c-a28c-2a2d5f161e4a',1500625.0,'a73521cc-1565-4d86-8719-c26456aaeb9d');
INSERT INTO NumberAnswer VALUES('ad39d2ef-8ba8-41b2-b19d-dcd4a24d2a59',919602.0,'71ab66ac-28a2-4a66-a331-5131519ef454');
INSERT INTO NumberAnswer VALUES('252e9f47-f4bc-41d5-a874-833382d06df2',7.0,'ce178537-7265-4713-ab70-ae7e2a2f57b3');
INSERT INTO NumberAnswer VALUES('303f021b-9c38-4d1b-b496-c737a1c2d7b1',12.0,'c833f84e-dc56-4ab0-8a59-5bfd378b7c6c');
INSERT INTO NumberAnswer VALUES('4bef0219-c99e-43c0-a6cf-aa3ec5506274',10.0,'e24ab3be-ceb1-436a-969c-d59eddeb12a0');
INSERT INTO NumberAnswer VALUES('5b8edfd8-9ea2-415b-b684-43875dbb45ee',13.0,'91831553-056d-4d17-8bce-194394ea898a');
INSERT INTO NumberAnswer VALUES('c1950214-af73-494a-a630-0395dc44f0e1',9.0,'8b2b575c-201a-42d1-8621-5f9ae45f7ddc');
INSERT INTO NumberAnswer VALUES('68103994-172c-40a9-aa6f-72f8917a7f67',9.0,'af7417a4-5c63-4c25-bd17-292b08ac529e');
INSERT INTO NumberAnswer VALUES('ab9cec1f-a673-4ed3-ab48-ee309a1e1acc',12.0,'b673ed54-1c24-4a29-a2b9-cdcc88d504c5');
INSERT INTO NumberAnswer VALUES('f6de0bfa-c6f3-46e2-9037-faf535991f21',8.0,'6e66e7cc-d8ef-4fb8-af25-8635cd5301e6');
INSERT INTO NumberAnswer VALUES('84331a19-ccd3-49e9-8f23-4368e4827f59',10.0,'c69fee9d-a3b3-450c-a384-d3d723f24db6');
INSERT INTO NumberAnswer VALUES('1f582281-68cb-40bb-8836-b1320e3e9132',9.0,'2d9f28e8-7f1c-4f1d-ae0d-ce1904f512a7');
INSERT INTO NumberAnswer VALUES('2b1c2e9f-b3ab-4f28-b7b5-de3b8aca4e44',8.0,'fd6f60cb-c267-4da1-82f5-ff2935b6c063');
INSERT INTO NumberAnswer VALUES('76519284-a8d3-410a-86d9-42ea74e350a5',11.0,'5ca02096-a94f-4961-9a29-21504db8b67f');
INSERT INTO NumberAnswer VALUES('88ecc074-c15d-4deb-9cfe-328b23d3d250',5.0,'e1dd2d8c-503c-478d-b87c-060b6d5dab83');
INSERT INTO NumberAnswer VALUES('9ebb2d41-b302-415a-8c44-3ab00b44db01',8.0,'81ca5465-4f20-4076-a466-7fe68cffb5a6');
INSERT INTO NumberAnswer VALUES('e3fee53a-557e-4028-b977-d33fa62bb331',9.0,'4136ad83-d76f-41fb-8504-e1a4cf00e5e5');
INSERT INTO NumberAnswer VALUES('b64a6f25-f996-40bd-9f1a-259b98127598',9.0,'b656d13e-fdce-4d48-b4fc-dbff10c64735');
INSERT INTO NumberAnswer VALUES('26577f54-238a-4ccd-8fc6-2473cd0aea65',7.0,'c8e2c069-1c26-424c-9fcf-62ec55de6866');
INSERT INTO NumberAnswer VALUES('04496fee-c54e-4879-9381-21fdf8ff1678',7.0,'f88ddc14-2ba6-4273-b789-3e966943c908');
INSERT INTO NumberAnswer VALUES('3c57adbe-4f3f-429a-9a51-8feb27dc2e93',9.0,'efc43465-2936-4dce-a5f4-ba4b13fc4abe');
INSERT INTO NumberAnswer VALUES('b4099679-9aeb-447f-a80f-03cfc28f4ca5',10.0,'00c0234c-328f-492b-bdb1-6572a5dfa44f');
INSERT INTO NumberAnswer VALUES('9e314539-d0ae-4342-86db-43c3cb5e050b',9.0,'79959a55-6ee3-431f-bf42-de64d822dd0b');
INSERT INTO NumberAnswer VALUES('db91b513-9e85-4a0e-852c-6827ab6dc877',12.0,'0119d10c-89a2-4f4a-90c2-f64dbde97558');
INSERT INTO NumberAnswer VALUES('bd264741-e9f4-4e92-847d-8a6ee7ea8ed0',12.0,'1e7deeb9-e88c-4c91-a95c-79536c6be7cd');
INSERT INTO NumberAnswer VALUES('D0920552-1AFA-493D-9019-4FFDBE079A32-number-answer',60.0,'D0920552-1AFA-493D-9019-4FFDBE079A32-answer');
INSERT INTO NumberAnswer VALUES('9C030140-9A43-46ED-9B57-9E7A17ABEB41-number-answer',34650.0,'9C030140-9A43-46ED-9B57-9E7A17ABEB41-answer');
INSERT INTO NumberAnswer VALUES('2846288c-849a-48f1-84f6-cfdd641a143c',120.0,'ec73a468-679d-4997-a29e-99cf84d98e7a');
INSERT INTO NumberAnswer VALUES('5e190214-b2d2-45bf-b2d8-d0ebc451a80b',211926.0,'1821e0aa-3ee5-4b41-8084-876b59401015');
INSERT INTO NumberAnswer VALUES('ce79c2bd-dfeb-4c6f-9c5e-9c2f56d72835',285.0,'f35b76ba-4d11-4978-868c-854c1a3c521d');
INSERT INTO NumberAnswer VALUES('427c74b8-1687-44d5-8887-ee57da5a0353',35.0,'8b528449-52c3-4714-9748-6fc6a7903d44');
INSERT INTO NumberAnswer VALUES('43e640b6-8d6b-4daf-a2c7-66f7b322aebc',180.0,'3b3f073f-1d7f-4dc8-a68e-420466cb4dec');
INSERT INTO NumberAnswer VALUES('26103a24-18b1-41bc-953b-849519041681',126.0,'14582bd6-a7df-459f-a649-5624968656df');
INSERT INTO NumberAnswer VALUES('6fdfdfb8-6b19-4961-849b-a649fd880361',36.0,'8d06d736-5684-4fc9-892f-98ec2735c4af');
INSERT INTO NumberAnswer VALUES('0023be1e-933f-4dc6-b133-2e60e3ac0205',56.0,'9799cdce-08a0-45a4-9ddc-63a2d3490948');
INSERT INTO NumberAnswer VALUES('c0e1eae3-fdfd-4279-b7bf-2fe5c7c3f015',66.0,'6d82762c-ed83-4127-a85c-1b7c2c322322');
INSERT INTO NumberAnswer VALUES('b868198f-846a-4341-b673-376793437adc',495.0,'eb5c8ad1-775a-45b1-a90e-fb8d2f137c45');
INSERT INTO NumberAnswer VALUES('71860e5b-514b-4674-9af6-78eea49762b2',84.0,'7efcc177-115f-4a5e-be93-f7e6c79979f8');
INSERT INTO NumberAnswer VALUES('8fe8289d-5e10-4928-80f1-c612eaae8aec',3876.0,'3030c72e-817d-4f60-9873-dadeeddc587c');
INSERT INTO NumberAnswer VALUES('6b39dde2-ff1f-4d0f-b688-58cdfbac250b',36.0,'c2d10d3d-f3e0-4a99-80dc-248a3d70b1af');
INSERT INTO NumberAnswer VALUES('959f34b8-74c2-4fc2-a3fe-eee49cfd1e64',84.0,'ce096208-793b-42bc-95a7-e1cd7a594264');
INSERT INTO NumberAnswer VALUES('c348eebd-558c-421f-806e-25f041965bc2',91.0,'d0e88715-7ad1-48cc-a364-c5c6543dbeb6');
INSERT INTO NumberAnswer VALUES('5636c8c8-abcf-4227-a10f-8e00d02a3d59',220.0,'588a8d02-206d-4e5b-b3ea-5a54b6334bd7');
INSERT INTO NumberAnswer VALUES('79dcf2ca-f99e-4a40-9746-bf20a5ac1063',792.0,'0f5f68e6-6b1d-4c12-aa5f-cb5043536f5c');
INSERT INTO NumberAnswer VALUES('ead70531-a200-4b6c-877a-9b9e989c0082',8.0,'69cff16d-b025-4d29-8f8c-1c34fb94b548');
INSERT INTO NumberAnswer VALUES('ad053f03-d46c-40c6-ab0e-af6892656f64',220.0,'5bee3bb4-cfbb-46fb-b4bd-542db9e1de43');
INSERT INTO NumberAnswer VALUES('a23f38bb-2223-4e9d-8dcf-a76fba2f0d17',495.0,'3c7e424a-9185-4771-8fa2-284cb6c3ded9');
INSERT INTO NumberAnswer VALUES('beb2776c-5193-4104-b454-ccd3d831fdfd',715.0,'6bfca521-f0f3-4094-b9a3-afbda91d152c');
INSERT INTO NumberAnswer VALUES('874fcede-b45d-49df-a51b-e51a0f5f813c',364.0,'6dfe77fa-388f-4749-a491-20068369df09');
INSERT INTO NumberAnswer VALUES('67e88df2-785f-47e8-affa-596909fe3899',210.0,'fee9014e-d481-4681-a241-ebf6862048bc');
INSERT INTO NumberAnswer VALUES('62030862-cafd-4112-b9bb-1adc5c796f93',252.0,'f0b1cd24-bf6c-4f21-bcf0-98ca7a52946b');
INSERT INTO NumberAnswer VALUES('20283b7c-12ca-4eb1-9113-8fd90cf70357',21.0,'45a02cea-ea88-43e2-bdba-06f62f115540');
INSERT INTO NumberAnswer VALUES('98D136B1-7B0D-4D2C-BAA8-B83755B3A4C1',4989600.0,'EDFB5B2E-FAAC-4FC3-BBA3-8D8A73800F76');
INSERT INTO NumberAnswer VALUES('8102C2FF-FFE6-4B9B-A4E0-F39CDE5DEA27',86400.0,'3C95C523-997F-4BC3-A9A4-684E26ED4971');
INSERT INTO NumberAnswer VALUES('5d20b3f7-bf99-4eb7-a2f6-f1129899a1c7',120.0,'2b55f123-42dd-463f-bea6-ce8cd8ef8e1a');
INSERT INTO NumberAnswer VALUES('6e37cf99-96da-4389-9c94-0f50034ee019',30.0,'fe41abf2-52cc-4a47-b980-95f3030a2828');
INSERT INTO NumberAnswer VALUES('f4937a9f-c88f-41f0-bfdd-0ffd7db1e4e0',24.0,'20dca280-c077-441d-bf80-374f315fb58b');
INSERT INTO NumberAnswer VALUES('a309d254-958e-4e1b-a1a3-392adbe80e7f',24.0,'57574d74-b8b6-4444-a371-c2d69f5fcf11');
INSERT INTO NumberAnswer VALUES('625dd07f-23d2-4e9e-9f1b-7702e2abc5a5',24.0,'9fe9b757-ae38-49e7-b98a-140046cae94d');
INSERT INTO NumberAnswer VALUES('fb36ad47-b1e7-47bb-ae24-658211820b0e',12.0,'bf9f8c99-7c6f-4ed8-a37b-6d118840e2c1');
INSERT INTO NumberAnswer VALUES('2c0c5c23-8a47-4961-8ed8-71899bd7ce1a',60.0,'4bee6579-07eb-4b61-85c2-8674aad6ba34');
INSERT INTO NumberAnswer VALUES('cb16e541-89e3-4cdc-9583-1a9497df48c0',40320.0,'b14dc768-484c-4d63-89b4-dec271f81456');
INSERT INTO NumberAnswer VALUES('eac03a1f-15a6-4c16-9451-5dacc7b9ba34',72.0,'9e4d3ade-b3ac-4ec6-bacf-6f8a73643b7c');
INSERT INTO NumberAnswer VALUES('b199ee7b-bb1d-484b-8829-4b1f3ae1cccd',50400.0,'98185bd2-5482-490b-a99f-8685e093f182');
INSERT INTO NumberAnswer VALUES('54aca958-6ec4-4fde-9845-8639a72e0e22',60.0,'dff6c604-8cdc-446c-85a5-711bfe40682d');
INSERT INTO NumberAnswer VALUES('83427450-9939-424e-9c89-aa08df4d8d56',43.0,'58b77e86-14d7-4233-972d-4ea4a262bab4');
INSERT INTO NumberAnswer VALUES('43732a0d-6195-44ca-af4e-d4d8bd297f07',108.0,'422da29f-8f7e-4fc6-9b73-9b39ffccd49e');
INSERT INTO NumberAnswer VALUES('00c0ee46-78a6-4e57-b29b-0d73192520c0',80.0,'f32d2330-e058-4404-964d-77ddfa628897');
INSERT INTO NumberAnswer VALUES('444a9828-033e-4d78-bb85-600ac328ee91',500.0,'9be9e6ba-c7d5-4a16-a582-c4f895550e53');
INSERT INTO NumberAnswer VALUES('0b6de177-0a5c-4fc6-8834-ad7e979b4df9',540.0,'1f3e768e-534e-4785-9cb6-f660b32f8c44');
INSERT INTO NumberAnswer VALUES('3bb2c27f-c7ff-4a08-bfbe-d0d92f747fc6',175.0,'bc09d484-3c91-418d-83ac-7c77378983de');
INSERT INTO NumberAnswer VALUES('22989b36-971f-41f3-af25-0db84f485072',74.0,'d4c9233e-f3e5-42a0-9c53-66f9d6df3b16');
INSERT INTO NumberAnswer VALUES('2245c703-4b41-453d-8ea4-2500bd977e50',21.0,'94fbc3d6-b524-4418-96e0-3f50be464088');
INSERT INTO NumberAnswer VALUES('994fe719-c40c-4b85-a7fd-81c5d1e1cea5',20.0,'51183f91-9a7d-49c7-b232-d33ec304bd8f');
INSERT INTO NumberAnswer VALUES('0f84e309-482d-41ee-a8a2-efdd21168c6f',255.0,'9adeaabb-69f1-46d4-bdb1-1e15b54bd091');
INSERT INTO NumberAnswer VALUES('affa5b6e-d4ca-4767-9cdb-e862ea5d5d71',3168.0,'158295eb-68dd-4fba-9bea-e2708d6a9410');
INSERT INTO NumberAnswer VALUES('22a1a436-f9f3-4ffe-aae9-98863108dc22',3367.0,'a4b5cd8b-3262-4dac-9252-c884fd2f4fc2');
INSERT INTO NumberAnswer VALUES('039b1b69-97da-422f-9770-d0cd45e5e8b3',140.0,'40f0150d-8bfd-4f9a-88ef-02711eb52e31');
INSERT INTO NumberAnswer VALUES('db0f9be8-e92b-4054-9131-3b6b171c82eb',48.0,'781982c2-4b33-49ae-a303-b02d55c27e42');
INSERT INTO NumberAnswer VALUES('c1a0c98e-8f82-4585-aa2c-4b99d4c5fe70',4748472.0,'0183b574-1a56-4b0f-ab21-65ff304c4151');
INSERT INTO NumberAnswer VALUES('c7f3ee67-1479-4b97-aba7-5c36d9b7672e',78.0,'8f7f6d39-46bf-4dc3-a4d6-40e0eb57ec22');
INSERT INTO NumberAnswer VALUES('91f10654-8733-4059-9161-cd18f44feead',3005.0,'5286375e-b9de-40f5-9408-16431c118453');
INSERT INTO NumberAnswer VALUES('90a9666f-ac10-4950-92a2-4a7dc72ec7ab',40951.0,'394f3b35-a28f-4f15-80e2-0e1e82bf2159');
INSERT INTO NumberAnswer VALUES('c815c22d-c027-483b-89ae-aeb6fb4efc83',2016.0,'bb0525cb-b62a-4d11-8178-12b5dbf94811');
INSERT INTO NumberAnswer VALUES('e62290c0-85bd-49e2-a2c1-fc820f3edb30',171004205215.0,'0aea3000-072a-453d-8220-337cda42de6d');
INSERT INTO NumberAnswer VALUES('459c5752-f4dd-498f-8f01-3e4a75a1c605',1040.0,'22522021-4f00-496e-8871-ed2a46bebb38');
INSERT INTO NumberAnswer VALUES('c5739f88-2482-4b2b-b418-19c8bf0331f3',252.0,'093ec8e3-f24d-49b6-813b-13efd3aadcab');
INSERT INTO NumberAnswer VALUES('efb7c932-695c-4dbd-ab2a-a0f5e8af45c6',886656.0,'c85d86ed-8f0e-4ed9-bc15-7100752b3070');
INSERT INTO NumberAnswer VALUES('b7f5c63d-a83b-42ae-b3eb-d2dd9966bd65',127.0,'ca568c7a-dd0b-4bc3-9c01-3f1d1db1f97b');
INSERT INTO NumberAnswer VALUES('48d03b57-7086-4b37-9d5d-b61d773a9d39',768.0,'ebfc2260-7df1-40ce-8c80-535c1cae7371');
INSERT INTO NumberAnswer VALUES('32f30d9b-43c0-475a-ba34-47c9240311ba',76.0,'190bbe1a-7a4a-4a38-951d-51f4c9a22982');
INSERT INTO NumberAnswer VALUES('dc590405-af8f-4855-91a1-bb08a05752c1',8375.0,'01e2339f-5436-4c11-9b65-da19327e9aa4');
INSERT INTO NumberAnswer VALUES('1d9fe301-a0db-4a4c-9aa8-5bad8f01bb39',211.0,'ba0fb684-2ade-4e38-a4ca-465575f9521a');
INSERT INTO NumberAnswer VALUES('98ab700a-37af-4326-aa60-e5198ae708b0',18.0,'1b2d2de5-ddd5-4963-9339-05d3acad7fcd');
INSERT INTO NumberAnswer VALUES('3f0ae1fc-4637-4e28-98d4-c5ee867a428e',10.0,'15ebcde4-e084-4113-8493-a8534ae081f7');
INSERT INTO NumberAnswer VALUES('1cdbf2b1-bddf-472e-956b-306a17a3b565',20.0,'6ccf46c4-361c-4c8b-b8b4-52905614831a');
INSERT INTO NumberAnswer VALUES('73a259a8-d418-40f7-8f03-7fecc67d812f',35.0,'bbb4371b-45e9-42e8-bf72-a0b149a245d0');
INSERT INTO NumberAnswer VALUES('031629a3-f13c-46fc-8814-893a405b6d41',28.0,'54d98d13-852d-4b40-9e49-c5efd83633cd');
INSERT INTO NumberAnswer VALUES('8d76a894-d427-47f9-8785-435cc2c93243',126.0,'6ae6b923-d2fa-4a28-a3f9-2e1b704b0598');
INSERT INTO NumberAnswer VALUES('0571b457-e375-4336-9ceb-192f13890f3d',120.0,'4996aab1-8cac-4e64-9d3a-7d06c6cdc742');
INSERT INTO NumberAnswer VALUES('2be6815b-5908-4b26-acaf-3102557b455d',462.0,'a54d21c1-a5b9-4506-8a68-dc7fa859fd34');
INSERT INTO NumberAnswer VALUES('96cbc281-3efb-4eec-97cb-066ddfc3b338',495.0,'611f5e86-ca84-4208-9f31-b8902cf9ee9d');
INSERT INTO NumberAnswer VALUES('e611c47e-9f8f-491f-8411-fc8e523d00ab',1716.0,'054136a5-012e-42ea-8da0-dab1f491c814');
INSERT INTO NumberAnswer VALUES('e771ec77-57b9-43df-8525-1147da647f8b',91.0,'af4e6613-2e03-4201-9c41-ba6fa92c9de9');
INSERT INTO NumberAnswer VALUES('dd73a861-1d76-4403-bc8d-a1cff454ec92',3003.0,'55821ae6-9be4-40f4-9c08-23d9149a6fcd');
INSERT INTO NumberAnswer VALUES('64fd2b45-9e74-4914-a068-0c53f9fa0689',12870.0,'af28c0a7-966d-44f6-838f-4c77dde2ef8e');
INSERT INTO NumberAnswer VALUES('de8b65bb-053b-46a6-b382-4317a3b7f400',680.0,'b58f4b4d-d333-44f1-8039-e035eef5393d');
INSERT INTO NumberAnswer VALUES('9d5fc71b-47c7-42ef-9f78-6a4bb38c43a8',48620.0,'87dd2b44-d72d-4435-9013-59677bc41111');
INSERT INTO NumberAnswer VALUES('a6d9b174-3b3e-4350-a426-71e53888c060',3876.0,'764b3d07-ebd3-4394-875a-ae510a6523ae');
INSERT INTO NumberAnswer VALUES('0313e149-c1fa-42d1-9b5b-b8a5a1175f38',184756.0,'1aefa9a9-d3d8-43c0-ae55-003af752fd31');
INSERT INTO NumberAnswer VALUES('c04e6f38-40f4-4ebd-8fd0-3c5ebecd113f',116280.0,'50e669f1-d096-4568-be90-77f6b9d28200');
INSERT INTO NumberAnswer VALUES('17a8cbbc-0797-4995-bc6c-079f575aee09',705432.0,'a61a26d1-2184-4940-b7ff-583ee595eddf');
INSERT INTO NumberAnswer VALUES('1e556fad-38cb-458e-a3fa-0b7784f0308e',33649.0,'e26f0543-475c-4636-951e-23c273e8aa62');
INSERT INTO NumberAnswer VALUES('b2eb2cc0-88dd-431c-903c-65a283d65d64',2704156.0,'4a61612b-9fe1-45d0-8526-3c7703858700');
INSERT INTO NumberAnswer VALUES('d9e46f44-6022-46e7-8321-e839013ac784',30.0,'c1880b46-588c-4b70-9312-0f5f6eb8120c');
INSERT INTO NumberAnswer VALUES('008de857-f0c6-41b2-9da4-084debf0af36',1260.0,'03d23b7a-9bdb-4729-bed8-9ea4290b4442');
INSERT INTO NumberAnswer VALUES('157a12bf-6771-49b2-ae85-c50f0ec65ef7',420.0,'aa641226-96af-4d0f-82c7-046a3c471d20');
INSERT INTO NumberAnswer VALUES('f8f0ad04-af65-410a-a4f8-13d547e608bd',151200.0,'af15e5f9-1fc7-4ca4-bb1a-4b62b6a6de12');
INSERT INTO NumberAnswer VALUES('49b2a257-ecb0-49e0-b44d-4feaeb2ae98a',60.0,'6b609c9b-733a-4dfc-9496-f417f4121514');
INSERT INTO NumberAnswer VALUES('367e7661-fe04-47c0-b68b-36690f51e162',34650.0,'44c6aa88-dcd8-459b-a5d4-512a8de0c6f2');
INSERT INTO NumberAnswer VALUES('7933587b-8288-43a8-87c9-173da841f3a7',83160.0,'c260309e-25b0-4227-b98f-657f106dde6c');
INSERT INTO NumberAnswer VALUES('abf15889-4f7e-4826-a098-5b112527ef80',45360.0,'4ea0cfb1-8a41-4b9f-af91-1dc46d86d717');
INSERT INTO NumberAnswer VALUES('4865ae9f-0819-4d6b-929a-9fabd6cfd51e',180.0,'fdf646b2-397e-4fa6-bc7d-c2e3040274b1');
INSERT INTO NumberAnswer VALUES('f9d76d7e-d34b-4efd-9f77-661d714cb930',50400.0,'13dcec1f-eae9-4cc9-926a-de2b2a1722ff');
INSERT INTO NumberAnswer VALUES('89c50544-5720-4b36-8c34-eb60406c9386',180.0,'a9bcaab2-94eb-4a47-9050-6e5d3e55512e');
INSERT INTO NumberAnswer VALUES('736bff57-5d85-4460-b625-0794b3b771ca',60.0,'5e5ae224-d748-44ae-bd52-60250f5074b1');
INSERT INTO NumberAnswer VALUES('ed147009-23ac-4bac-ab34-9cacdfeb172a',453600.0,'1dd53455-34d0-4d6a-8578-f5280d8bdb99');
INSERT INTO NumberAnswer VALUES('54c0abc4-4ba0-44ae-a425-f14d9e3da6be',121080960.0,'5cb21c69-f170-47fe-b51d-140e68d24608');
INSERT INTO NumberAnswer VALUES('7577b8fe-1b21-4662-b460-ba881eef7241',5040.0,'0a1d8b16-2e0b-4b90-b1c2-fe007a3d8a7d');
INSERT INTO NumberAnswer VALUES('3fa22d64-0bbc-4a96-9327-ac6ec0d735c1',151200.0,'0c2c0da3-f8e1-4256-b8a8-a95823b02691');
INSERT INTO NumberAnswer VALUES('823b23b8-1cb0-4c5a-8e56-e716ee221119',302400.0,'a5b2c4b6-1473-4201-acac-2facb6ae9452');
INSERT INTO NumberAnswer VALUES('c180fff0-fe06-480c-8204-eb2aff8c6451',75600.0,'a919f7d3-9878-461e-b9ae-8f0bf9cabd8d');
INSERT INTO NumberAnswer VALUES('bae8cf7c-ca8f-4fcd-9be9-61dc9a2d2fa9',3360.0,'79c1c93a-0985-471a-bedd-7b58d4e5c435');
INSERT INTO NumberAnswer VALUES('6ed75797-f3a1-4241-81e3-f4ea14a1e045',120.0,'7103b82b-100d-4e6f-b227-d9c1e4a5a062');
INSERT INTO NumberAnswer VALUES('f2a2b3c4-2222-4567-890a-bcdef0123458',2.0,'f2a2b3c4-2222-4567-890a-bcdef0123457');
INSERT INTO NumberAnswer VALUES('f3a2b3c4-3333-4567-890a-bcdef0123458',8.666999999999999816,'f3a2b3c4-3333-4567-890a-bcdef0123457');
INSERT INTO NumberAnswer VALUES('f4a2b3c4-4444-4567-890a-bcdef0123458',2.666999999999999816,'f4a2b3c4-4444-4567-890a-bcdef0123457');
INSERT INTO NumberAnswer VALUES('f5a2b3c4-5555-4567-890a-bcdef0123458',0.0,'f5a2b3c4-5555-4567-890a-bcdef0123457');
INSERT INTO NumberAnswer VALUES('f7a2b3c4-7777-4567-890a-bcdef0123458',2.0,'f7a2b3c4-7777-4567-890a-bcdef0123457');
INSERT INTO NumberAnswer VALUES('f8a2b3c4-8888-4567-890a-bcdef0123458',2.0,'f8a2b3c4-8888-4567-890a-bcdef0123457');
INSERT INTO NumberAnswer VALUES('f9a2b3c4-9999-4567-890a-bcdef0123458',1.0,'f9a2b3c4-9999-4567-890a-bcdef0123457');
INSERT INTO NumberAnswer VALUES('fba2b3c4-bbbb-4567-890a-bcdef0123458',5.333000000000000184,'fba2b3c4-bbbb-4567-890a-bcdef0123457');
INSERT INTO NumberAnswer VALUES('fda2b3c4-dddd-4567-890a-bcdef0123458',1.0,'fda2b3c4-dddd-4567-890a-bcdef0123457');
INSERT INTO NumberAnswer VALUES('ffa2b3c4-ffff-4567-890a-bcdef0123458',2.25,'ffa2b3c4-ffff-4567-890a-bcdef0123457');
INSERT INTO NumberAnswer VALUES('65b76340-412e-42df-a5c0-1435ef273f1b',7.666999999999999816,'c371ef3f-1be2-46c3-8f7a-338fd983601e');
INSERT INTO NumberAnswer VALUES('b5440b1c-d752-4bdd-9a2c-a06d45c16360',4.0,'92ee7f0b-c860-4d44-bb49-bab1a0d8219a');
INSERT INTO NumberAnswer VALUES('e6b9a892-9048-4421-a5c5-0121ccb2840c',-2.0,'f29268fd-8d42-4d79-8a57-495558a888b6');
INSERT INTO NumberAnswer VALUES('a905d6da-c995-44bd-98ad-b4c763612c37',7.0,'b241bfc1-748f-4775-b4a9-fa10d2eccac2');
INSERT INTO NumberAnswer VALUES('13d3d69e-99cd-4597-8f17-408a43e54b9e',1.0,'63556833-7bac-4e95-871d-bf8e144f4884');
INSERT INTO NumberAnswer VALUES('d6f354ae-a80f-4914-a90a-81d18678c831',10.0,'e3e85d47-8d35-4521-b507-c81d5bb579e9');
INSERT INTO NumberAnswer VALUES('b6b2d040-a25b-4648-a289-415f75323d34',1.0,'4f6ca6ae-c225-4f08-bc06-5ada7cf659b5');
INSERT INTO NumberAnswer VALUES('7630e911-4885-4981-805e-3a9efc325a5a',-14.0,'e5142250-326f-4d55-b8e4-86dcdc45af64');
INSERT INTO NumberAnswer VALUES('9ab2e8ec-5256-4784-8d75-70d1b73f5dec',-2.0,'194dbc1b-0029-42b3-9423-1e48c4da3a67');
INSERT INTO NumberAnswer VALUES('b91aa194-f9f6-4245-91d8-0902704fac0f',-5.0,'011ab3ff-8455-417c-89e7-98b5253ea4c6');
INSERT INTO NumberAnswer VALUES('58c1ce2a-17dc-4c42-ad9c-396027edcd15',8.0,'1f0b8cd6-881b-4448-b5cb-880a85d88006');
INSERT INTO NumberAnswer VALUES('a701896a-2605-4458-a46b-cfd4067873f6',-32.0,'2b17eb29-dca2-4d32-8459-b5df2b60a24f');
INSERT INTO NumberAnswer VALUES('0f541498-9f7f-4349-a817-f7a79b246884',-21.0,'db579826-aa94-49ac-ade8-f6ec932b5cb6');
INSERT INTO NumberAnswer VALUES('0b9d4862-fa44-4f3d-ab77-159c4dfacc61',-29.0,'b257b4b2-1f59-4928-8672-42c8c71ca6d3');
INSERT INTO NumberAnswer VALUES('48ba0242-d0ba-43d8-91a8-cf63528878a6',1.0,'08fe5e6c-4385-4bea-8b5d-ef579b879823');
INSERT INTO NumberAnswer VALUES('a9009ba2-0123-44d8-99fa-63b2b9aeffe7',-48.0,'0dfe6ced-c9d8-48a7-bd07-62b5ae1a05ba');
INSERT INTO NumberAnswer VALUES('440d6993-091f-45c3-89f7-150119b79788',0.0,'450c2f52-703a-488e-b0a1-b162d1e765c6');
INSERT INTO NumberAnswer VALUES('3d010e01-7bf0-4499-b42a-f9756241eb7a',10.0,'c41e0573-8875-4a4e-856e-1f6e420d39f2');
INSERT INTO NumberAnswer VALUES('fe4f8853-bbc6-45e7-8ee6-2182a411c7d4',16.0,'01060db7-47b3-487c-8589-cd8125b32f30');
INSERT INTO NumberAnswer VALUES('885d4c4e-64ff-4c98-8607-ad648c612ede',21.0,'9009ab37-6230-4f76-bc4e-4c5389ae5d18');
INSERT INTO NumberAnswer VALUES('8410d7b8-b184-4c84-aa64-1abb9d10f24d',2.0,'f6d6446a-f3fc-402e-a033-fca2e422612e');
INSERT INTO NumberAnswer VALUES('b5d746d0-8bbd-4ca2-97c2-249f466fc1ce',50.0,'d840187a-1be5-444a-8d4f-f7ff2cf01382');
INSERT INTO NumberAnswer VALUES('0a07733e-37cd-4595-87cf-bfda70b3ff80',10.0,'fe45ce78-87db-4f5f-84e5-4a95ccd3714f');
INSERT INTO NumberAnswer VALUES('7520a2ab-b869-47c7-a780-e447b98589d0',-51.0,'a4ad887d-e779-40a4-8dc4-da8cfe9ddb41');
INSERT INTO NumberAnswer VALUES('a9f5eef4-2862-4094-b5ca-e9a152ed02ed',29.0,'23ada08f-c975-4caa-a22f-6c84e0f091ab');
INSERT INTO NumberAnswer VALUES('44db7595-099a-490a-a411-a51c2bb09aed',-7.0,'8a4100a0-5418-417c-a497-44b2e7c32aaf');
INSERT INTO NumberAnswer VALUES('8226bed7-d907-40e7-be0d-8413b51d7a35',72.0,'9c010677-b76d-4f59-ac43-d781a6f4e74c');
INSERT INTO NumberAnswer VALUES('93485c0a-472d-4d98-89ba-7e9a93517f13',93.0,'6ab8bb6e-3e52-47f0-a947-f0b0c3860203');
INSERT INTO NumberAnswer VALUES('2a354966-d47e-440a-9898-68d7618856b2',0.0,'ab952f3a-0e25-4ba3-9269-1981ff56d96a');
INSERT INTO NumberAnswer VALUES('96042ca2-8396-4f48-a4b3-460b4d8a3fc6',6.0,'0f71ce99-a90d-48ca-946d-c62708cf80f6');
INSERT INTO NumberAnswer VALUES('57c6160e-d3f9-4099-af99-7f745cce66f1',-3.0,'d217eb00-074c-4ab2-86cd-1ecafcb97757');
INSERT INTO NumberAnswer VALUES('b1579129-af23-4151-8a98-6ad102763cdf',-10.0,'56af6c05-db48-499c-b32d-174dcafe76a8');
CREATE TABLE IF NOT EXISTS "_CourseModules" (
    "A" TEXT NOT NULL,
    "B" TEXT NOT NULL,
    CONSTRAINT "_CourseModules_A_fkey" FOREIGN KEY ("A") REFERENCES "Course" ("id") ON DELETE CASCADE ON UPDATE CASCADE,
    CONSTRAINT "_CourseModules_B_fkey" FOREIGN KEY ("B") REFERENCES "Module" ("id") ON DELETE CASCADE ON UPDATE CASCADE
);
INSERT INTO _CourseModules VALUES('28f851b6-0be8-4088-9035-845cbb7a1caf','af0bd650-5f32-4dad-ba38-cea69f616692');
INSERT INTO _CourseModules VALUES('28f851b6-0be8-4088-9035-845cbb7a1caf','62e38ada-eb92-4a9c-bd52-943f6ed49b17');
INSERT INTO _CourseModules VALUES('28f851b6-0be8-4088-9035-845cbb7a1caf','7f7b0380-8d2d-45f2-9a8a-645755fadf42');
INSERT INTO _CourseModules VALUES('28f851b6-0be8-4088-9035-845cbb7a1caf','98c59241-27f0-4aec-9e33-84404d014b73');
INSERT INTO _CourseModules VALUES('28f851b6-0be8-4088-9035-845cbb7a1caf','240c2395-db81-48fb-9f3a-e39081da6b9f');
INSERT INTO _CourseModules VALUES('28f851b6-0be8-4088-9035-845cbb7a1caf','4d32cda4-d5c6-4165-a987-a35b313e148e');
INSERT INTO _CourseModules VALUES('28f851b6-0be8-4088-9035-845cbb7a1caf','435bd8ba-3c4c-474d-9d04-3d55cbab9d6f');
INSERT INTO _CourseModules VALUES('07990e8d-d205-46ee-ac6a-d1f371dd7a0f','f91d2e2e-3fc8-45b5-ae64-e08a7d075e24');
INSERT INTO _CourseModules VALUES('07990e8d-d205-46ee-ac6a-d1f371dd7a0f','5a95b965-7626-4c7d-98db-4c45bf72083a');
INSERT INTO _CourseModules VALUES('7b6523b1-5740-4f10-8303-773cdca0619d','ec8270ca-1f32-4928-a2c6-2f998f6061b6');
INSERT INTO _CourseModules VALUES('7b6523b1-5740-4f10-8303-773cdca0619d','016ddc51-9b0a-43d0-9ac5-8fe54d171b29');
INSERT INTO _CourseModules VALUES('cc8fe111-8b1b-41d2-9299-6a68f2cca395','a56fb4f6-cd1f-42e2-83ce-16dafaf2f067');
INSERT INTO _CourseModules VALUES('7b6523b1-5740-4f10-8303-773cdca0619d','574e782a-2a2f-4b40-8d4e-79d1901e458e');
INSERT INTO _CourseModules VALUES('7b6523b1-5740-4f10-8303-773cdca0619d','c80139f4-bcbb-4971-a43f-1132ae1c7e13');
INSERT INTO _CourseModules VALUES('7b6523b1-5740-4f10-8303-773cdca0619d','506521a0-7219-40ba-ae0e-609e012654ce');
INSERT INTO _CourseModules VALUES('7b6523b1-5740-4f10-8303-773cdca0619d','fce22107-4e8d-435c-9534-da7c38340441');
INSERT INTO _CourseModules VALUES('7b6523b1-5740-4f10-8303-773cdca0619d','6ef0d2f1-a1df-4118-ab9f-0b804968d490');
INSERT INTO _CourseModules VALUES('cc8fe111-8b1b-41d2-9299-6a68f2cca395','6e19169a-959d-4f5d-a475-de09ca9ba8cd');
INSERT INTO _CourseModules VALUES('cc8fe111-8b1b-41d2-9299-6a68f2cca395','3f2e1d4c-5b6a-4789-8c0d-1e2f3a4b5c6d');
INSERT INTO _CourseModules VALUES('cc8fe111-8b1b-41d2-9299-6a68f2cca395','8b9c0d1e-2f3a-4b5c-86de-8f9a0b1c2d3e');
INSERT INTO _CourseModules VALUES('cc8fe111-8b1b-41d2-9299-6a68f2cca395','9c0d1e2f-3a4b-4c6d-87ef-9a0b1c2d3e4f');
INSERT INTO _CourseModules VALUES('cc8fe111-8b1b-41d2-9299-6a68f2cca395','0d1e2f3a-4b5c-4d7e-a8fa-0b1c2d3e4f5a');
INSERT INTO _CourseModules VALUES('cc8fe111-8b1b-41d2-9299-6a68f2cca395','1e2f3a4b-5c6d-4e8f-a9ab-1c2d3e4f5a6b');
INSERT INTO _CourseModules VALUES('cc8fe111-8b1b-41d2-9299-6a68f2cca395','2f3a4b5c-6d7e-4f9a-a0bc-2d3e4f5a6b7c');
INSERT INTO _CourseModules VALUES('cc8fe111-8b1b-41d2-9299-6a68f2cca395','3a4b5c6d-7e8f-409b-a1cd-3e4f5a6b7c8d');
INSERT INTO _CourseModules VALUES('cc8fe111-8b1b-41d2-9299-6a68f2cca395','8f4e9a3b-2c1d-4f5e-9a8b-7c3d6e5f8a9b');
INSERT INTO _CourseModules VALUES('cc8fe111-8b1b-41d2-9299-6a68f2cca395','2b8d7f9c-3a4e-4b5f-8c9d-1e2f3a4b5c6d');
INSERT INTO _CourseModules VALUES('cc8fe111-8b1b-41d2-9299-6a68f2cca395','65acc4b0-c258-4bd0-8eb0-e686006d224d');
INSERT INTO _CourseModules VALUES('cc8fe111-8b1b-41d2-9299-6a68f2cca395','9c8e5d2a-4b7f-4c8d-9e0a-1b2c3d4e5f6a');
INSERT INTO _CourseModules VALUES('cc8fe111-8b1b-41d2-9299-6a68f2cca395','7496bad2-981e-4ac5-b464-788c4fc0d118');
INSERT INTO _CourseModules VALUES('cc8fe111-8b1b-41d2-9299-6a68f2cca395','87a1da94-793c-4565-8706-8fd073a50cf6');
INSERT INTO _CourseModules VALUES('cc8fe111-8b1b-41d2-9299-6a68f2cca395','c6dd59ac-1802-4bc9-b91e-ca77bb32620e');
INSERT INTO _CourseModules VALUES('cc8fe111-8b1b-41d2-9299-6a68f2cca395','f2866b62-f4f6-4e22-8fcc-f4bd8bbdb275');
INSERT INTO _CourseModules VALUES('cc8fe111-8b1b-41d2-9299-6a68f2cca395','d55d4871-f7c6-47f8-94d7-ee4ada6bf45f');
INSERT INTO _CourseModules VALUES('cc8fe111-8b1b-41d2-9299-6a68f2cca395','78123942-6F56-4C66-8881-B49BC26E107D');
INSERT INTO _CourseModules VALUES('cc8fe111-8b1b-41d2-9299-6a68f2cca395','81BE3915-2C63-470E-85FE-55C1062DEFF3');
INSERT INTO _CourseModules VALUES('cc8fe111-8b1b-41d2-9299-6a68f2cca395','82da973e-a84a-44f4-b33f-bcf907961eb3');
INSERT INTO _CourseModules VALUES('cc8fe111-8b1b-41d2-9299-6a68f2cca395','e1367766-2b1a-42f9-a725-58d092bbc080');
INSERT INTO _CourseModules VALUES('cc8fe111-8b1b-41d2-9299-6a68f2cca395','4f5a6b7c-8d9e-4012-a456-789abc123def');
INSERT INTO _CourseModules VALUES('cc8fe111-8b1b-41d2-9299-6a68f2cca395','5a6b7c8d-9e0f-4123-b567-89abcd234eff');
INSERT INTO _CourseModules VALUES('cc8fe111-8b1b-41d2-9299-6a68f2cca395','37d15e78-fcf2-49a0-bbde-b4dbffd904a7');
INSERT INTO _CourseModules VALUES('cc8fe111-8b1b-41d2-9299-6a68f2cca395','bd8947e7-bd42-4ea0-976b-639ec22fe2ea');
INSERT INTO _CourseModules VALUES('cc8fe111-8b1b-41d2-9299-6a68f2cca395','a4d6a459-7406-40d6-bae8-2b27b26adb28');
INSERT INTO _CourseModules VALUES('7b6523b1-5740-4f10-8303-773cdca0619d','96faa327-fae1-479a-907c-2e96ab8ee7cf');
INSERT INTO _CourseModules VALUES('7b6523b1-5740-4f10-8303-773cdca0619d','f2663296-2bcc-4e50-b079-8986d078bbbf');
INSERT INTO _CourseModules VALUES('7b6523b1-5740-4f10-8303-773cdca0619d','6aee8076-d604-4357-b5dd-58f1c43a23b2');
INSERT INTO _CourseModules VALUES('7b6523b1-5740-4f10-8303-773cdca0619d','bdcc18bf-e894-4e7c-afc9-02f155a0596b');
INSERT INTO _CourseModules VALUES('7b6523b1-5740-4f10-8303-773cdca0619d','5686a719-6e80-4936-b585-cff43bad4842');
INSERT INTO _CourseModules VALUES('7b6523b1-5740-4f10-8303-773cdca0619d','fc0c176d-4992-4a99-8070-d30a948c845c');
INSERT INTO _CourseModules VALUES('7b6523b1-5740-4f10-8303-773cdca0619d','19a75237-5577-45a6-aedc-60a2995eb88a');
INSERT INTO _CourseModules VALUES('7b6523b1-5740-4f10-8303-773cdca0619d','fbda2932-3737-49a6-aaa4-77be8d0ca6a9');
INSERT INTO _CourseModules VALUES('7b6523b1-5740-4f10-8303-773cdca0619d','bd422960-2e1e-4fb2-8acb-effd3bcb9b96');
INSERT INTO _CourseModules VALUES('7b6523b1-5740-4f10-8303-773cdca0619d','bf115d1c-6352-4421-9d43-b5c13f9377f6');
INSERT INTO _CourseModules VALUES('7b6523b1-5740-4f10-8303-773cdca0619d','580f5e90-cd5a-4539-a07a-222e82497b27');
INSERT INTO _CourseModules VALUES('7b6523b1-5740-4f10-8303-773cdca0619d','888d9b93-facd-47f4-9f6b-51056e6445bf');
INSERT INTO _CourseModules VALUES('3F315C7D-0CF4-43BB-B8A1-FF03717E1EF8','7d8e9f01-2345-4567-890a-bcdef0123456');
INSERT INTO _CourseModules VALUES('d4a38b56-2528-4ff3-8d8e-3084bc0e4167','7d8e9f01-2345-4567-890a-bcdef0123456');
INSERT INTO _CourseModules VALUES('8a032019-3923-485b-8ef2-1c8c99494038','7d8e9f01-2345-4567-890a-bcdef0123456');
INSERT INTO _CourseModules VALUES('3F315C7D-0CF4-43BB-B8A1-FF03717E1EF8','4e5f6a8b-9c0d-4f5e-a2ab-5c6d7e8f9a0b');
INSERT INTO _CourseModules VALUES('d4a38b56-2528-4ff3-8d8e-3084bc0e4167','4e5f6a8b-9c0d-4f5e-a2ab-5c6d7e8f9a0b');
INSERT INTO _CourseModules VALUES('8a032019-3923-485b-8ef2-1c8c99494038','4e5f6a8b-9c0d-4f5e-a2ab-5c6d7e8f9a0b');
INSERT INTO _CourseModules VALUES('3F315C7D-0CF4-43BB-B8A1-FF03717E1EF8','c1f4a8e2-5d7b-4c9a-8f3e-2b6d9c1a4e7f');
INSERT INTO _CourseModules VALUES('d4a38b56-2528-4ff3-8d8e-3084bc0e4167','c1f4a8e2-5d7b-4c9a-8f3e-2b6d9c1a4e7f');
INSERT INTO _CourseModules VALUES('3F315C7D-0CF4-43BB-B8A1-FF03717E1EF8','1d2e3f4a-5b6c-4d7e-8f9a-0b1c2d3e4f5a');
INSERT INTO _CourseModules VALUES('d4a38b56-2528-4ff3-8d8e-3084bc0e4167','1d2e3f4a-5b6c-4d7e-8f9a-0b1c2d3e4f5a');
INSERT INTO _CourseModules VALUES('8a032019-3923-485b-8ef2-1c8c99494038','1d2e3f4a-5b6c-4d7e-8f9a-0b1c2d3e4f5a');
INSERT INTO _CourseModules VALUES('3F315C7D-0CF4-43BB-B8A1-FF03717E1EF8','a1b2c3d4-5e6f-4a8b-9c0d-2e3f4a5b6c7d');
INSERT INTO _CourseModules VALUES('d4a38b56-2528-4ff3-8d8e-3084bc0e4167','a1b2c3d4-5e6f-4a8b-9c0d-2e3f4a5b6c7d');
INSERT INTO _CourseModules VALUES('8a032019-3923-485b-8ef2-1c8c99494038','a1b2c3d4-5e6f-4a8b-9c0d-2e3f4a5b6c7d');
INSERT INTO _CourseModules VALUES('3F315C7D-0CF4-43BB-B8A1-FF03717E1EF8','28a65ee2-09c0-4a86-a920-34c5f2a0f0d7');
INSERT INTO _CourseModules VALUES('d4a38b56-2528-4ff3-8d8e-3084bc0e4167','28a65ee2-09c0-4a86-a920-34c5f2a0f0d7');
INSERT INTO _CourseModules VALUES('8a032019-3923-485b-8ef2-1c8c99494038','28a65ee2-09c0-4a86-a920-34c5f2a0f0d7');
INSERT INTO _CourseModules VALUES('de4a2333-2f9f-46c2-8006-38fa9e9cc466','70bf7dc6-cbb8-4f2e-b2e3-1736586c7d9d');
INSERT INTO _CourseModules VALUES('3F315C7D-0CF4-43BB-B8A1-FF03717E1EF8','b4de3329-f3af-4ae9-b67d-bf1c5d1a30fb');
INSERT INTO _CourseModules VALUES('3F315C7D-0CF4-43BB-B8A1-FF03717E1EF8','c451b387-fc0d-4c4c-bf72-41817c1b2e45');
INSERT INTO _CourseModules VALUES('3F315C7D-0CF4-43BB-B8A1-FF03717E1EF8','e4e3361c-9c9f-4d12-a9d6-8de53f794295');
INSERT INTO _CourseModules VALUES('3F315C7D-0CF4-43BB-B8A1-FF03717E1EF8','97128d23-40d6-4045-a57d-ec1b08c3723e');
INSERT INTO _CourseModules VALUES('48153e85-e200-4b72-8c9e-2ea63775bfdd','f27c282a-0396-432d-8c9f-472233089edd');
INSERT INTO _CourseModules VALUES('48153e85-e200-4b72-8c9e-2ea63775bfdd','62a63596-9c68-44e0-a85d-169f2e96ce49');
INSERT INTO _CourseModules VALUES('48153e85-e200-4b72-8c9e-2ea63775bfdd','fae56388-e1d2-4f5e-a537-8ff28803871f');
INSERT INTO _CourseModules VALUES('48153e85-e200-4b72-8c9e-2ea63775bfdd','c0c04721-11f0-4668-9e91-2fa94217663f');
INSERT INTO _CourseModules VALUES('48153e85-e200-4b72-8c9e-2ea63775bfdd','b68ae937-37a8-4d10-95a6-89a7017694bc');
INSERT INTO _CourseModules VALUES('48153e85-e200-4b72-8c9e-2ea63775bfdd','c2781ae5-9358-4297-8db9-e6651f6f5cd8');
INSERT INTO _CourseModules VALUES('de4a2333-2f9f-46c2-8006-38fa9e9cc466','9a45204a-d855-4558-b187-bb136002a9bb');
INSERT INTO _CourseModules VALUES('48153e85-e200-4b72-8c9e-2ea63775bfdd','f8c9d5e1-2a3b-4c6d-8e9f-1a2b3c4d5e6f');
INSERT INTO _CourseModules VALUES('07990e8d-d205-46ee-ac6a-d1f371dd7a0f','d49b124c-df8c-403d-8460-8f7ee813784f');
INSERT INTO _CourseModules VALUES('07990e8d-d205-46ee-ac6a-d1f371dd7a0f','a2093775-11c1-40e2-9c10-3cdaaeaf6559');
INSERT INTO _CourseModules VALUES('07990e8d-d205-46ee-ac6a-d1f371dd7a0f','0030cff5-5c9c-48db-ba6c-1c8fe12b9f7b');
INSERT INTO _CourseModules VALUES('3B714857-64FC-45B4-872F-079CAF47718A','7d8e9f01-2345-4567-890a-bcdef0123456');
INSERT INTO _CourseModules VALUES('3B714857-64FC-45B4-872F-079CAF47718A','4e5f6a8b-9c0d-4f5e-a2ab-5c6d7e8f9a0b');
INSERT INTO _CourseModules VALUES('3B714857-64FC-45B4-872F-079CAF47718A','c1f4a8e2-5d7b-4c9a-8f3e-2b6d9c1a4e7f');
INSERT INTO _CourseModules VALUES('3B714857-64FC-45B4-872F-079CAF47718A','1d2e3f4a-5b6c-4d7e-8f9a-0b1c2d3e4f5a');
INSERT INTO _CourseModules VALUES('3B714857-64FC-45B4-872F-079CAF47718A','a1b2c3d4-5e6f-4a8b-9c0d-2e3f4a5b6c7d');
INSERT INTO _CourseModules VALUES('3B714857-64FC-45B4-872F-079CAF47718A','28a65ee2-09c0-4a86-a920-34c5f2a0f0d7');
INSERT INTO _CourseModules VALUES('3B714857-64FC-45B4-872F-079CAF47718A','97128d23-40d6-4045-a57d-ec1b08c3723e');
INSERT INTO _CourseModules VALUES('08958745-cffa-43a9-b02a-d8cdcbb26de3','2e240407-1245-4e12-97c4-2928d1d0b911');
INSERT INTO _CourseModules VALUES('08958745-cffa-43a9-b02a-d8cdcbb26de3','72ea5883-4997-4777-94ff-74a6fe988f58');
INSERT INTO _CourseModules VALUES('08958745-cffa-43a9-b02a-d8cdcbb26de3','43500bba-758d-43b5-9f4c-4fd6adf980f2');
INSERT INTO _CourseModules VALUES('08958745-cffa-43a9-b02a-d8cdcbb26de3','c7793a47-7dbd-466f-b3e3-688ec10d2138');
INSERT INTO _CourseModules VALUES('08958745-cffa-43a9-b02a-d8cdcbb26de3','365d4972-aa5e-4acb-8aa6-92603d8484cb');
INSERT INTO _CourseModules VALUES('08958745-cffa-43a9-b02a-d8cdcbb26de3','3987a98b-fcd0-4ddd-8a6f-0df30c2fa567');
INSERT INTO _CourseModules VALUES('08958745-cffa-43a9-b02a-d8cdcbb26de3','1b3bca4d-26e6-49e1-8f04-1d12b546d15c');
INSERT INTO _CourseModules VALUES('08958745-cffa-43a9-b02a-d8cdcbb26de3','a12082d9-d591-4283-be13-7462fe402c81');
INSERT INTO _CourseModules VALUES('08958745-cffa-43a9-b02a-d8cdcbb26de3','3f71c0d1-524f-44e3-b641-d8b1c045957c');
INSERT INTO _CourseModules VALUES('08958745-cffa-43a9-b02a-d8cdcbb26de3','76a520ba-a19d-4753-820b-24599868f07e');
INSERT INTO _CourseModules VALUES('08958745-cffa-43a9-b02a-d8cdcbb26de3','cf777335-8c9e-48a4-b016-61238c5ae951');
INSERT INTO _CourseModules VALUES('08958745-cffa-43a9-b02a-d8cdcbb26de3','e6de579e-1444-4426-bb1a-510e75cf1275');
INSERT INTO _CourseModules VALUES('08958745-cffa-43a9-b02a-d8cdcbb26de3','c41aef81-3cf8-446f-9be6-63fa4439837b');
INSERT INTO _CourseModules VALUES('08958745-cffa-43a9-b02a-d8cdcbb26de3','a98f46e4-138e-4e20-a4b3-1bffe13045ab');
INSERT INTO _CourseModules VALUES('08958745-cffa-43a9-b02a-d8cdcbb26de3','8d1e356f-8357-423e-a6c2-0871364973d7');
INSERT INTO _CourseModules VALUES('08958745-cffa-43a9-b02a-d8cdcbb26de3','8c0f0973-cac9-484e-b011-be092a1ae4bc');
INSERT INTO _CourseModules VALUES('08958745-cffa-43a9-b02a-d8cdcbb26de3','108bb08d-41e0-488b-a40a-1e650193404d');
INSERT INTO _CourseModules VALUES('08958745-cffa-43a9-b02a-d8cdcbb26de3','d3a23850-6a39-4b0e-ae4b-49ed38e2ce0a');
INSERT INTO _CourseModules VALUES('08958745-cffa-43a9-b02a-d8cdcbb26de3','596bbe0d-c22e-4395-bc24-bbf99df490c5');
INSERT INTO _CourseModules VALUES('08958745-cffa-43a9-b02a-d8cdcbb26de3','6ee4697d-4c38-4944-acc8-f605c52667d7');
INSERT INTO _CourseModules VALUES('08958745-cffa-43a9-b02a-d8cdcbb26de3','99fbfae5-1a32-4344-87b3-46de3688dfc1');
INSERT INTO _CourseModules VALUES('08958745-cffa-43a9-b02a-d8cdcbb26de3','965e13d4-44ab-4925-a434-bbd2ac8f4477');
INSERT INTO _CourseModules VALUES('08958745-cffa-43a9-b02a-d8cdcbb26de3','4e9f9177-9487-4974-9c7a-57a8a8de9c9c');
INSERT INTO _CourseModules VALUES('08958745-cffa-43a9-b02a-d8cdcbb26de3','3e8a8e04-cb2c-4e35-b8a1-94f40dc11157');
INSERT INTO _CourseModules VALUES('08958745-cffa-43a9-b02a-d8cdcbb26de3','9c76f830-cdd0-4f59-a554-98f5e727e288');
INSERT INTO _CourseModules VALUES('08958745-cffa-43a9-b02a-d8cdcbb26de3','98b2381d-6f8e-48d8-add1-7f71357778a4');
INSERT INTO _CourseModules VALUES('08958745-cffa-43a9-b02a-d8cdcbb26de3','3801f336-6058-4163-b452-97d13335e886');
INSERT INTO _CourseModules VALUES('08958745-cffa-43a9-b02a-d8cdcbb26de3','a116f249-f51f-416f-afc8-e4db80003291');
INSERT INTO _CourseModules VALUES('08958745-cffa-43a9-b02a-d8cdcbb26de3','7f5173bb-bb88-4430-bca7-5caddd19c535');
INSERT INTO _CourseModules VALUES('08958745-cffa-43a9-b02a-d8cdcbb26de3','1809b67c-aa51-4c9b-b7df-e4c6ca5df08e');
INSERT INTO _CourseModules VALUES('08958745-cffa-43a9-b02a-d8cdcbb26de3','26e9be2c-88d7-4b91-8718-ee33489a1073');
INSERT INTO _CourseModules VALUES('08958745-cffa-43a9-b02a-d8cdcbb26de3','d5c0254c-786e-4f32-9892-6050efad8c82');
INSERT INTO _CourseModules VALUES('08958745-cffa-43a9-b02a-d8cdcbb26de3','52a99448-98ef-476c-9df5-e24d6df90b33');
INSERT INTO _CourseModules VALUES('08958745-cffa-43a9-b02a-d8cdcbb26de3','3d832433-05c5-4038-b50a-e36cf2f59380');
INSERT INTO _CourseModules VALUES('08958745-cffa-43a9-b02a-d8cdcbb26de3','dec799f7-0df2-42c5-8785-ecd2defbdd21');
INSERT INTO _CourseModules VALUES('08958745-cffa-43a9-b02a-d8cdcbb26de3','fc114173-6cff-4716-8b94-1228c5d9d186');
INSERT INTO _CourseModules VALUES('08958745-cffa-43a9-b02a-d8cdcbb26de3','b49e613a-c4de-4e81-baa9-cbb54141e35a');
INSERT INTO _CourseModules VALUES('08958745-cffa-43a9-b02a-d8cdcbb26de3','3b47da8c-6e66-44f5-aada-31b350e7606c');
INSERT INTO _CourseModules VALUES('08958745-cffa-43a9-b02a-d8cdcbb26de3','ec5eda58-46e4-4c4c-8b52-e6a593bd4d31');
INSERT INTO _CourseModules VALUES('08958745-cffa-43a9-b02a-d8cdcbb26de3','c9a7efbc-dbc2-4f41-8e31-c10c3db15fc4');
INSERT INTO _CourseModules VALUES('08958745-cffa-43a9-b02a-d8cdcbb26de3','041f64a1-51d9-46b3-bd73-f6a046b75d61');
INSERT INTO _CourseModules VALUES('08958745-cffa-43a9-b02a-d8cdcbb26de3','4870402f-75c1-4127-862c-d491603acba0');
INSERT INTO _CourseModules VALUES('08958745-cffa-43a9-b02a-d8cdcbb26de3','640b20a5-0c22-4bda-b25a-5c3b161bbe36');
INSERT INTO _CourseModules VALUES('08958745-cffa-43a9-b02a-d8cdcbb26de3','05670493-94da-4e88-905a-e9fc15a7500f');
INSERT INTO _CourseModules VALUES('08958745-cffa-43a9-b02a-d8cdcbb26de3','4e01b6cf-8883-431d-a90b-0a7219c62533');
INSERT INTO _CourseModules VALUES('08958745-cffa-43a9-b02a-d8cdcbb26de3','b58687f1-45fb-4a6f-a3c9-5d9d31ebdf28');
INSERT INTO _CourseModules VALUES('08958745-cffa-43a9-b02a-d8cdcbb26de3','789c492d-cca7-4907-ac04-6d7d4d815352');
INSERT INTO _CourseModules VALUES('08958745-cffa-43a9-b02a-d8cdcbb26de3','bd15d90e-a8ba-4587-8e6e-a30536e15ea6');
INSERT INTO _CourseModules VALUES('08958745-cffa-43a9-b02a-d8cdcbb26de3','1894a55a-ede2-4049-801e-2041528e6ee7');
INSERT INTO _CourseModules VALUES('08958745-cffa-43a9-b02a-d8cdcbb26de3','9c35de3e-374d-4814-88c5-4851a0bd82ce');
INSERT INTO _CourseModules VALUES('08958745-cffa-43a9-b02a-d8cdcbb26de3','6e22e993-b6f8-49a8-8185-5ec983d0a540');
INSERT INTO _CourseModules VALUES('08958745-cffa-43a9-b02a-d8cdcbb26de3','ca9571e9-7565-468b-80a5-a332d4d8da70');
INSERT INTO _CourseModules VALUES('08958745-cffa-43a9-b02a-d8cdcbb26de3','d555cf30-3361-4d90-9fb4-4117c11774d2');
INSERT INTO _CourseModules VALUES('08958745-cffa-43a9-b02a-d8cdcbb26de3','ede93055-a643-4e87-98f5-0c4d19e2347f');
INSERT INTO _CourseModules VALUES('08958745-cffa-43a9-b02a-d8cdcbb26de3','5e2b4398-d507-4a76-9747-40efe1d5d23f');
INSERT INTO _CourseModules VALUES('08958745-cffa-43a9-b02a-d8cdcbb26de3','600def64-4c50-488c-bf3f-6c78aa8a74e0');
INSERT INTO _CourseModules VALUES('08958745-cffa-43a9-b02a-d8cdcbb26de3','55072418-463d-43f0-b4a7-17ccd376f143');
INSERT INTO _CourseModules VALUES('08958745-cffa-43a9-b02a-d8cdcbb26de3','b8ff6dcb-165a-4bfa-8fde-f66c8ab93dec');
INSERT INTO _CourseModules VALUES('08958745-cffa-43a9-b02a-d8cdcbb26de3','21abda49-a7f0-41a5-b8d8-3edf58ce8663');
INSERT INTO _CourseModules VALUES('08958745-cffa-43a9-b02a-d8cdcbb26de3','270f3648-a65c-4383-a1ec-6e19bf7037e9');
INSERT INTO _CourseModules VALUES('08958745-cffa-43a9-b02a-d8cdcbb26de3','0ba4f16a-78e9-474e-83c3-44eb3516cc28');
INSERT INTO _CourseModules VALUES('08958745-cffa-43a9-b02a-d8cdcbb26de3','55840f8e-167a-411b-bd48-78fa00f4bd45');
INSERT INTO _CourseModules VALUES('08958745-cffa-43a9-b02a-d8cdcbb26de3','3a08a868-a9ea-4919-8ab9-843b85563a40');
INSERT INTO _CourseModules VALUES('08958745-cffa-43a9-b02a-d8cdcbb26de3','b8774431-d1be-43c7-b43a-ec58c2b0b980');
INSERT INTO _CourseModules VALUES('08958745-cffa-43a9-b02a-d8cdcbb26de3','45774614-c758-4b04-a97a-d84c96de77b9');
INSERT INTO _CourseModules VALUES('08958745-cffa-43a9-b02a-d8cdcbb26de3','c2894d9f-db07-4889-acb6-2160467fdc4e');
INSERT INTO _CourseModules VALUES('08958745-cffa-43a9-b02a-d8cdcbb26de3','bf2c60fc-34d7-42d8-a74a-506c0f85c890');
CREATE TABLE IF NOT EXISTS "_CourseToDegree" (
    "A" TEXT NOT NULL,
    "B" TEXT NOT NULL,
    CONSTRAINT "_CourseToDegree_A_fkey" FOREIGN KEY ("A") REFERENCES "Course" ("id") ON DELETE CASCADE ON UPDATE CASCADE,
    CONSTRAINT "_CourseToDegree_B_fkey" FOREIGN KEY ("B") REFERENCES "Degree" ("id") ON DELETE CASCADE ON UPDATE CASCADE
);
INSERT INTO _CourseToDegree VALUES('77911a52-ded8-40b3-bac4-4d5dbd104053','17004398-f4fe-4658-a023-f79283bf22de');
INSERT INTO _CourseToDegree VALUES('7506db0b-8c97-4c11-b9ba-aa271d0097e8','17004398-f4fe-4658-a023-f79283bf22de');
INSERT INTO _CourseToDegree VALUES('9bc75568-f18c-42dc-b872-768e17550935','17004398-f4fe-4658-a023-f79283bf22de');
INSERT INTO _CourseToDegree VALUES('cebc7789-75b3-4ee0-bd78-dfa99858e545','17004398-f4fe-4658-a023-f79283bf22de');
INSERT INTO _CourseToDegree VALUES('1986e2c9-762c-4176-804d-469910fd8a5d','17004398-f4fe-4658-a023-f79283bf22de');
INSERT INTO _CourseToDegree VALUES('591c44f1-2ab1-4dbf-8df2-ef06e5c4260e','17004398-f4fe-4658-a023-f79283bf22de');
INSERT INTO _CourseToDegree VALUES('66ec5bc4-18aa-4468-a94f-c3f6e444a42d','17004398-f4fe-4658-a023-f79283bf22de');
INSERT INTO _CourseToDegree VALUES('8ffa8ab8-9116-4cd6-b54f-023784edca1e','17004398-f4fe-4658-a023-f79283bf22de');
INSERT INTO _CourseToDegree VALUES('2ca31e5f-0a2f-47ad-8939-cf8e9d2e0c8c','17004398-f4fe-4658-a023-f79283bf22de');
INSERT INTO _CourseToDegree VALUES('051d2158-c1fd-4d10-b776-12089e40dd0a','17004398-f4fe-4658-a023-f79283bf22de');
INSERT INTO _CourseToDegree VALUES('35a35d94-1cba-41fd-b9da-8224c0e05c26','17004398-f4fe-4658-a023-f79283bf22de');
INSERT INTO _CourseToDegree VALUES('e305c8f1-a78d-4605-b1d9-d76399681f26','17004398-f4fe-4658-a023-f79283bf22de');
INSERT INTO _CourseToDegree VALUES('043d17a2-6309-483d-9319-45d43533d1df','17004398-f4fe-4658-a023-f79283bf22de');
INSERT INTO _CourseToDegree VALUES('59e06ab8-984d-4e5b-8e01-f4a1b85d1925','17004398-f4fe-4658-a023-f79283bf22de');
INSERT INTO _CourseToDegree VALUES('4874f73a-f045-44b6-99c8-edbbd220475d','17004398-f4fe-4658-a023-f79283bf22de');
INSERT INTO _CourseToDegree VALUES('99b40ba0-8cd5-451e-aa30-1413931c3d16','17004398-f4fe-4658-a023-f79283bf22de');
INSERT INTO _CourseToDegree VALUES('723d9c6b-c174-4831-9342-c58f3339357d','17004398-f4fe-4658-a023-f79283bf22de');
INSERT INTO _CourseToDegree VALUES('8feece5c-218b-4125-add2-e82c5c9fafef','17004398-f4fe-4658-a023-f79283bf22de');
INSERT INTO _CourseToDegree VALUES('0a70f485-4d99-4e35-a4f0-591a7de6b1eb','8c6a661a-a1f0-4922-82dd-45b4938b3887');
INSERT INTO _CourseToDegree VALUES('3e624b22-dabf-422c-82c2-64a6538faf4f','fa8a5dc5-8368-4f13-97f7-83cd9f701013');
INSERT INTO _CourseToDegree VALUES('d4a38b56-2528-4ff3-8d8e-3084bc0e4167','43eae81a-0c42-4e5c-894d-bd803334f0cd');
INSERT INTO _CourseToDegree VALUES('ccad392a-6ae1-4525-aaaf-636898d8b413','43eae81a-0c42-4e5c-894d-bd803334f0cd');
INSERT INTO _CourseToDegree VALUES('c3103624-867f-4855-b48f-17f21cf0b73e','43eae81a-0c42-4e5c-894d-bd803334f0cd');
INSERT INTO _CourseToDegree VALUES('e520252d-7a0e-45c0-b9d2-e7961f74b345','43eae81a-0c42-4e5c-894d-bd803334f0cd');
INSERT INTO _CourseToDegree VALUES('cc8fe111-8b1b-41d2-9299-6a68f2cca395','43eae81a-0c42-4e5c-894d-bd803334f0cd');
INSERT INTO _CourseToDegree VALUES('26563661-dbcd-4a80-ba5b-52c7ffec3e87','43eae81a-0c42-4e5c-894d-bd803334f0cd');
INSERT INTO _CourseToDegree VALUES('504badae-acc5-4d40-b66b-cbb6dcfc009d','43eae81a-0c42-4e5c-894d-bd803334f0cd');
INSERT INTO _CourseToDegree VALUES('f7bfbd82-8b62-4e6d-a6dc-20755151ac3b','43eae81a-0c42-4e5c-894d-bd803334f0cd');
INSERT INTO _CourseToDegree VALUES('7b6523b1-5740-4f10-8303-773cdca0619d','43eae81a-0c42-4e5c-894d-bd803334f0cd');
INSERT INTO _CourseToDegree VALUES('8a032019-3923-485b-8ef2-1c8c99494038','43eae81a-0c42-4e5c-894d-bd803334f0cd');
INSERT INTO _CourseToDegree VALUES('ea2a8249-c9af-4f62-8e3f-7f16b1b01d7a','43eae81a-0c42-4e5c-894d-bd803334f0cd');
INSERT INTO _CourseToDegree VALUES('18f17e49-ac1b-451e-a21e-732c7bb0fea8','43eae81a-0c42-4e5c-894d-bd803334f0cd');
INSERT INTO _CourseToDegree VALUES('3e624b22-dabf-422c-82c2-64a6538faf4f','73ef0be5-bd20-4181-aa70-52cf19ac5a9c');
INSERT INTO _CourseToDegree VALUES('48153e85-e200-4b72-8c9e-2ea63775bfdd','73ef0be5-bd20-4181-aa70-52cf19ac5a9c');
INSERT INTO _CourseToDegree VALUES('7b6523b1-5740-4f10-8303-773cdca0619d','73ef0be5-bd20-4181-aa70-52cf19ac5a9c');
INSERT INTO _CourseToDegree VALUES('d4a38b56-2528-4ff3-8d8e-3084bc0e4167','73ef0be5-bd20-4181-aa70-52cf19ac5a9c');
INSERT INTO _CourseToDegree VALUES('c3103624-867f-4855-b48f-17f21cf0b73e','73ef0be5-bd20-4181-aa70-52cf19ac5a9c');
INSERT INTO _CourseToDegree VALUES('e520252d-7a0e-45c0-b9d2-e7961f74b345','73ef0be5-bd20-4181-aa70-52cf19ac5a9c');
INSERT INTO _CourseToDegree VALUES('cc8fe111-8b1b-41d2-9299-6a68f2cca395','73ef0be5-bd20-4181-aa70-52cf19ac5a9c');
INSERT INTO _CourseToDegree VALUES('7ba4a982-3b9a-4bf5-a587-c3e6152732d3','73ef0be5-bd20-4181-aa70-52cf19ac5a9c');
INSERT INTO _CourseToDegree VALUES('18f17e49-ac1b-451e-a21e-732c7bb0fea8','73ef0be5-bd20-4181-aa70-52cf19ac5a9c');
INSERT INTO _CourseToDegree VALUES('7f31fe7c-bce3-4ffc-b4fd-042bd210621e','73ef0be5-bd20-4181-aa70-52cf19ac5a9c');
INSERT INTO _CourseToDegree VALUES('1267c131-bd95-40e2-8240-39d2100981a7','73ef0be5-bd20-4181-aa70-52cf19ac5a9c');
INSERT INTO _CourseToDegree VALUES('f4c1aaeb-90c3-4b58-8cde-57d0e2fccb2d','73ef0be5-bd20-4181-aa70-52cf19ac5a9c');
INSERT INTO _CourseToDegree VALUES('8209acb5-9531-4a34-9036-e3a681349bb4','73ef0be5-bd20-4181-aa70-52cf19ac5a9c');
INSERT INTO _CourseToDegree VALUES('8a2f48fe-8a72-4784-abf5-dcf5069982d9','73ef0be5-bd20-4181-aa70-52cf19ac5a9c');
INSERT INTO _CourseToDegree VALUES('c5147e60-4ad0-40cb-a93a-6de6983b3c7c','c7a1e2b2-8e2d-4c1a-9e2a-1a2b3c4d5e6f');
INSERT INTO _CourseToDegree VALUES('97fca4ad-7d96-404b-bb98-a037123a46c1','c7a1e2b2-8e2d-4c1a-9e2a-1a2b3c4d5e6f');
INSERT INTO _CourseToDegree VALUES('c9448b5a-5a7c-451f-9895-430ec91af65d','c7a1e2b2-8e2d-4c1a-9e2a-1a2b3c4d5e6f');
INSERT INTO _CourseToDegree VALUES('961fb771-a9ce-4ed1-855e-caa87ca347f9','c7a1e2b2-8e2d-4c1a-9e2a-1a2b3c4d5e6f');
INSERT INTO _CourseToDegree VALUES('3B714857-64FC-45B4-872F-079CAF47718A','c7a1e2b2-8e2d-4c1a-9e2a-1a2b3c4d5e6f');
INSERT INTO _CourseToDegree VALUES('9f8e7d6c-5b4a-3928-8c7b-6a5d4f3e2c1b','c7a1e2b2-8e2d-4c1a-9e2a-1a2b3c4d5e6f');
INSERT INTO _CourseToDegree VALUES('CFD5A7C3-E5B8-4E4A-B595-F2DCC4B4674A','73ef0be5-bd20-4181-aa70-52cf19ac5a9c');
INSERT INTO _CourseToDegree VALUES('4A66FFC1-CF90-43B3-B4C2-39B47B63B5FF','73ef0be5-bd20-4181-aa70-52cf19ac5a9c');
INSERT INTO _CourseToDegree VALUES('C944B168-697A-45A2-92BE-F05D7BF1A632','73ef0be5-bd20-4181-aa70-52cf19ac5a9c');
INSERT INTO _CourseToDegree VALUES('1C3F7A94-2B5C-4E7D-8F9A-6B3D2E4C8A1F','73ef0be5-bd20-4181-aa70-52cf19ac5a9c');
INSERT INTO _CourseToDegree VALUES('8F2E4B6A-3C7D-4A9F-B5E8-2D6C9F3A7B1E','73ef0be5-bd20-4181-aa70-52cf19ac5a9c');
INSERT INTO _CourseToDegree VALUES('5B8D1F4A-6C9E-4A2F-8D5B-3E7A9C2F6B4D','73ef0be5-bd20-4181-aa70-52cf19ac5a9c');
INSERT INTO _CourseToDegree VALUES('7A5F2C8E-4B6D-4F9A-A2C7-8E5B9D3F6A1C','73ef0be5-bd20-4181-aa70-52cf19ac5a9c');
INSERT INTO _CourseToDegree VALUES('2E8A5F1C-7B4D-4A6F-8E2A-5C9B1F4A7E8D','73ef0be5-bd20-4181-aa70-52cf19ac5a9c');
INSERT INTO _CourseToDegree VALUES('9D4B6F8A-2C5E-4F7A-B9D4-6A2C8F5B9E1A','73ef0be5-bd20-4181-aa70-52cf19ac5a9c');
INSERT INTO _CourseToDegree VALUES('13FE6C94-7E65-4CD2-B105-1C8EA63C73A0','73ef0be5-bd20-4181-aa70-52cf19ac5a9c');
INSERT INTO _CourseToDegree VALUES('8D4E4C31-247D-435C-9FC9-C31C461BABDE','73ef0be5-bd20-4181-aa70-52cf19ac5a9c');
INSERT INTO _CourseToDegree VALUES('C08B3FB0-94A9-4F57-9A9B-195C3F6A9A95','73ef0be5-bd20-4181-aa70-52cf19ac5a9c');
INSERT INTO _CourseToDegree VALUES('65F040D4-B3B3-4534-9D3C-B1E328887AD6','73ef0be5-bd20-4181-aa70-52cf19ac5a9c');
INSERT INTO _CourseToDegree VALUES('7B4E6A9C-2F5D-4A8F-B7E4-6A9C2F5D8A1E','73ef0be5-bd20-4181-aa70-52cf19ac5a9c');
INSERT INTO _CourseToDegree VALUES('8EFB3C4A-F840-4099-ABB1-C8B12FBF8337','73ef0be5-bd20-4181-aa70-52cf19ac5a9c');
INSERT INTO _CourseToDegree VALUES('9C5513BB-A600-4590-8417-3EB32823B59C','73ef0be5-bd20-4181-aa70-52cf19ac5a9c');
INSERT INTO _CourseToDegree VALUES('555F3F2B-7CC9-496D-8F2C-FD558855BED4','73ef0be5-bd20-4181-aa70-52cf19ac5a9c');
INSERT INTO _CourseToDegree VALUES('1A5F8C2E-7B4D-4F9A-A1F5-8C2E7B4D9A6F','73ef0be5-bd20-4181-aa70-52cf19ac5a9c');
INSERT INTO _CourseToDegree VALUES('7F4A1783-8268-4322-997A-201CF4E2B209','73ef0be5-bd20-4181-aa70-52cf19ac5a9c');
INSERT INTO _CourseToDegree VALUES('908FF0D1-00D1-406B-9BF7-E9EA0374BE0E','73ef0be5-bd20-4181-aa70-52cf19ac5a9c');
INSERT INTO _CourseToDegree VALUES('DD0D76FF-66E4-404C-A897-D1C862601B2D','73ef0be5-bd20-4181-aa70-52cf19ac5a9c');
INSERT INTO _CourseToDegree VALUES('09C42D4D-336B-47B6-AC63-3CB9FB10989E','73ef0be5-bd20-4181-aa70-52cf19ac5a9c');
INSERT INTO _CourseToDegree VALUES('605D7AB6-ACB6-43CA-9911-496C4469C5E9','73ef0be5-bd20-4181-aa70-52cf19ac5a9c');
INSERT INTO _CourseToDegree VALUES('4A8F2C6E-7B3D-4A5F-A4F8-2C6E7B3D5A9F','73ef0be5-bd20-4181-aa70-52cf19ac5a9c');
INSERT INTO _CourseToDegree VALUES('28B8218D-2AD3-47DB-8273-0FB48288551A','73ef0be5-bd20-4181-aa70-52cf19ac5a9c');
INSERT INTO _CourseToDegree VALUES('f97cf23c-5ce6-4c04-a74e-8b757cc97c47','17004398-f4fe-4658-a023-f79283bf22de');
INSERT INTO _CourseToDegree VALUES('dbf59a8e-52b5-4b74-bcde-9c8dd2e96ff4','17004398-f4fe-4658-a023-f79283bf22de');
INSERT INTO _CourseToDegree VALUES('d1ec5e4c-998e-4d27-91f7-7134c225c806','17004398-f4fe-4658-a023-f79283bf22de');
INSERT INTO _CourseToDegree VALUES('07990e8d-d205-46ee-ac6a-d1f371dd7a0f','17004398-f4fe-4658-a023-f79283bf22de');
INSERT INTO _CourseToDegree VALUES('dcff9c44-0c67-40ea-af5a-b837efbaf297','c7a1e2b2-8e2d-4c1a-9e2a-1a2b3c4d5e6f');
INSERT INTO _CourseToDegree VALUES('f3fd28f1-bbf3-4774-b331-9777c993d74e','73ef0be5-bd20-4181-aa70-52cf19ac5a9c');
CREATE TABLE IF NOT EXISTS "_ModuleHierarchy" (
    "A" TEXT NOT NULL,
    "B" TEXT NOT NULL,
    CONSTRAINT "_ModuleHierarchy_A_fkey" FOREIGN KEY ("A") REFERENCES "Module" ("id") ON DELETE CASCADE ON UPDATE CASCADE,
    CONSTRAINT "_ModuleHierarchy_B_fkey" FOREIGN KEY ("B") REFERENCES "Module" ("id") ON DELETE CASCADE ON UPDATE CASCADE
);
INSERT INTO _ModuleHierarchy VALUES('62e38ada-eb92-4a9c-bd52-943f6ed49b17','af0bd650-5f32-4dad-ba38-cea69f616692');
INSERT INTO _ModuleHierarchy VALUES('7f7b0380-8d2d-45f2-9a8a-645755fadf42','af0bd650-5f32-4dad-ba38-cea69f616692');
INSERT INTO _ModuleHierarchy VALUES('240c2395-db81-48fb-9f3a-e39081da6b9f','98c59241-27f0-4aec-9e33-84404d014b73');
INSERT INTO _ModuleHierarchy VALUES('4d32cda4-d5c6-4165-a987-a35b313e148e','98c59241-27f0-4aec-9e33-84404d014b73');
INSERT INTO _ModuleHierarchy VALUES('a56fb4f6-cd1f-42e2-83ce-16dafaf2f067','3f2e1d4c-5b6a-4789-8c0d-1e2f3a4b5c6d');
INSERT INTO _ModuleHierarchy VALUES('574e782a-2a2f-4b40-8d4e-79d1901e458e','6ef0d2f1-a1df-4118-ab9f-0b804968d490');
INSERT INTO _ModuleHierarchy VALUES('8b9c0d1e-2f3a-4b5c-86de-8f9a0b1c2d3e','3f2e1d4c-5b6a-4789-8c0d-1e2f3a4b5c6d');
INSERT INTO _ModuleHierarchy VALUES('9c0d1e2f-3a4b-4c6d-87ef-9a0b1c2d3e4f','3f2e1d4c-5b6a-4789-8c0d-1e2f3a4b5c6d');
INSERT INTO _ModuleHierarchy VALUES('0d1e2f3a-4b5c-4d7e-a8fa-0b1c2d3e4f5a','3f2e1d4c-5b6a-4789-8c0d-1e2f3a4b5c6d');
INSERT INTO _ModuleHierarchy VALUES('1e2f3a4b-5c6d-4e8f-a9ab-1c2d3e4f5a6b','3f2e1d4c-5b6a-4789-8c0d-1e2f3a4b5c6d');
INSERT INTO _ModuleHierarchy VALUES('2f3a4b5c-6d7e-4f9a-a0bc-2d3e4f5a6b7c','3f2e1d4c-5b6a-4789-8c0d-1e2f3a4b5c6d');
INSERT INTO _ModuleHierarchy VALUES('3a4b5c6d-7e8f-409b-a1cd-3e4f5a6b7c8d','3f2e1d4c-5b6a-4789-8c0d-1e2f3a4b5c6d');
INSERT INTO _ModuleHierarchy VALUES('65acc4b0-c258-4bd0-8eb0-e686006d224d','2b8d7f9c-3a4e-4b5f-8c9d-1e2f3a4b5c6d');
INSERT INTO _ModuleHierarchy VALUES('9c8e5d2a-4b7f-4c8d-9e0a-1b2c3d4e5f6a','2b8d7f9c-3a4e-4b5f-8c9d-1e2f3a4b5c6d');
INSERT INTO _ModuleHierarchy VALUES('7496bad2-981e-4ac5-b464-788c4fc0d118','2b8d7f9c-3a4e-4b5f-8c9d-1e2f3a4b5c6d');
INSERT INTO _ModuleHierarchy VALUES('87a1da94-793c-4565-8706-8fd073a50cf6','2b8d7f9c-3a4e-4b5f-8c9d-1e2f3a4b5c6d');
INSERT INTO _ModuleHierarchy VALUES('c6dd59ac-1802-4bc9-b91e-ca77bb32620e','2b8d7f9c-3a4e-4b5f-8c9d-1e2f3a4b5c6d');
INSERT INTO _ModuleHierarchy VALUES('f2866b62-f4f6-4e22-8fcc-f4bd8bbdb275','2b8d7f9c-3a4e-4b5f-8c9d-1e2f3a4b5c6d');
INSERT INTO _ModuleHierarchy VALUES('d55d4871-f7c6-47f8-94d7-ee4ada6bf45f','2b8d7f9c-3a4e-4b5f-8c9d-1e2f3a4b5c6d');
INSERT INTO _ModuleHierarchy VALUES('78123942-6F56-4C66-8881-B49BC26E107D','2b8d7f9c-3a4e-4b5f-8c9d-1e2f3a4b5c6d');
INSERT INTO _ModuleHierarchy VALUES('81BE3915-2C63-470E-85FE-55C1062DEFF3','2b8d7f9c-3a4e-4b5f-8c9d-1e2f3a4b5c6d');
INSERT INTO _ModuleHierarchy VALUES('82da973e-a84a-44f4-b33f-bcf907961eb3','2b8d7f9c-3a4e-4b5f-8c9d-1e2f3a4b5c6d');
INSERT INTO _ModuleHierarchy VALUES('e1367766-2b1a-42f9-a725-58d092bbc080','2b8d7f9c-3a4e-4b5f-8c9d-1e2f3a4b5c6d');
INSERT INTO _ModuleHierarchy VALUES('4f5a6b7c-8d9e-4012-a456-789abc123def','2b8d7f9c-3a4e-4b5f-8c9d-1e2f3a4b5c6d');
INSERT INTO _ModuleHierarchy VALUES('5a6b7c8d-9e0f-4123-b567-89abcd234eff','2b8d7f9c-3a4e-4b5f-8c9d-1e2f3a4b5c6d');
INSERT INTO _ModuleHierarchy VALUES('37d15e78-fcf2-49a0-bbde-b4dbffd904a7','2b8d7f9c-3a4e-4b5f-8c9d-1e2f3a4b5c6d');
INSERT INTO _ModuleHierarchy VALUES('bd8947e7-bd42-4ea0-976b-639ec22fe2ea','2b8d7f9c-3a4e-4b5f-8c9d-1e2f3a4b5c6d');
INSERT INTO _ModuleHierarchy VALUES('a4d6a459-7406-40d6-bae8-2b27b26adb28','2b8d7f9c-3a4e-4b5f-8c9d-1e2f3a4b5c6d');
INSERT INTO _ModuleHierarchy VALUES('bdcc18bf-e894-4e7c-afc9-02f155a0596b','6aee8076-d604-4357-b5dd-58f1c43a23b2');
INSERT INTO _ModuleHierarchy VALUES('5686a719-6e80-4936-b585-cff43bad4842','6aee8076-d604-4357-b5dd-58f1c43a23b2');
INSERT INTO _ModuleHierarchy VALUES('fc0c176d-4992-4a99-8070-d30a948c845c','6aee8076-d604-4357-b5dd-58f1c43a23b2');
INSERT INTO _ModuleHierarchy VALUES('4e5f6a8b-9c0d-4f5e-a2ab-5c6d7e8f9a0b','7d8e9f01-2345-4567-890a-bcdef0123456');
INSERT INTO _ModuleHierarchy VALUES('1d2e3f4a-5b6c-4d7e-8f9a-0b1c2d3e4f5a','7d8e9f01-2345-4567-890a-bcdef0123456');
INSERT INTO _ModuleHierarchy VALUES('a1b2c3d4-5e6f-4a8b-9c0d-2e3f4a5b6c7d','7d8e9f01-2345-4567-890a-bcdef0123456');
INSERT INTO _ModuleHierarchy VALUES('28a65ee2-09c0-4a86-a920-34c5f2a0f0d7','7d8e9f01-2345-4567-890a-bcdef0123456');
CREATE TABLE IF NOT EXISTS "_ModuleToQuestion" (
    "A" TEXT NOT NULL,
    "B" TEXT NOT NULL,
    CONSTRAINT "_ModuleToQuestion_A_fkey" FOREIGN KEY ("A") REFERENCES "Module" ("id") ON DELETE CASCADE ON UPDATE CASCADE,
    CONSTRAINT "_ModuleToQuestion_B_fkey" FOREIGN KEY ("B") REFERENCES "Question" ("id") ON DELETE CASCADE ON UPDATE CASCADE
);
INSERT INTO _ModuleToQuestion VALUES('a56fb4f6-cd1f-42e2-83ce-16dafaf2f067','82715303-8361-47ef-930e-6979947b741e');
INSERT INTO _ModuleToQuestion VALUES('f8c9d5e1-2a3b-4c6d-8e9f-1a2b3c4d5e6f','c3d4e5f6-7a8b-4c9d-ae1f-3a4b5c6d7e8f');
INSERT INTO _ModuleToQuestion VALUES('f8c9d5e1-2a3b-4c6d-8e9f-1a2b3c4d5e6f','d4e5f6a7-8b9c-4dae-af2a-4b5c6d7e8f90');
INSERT INTO _ModuleToQuestion VALUES('f8c9d5e1-2a3b-4c6d-8e9f-1a2b3c4d5e6f','e5f6a7b8-9cad-4e1f-aa3b-5c6d7e8f9aab');
INSERT INTO _ModuleToQuestion VALUES('f8c9d5e1-2a3b-4c6d-8e9f-1a2b3c4d5e6f','f6a7b8c9-ad1e-4f2a-ab4c-6d7e8f9aab1c');
INSERT INTO _ModuleToQuestion VALUES('f8c9d5e1-2a3b-4c6d-8e9f-1a2b3c4d5e6f','a7b8c9da-1e2f-4a3b-ac5d-7e8f9aab1c2d');
INSERT INTO _ModuleToQuestion VALUES('f8c9d5e1-2a3b-4c6d-8e9f-1a2b3c4d5e6f','b8c9daeb-2f3a-4b5c-ad7e-8f9aab1c2d3e');
INSERT INTO _ModuleToQuestion VALUES('f8c9d5e1-2a3b-4c6d-8e9f-1a2b3c4d5e6f','c9dae1f2-3a4b-4c6d-ae8f-9aab1c2d3e4f');
INSERT INTO _ModuleToQuestion VALUES('f8c9d5e1-2a3b-4c6d-8e9f-1a2b3c4d5e6f','818ae7ae-9f27-48eb-b896-00f09e7910ca');
INSERT INTO _ModuleToQuestion VALUES('f8c9d5e1-2a3b-4c6d-8e9f-1a2b3c4d5e6f','d87215a6-e296-4bdc-acae-f444cf963ae2');
INSERT INTO _ModuleToQuestion VALUES('f8c9d5e1-2a3b-4c6d-8e9f-1a2b3c4d5e6f','c9dd092b-057e-4449-a68a-8109a96ccccb');
INSERT INTO _ModuleToQuestion VALUES('a56fb4f6-cd1f-42e2-83ce-16dafaf2f067','4772edba-f192-4364-9abc-715040763696');
INSERT INTO _ModuleToQuestion VALUES('6e19169a-959d-4f5d-a475-de09ca9ba8cd','c597d294-577d-4612-92d5-70d5a2bfed75');
INSERT INTO _ModuleToQuestion VALUES('8f4e9a3b-2c1d-4f5e-9a8b-7c3d6e5f8a9b','574963f1-9917-4dff-9e61-a67004190c66');
INSERT INTO _ModuleToQuestion VALUES('8f4e9a3b-2c1d-4f5e-9a8b-7c3d6e5f8a9b','be6ec990-7712-4661-8834-db370180553f');
INSERT INTO _ModuleToQuestion VALUES('8f4e9a3b-2c1d-4f5e-9a8b-7c3d6e5f8a9b','31d7aac7-1e5d-42c1-bcf8-f08fc0858fc9');
INSERT INTO _ModuleToQuestion VALUES('8f4e9a3b-2c1d-4f5e-9a8b-7c3d6e5f8a9b','c9b96835-2bf2-4116-ace1-1f7e058dab4d');
INSERT INTO _ModuleToQuestion VALUES('2b8d7f9c-3a4e-4b5f-8c9d-1e2f3a4b5c6d','91c2fd31-eb88-4804-ad59-8415a3044955');
INSERT INTO _ModuleToQuestion VALUES('2b8d7f9c-3a4e-4b5f-8c9d-1e2f3a4b5c6d','75397d4b-9e65-4d97-a31f-4db89a56c64f');
INSERT INTO _ModuleToQuestion VALUES('2b8d7f9c-3a4e-4b5f-8c9d-1e2f3a4b5c6d','4c98a837-8f70-4c66-85b0-079eb780c57d');
INSERT INTO _ModuleToQuestion VALUES('78123942-6F56-4C66-8881-B49BC26E107D','c1533f9b-bf48-401f-9055-496e6cf1e7ff');
INSERT INTO _ModuleToQuestion VALUES('78123942-6F56-4C66-8881-B49BC26E107D','ae430c5c-32e2-4cd5-9b0b-155d8256cfbf');
INSERT INTO _ModuleToQuestion VALUES('78123942-6F56-4C66-8881-B49BC26E107D','9d3da146-016e-4583-bc89-3aa8f113fedc');
INSERT INTO _ModuleToQuestion VALUES('78123942-6F56-4C66-8881-B49BC26E107D','3d352abc-6d69-4f7b-9708-d015fabe3426');
INSERT INTO _ModuleToQuestion VALUES('78123942-6F56-4C66-8881-B49BC26E107D','fe111498-245b-458d-b7f0-6ba74eaf4f93');
INSERT INTO _ModuleToQuestion VALUES('78123942-6F56-4C66-8881-B49BC26E107D','35abb4b5-e856-4905-bbd0-24f94025ca75');
INSERT INTO _ModuleToQuestion VALUES('78123942-6F56-4C66-8881-B49BC26E107D','668b8fa6-da30-4859-89ba-15404f0c634e');
INSERT INTO _ModuleToQuestion VALUES('78123942-6F56-4C66-8881-B49BC26E107D','4eb7f037-d3cc-4553-b1f2-04f79c8485f2');
INSERT INTO _ModuleToQuestion VALUES('78123942-6F56-4C66-8881-B49BC26E107D','0b72f452-1826-4414-a1e0-3bcb83e5dbc8');
INSERT INTO _ModuleToQuestion VALUES('78123942-6F56-4C66-8881-B49BC26E107D','3351a0f5-c051-4f85-a93d-c83bcbdfbe20');
INSERT INTO _ModuleToQuestion VALUES('78123942-6F56-4C66-8881-B49BC26E107D','5d986983-6188-4616-a220-78c15c724a72');
INSERT INTO _ModuleToQuestion VALUES('78123942-6F56-4C66-8881-B49BC26E107D','a84e1e98-161e-4215-a3ab-296720e6fa12');
INSERT INTO _ModuleToQuestion VALUES('78123942-6F56-4C66-8881-B49BC26E107D','8bb9fcb0-c90a-430e-a5f5-9df0c92b9f3a');
INSERT INTO _ModuleToQuestion VALUES('78123942-6F56-4C66-8881-B49BC26E107D','4931fa06-ee0e-4bcb-8e9d-5869294d6ae3');
INSERT INTO _ModuleToQuestion VALUES('78123942-6F56-4C66-8881-B49BC26E107D','bb119d9c-4363-4fb4-b18f-8b673fe2e9cf');
INSERT INTO _ModuleToQuestion VALUES('78123942-6F56-4C66-8881-B49BC26E107D','51210ae1-d445-4a43-b98a-d084f8a64a1b');
INSERT INTO _ModuleToQuestion VALUES('78123942-6F56-4C66-8881-B49BC26E107D','24879301-1e9c-4148-8ca6-f8a68ba8b245');
INSERT INTO _ModuleToQuestion VALUES('78123942-6F56-4C66-8881-B49BC26E107D','0daa3b86-2ac2-42f6-9a40-a8be67345094');
INSERT INTO _ModuleToQuestion VALUES('78123942-6F56-4C66-8881-B49BC26E107D','a1033614-522f-475f-9ca5-c59625f875df');
INSERT INTO _ModuleToQuestion VALUES('78123942-6F56-4C66-8881-B49BC26E107D','465f3938-6beb-40cd-9fa2-6be426439bf6');
INSERT INTO _ModuleToQuestion VALUES('78123942-6F56-4C66-8881-B49BC26E107D','e3dadd54-cb2d-4856-8f04-988afcff2212');
INSERT INTO _ModuleToQuestion VALUES('81BE3915-2C63-470E-85FE-55C1062DEFF3','4603f4bc-8fb5-42a8-8ebc-672085f10104');
INSERT INTO _ModuleToQuestion VALUES('81BE3915-2C63-470E-85FE-55C1062DEFF3','3b84d950-8d79-4dd2-92f5-3e231ba870ef');
INSERT INTO _ModuleToQuestion VALUES('2b8d7f9c-3a4e-4b5f-8c9d-1e2f3a4b5c6d','D0920552-1AFA-493D-9019-4FFDBE079A32');
INSERT INTO _ModuleToQuestion VALUES('2b8d7f9c-3a4e-4b5f-8c9d-1e2f3a4b5c6d','9C030140-9A43-46ED-9B57-9E7A17ABEB41');
INSERT INTO _ModuleToQuestion VALUES('c6dd59ac-1802-4bc9-b91e-ca77bb32620e','ec882e46-05be-4b12-9715-514963a7fdc1');
INSERT INTO _ModuleToQuestion VALUES('9c8e5d2a-4b7f-4c8d-9e0a-1b2c3d4e5f6a','7eeac0c9-70da-41c9-81c5-8d7d021d35de');
INSERT INTO _ModuleToQuestion VALUES('9c8e5d2a-4b7f-4c8d-9e0a-1b2c3d4e5f6a','c3ee52fe-d3aa-4766-b37a-e27db485e155');
INSERT INTO _ModuleToQuestion VALUES('9c8e5d2a-4b7f-4c8d-9e0a-1b2c3d4e5f6a','d16b0597-0099-4399-b68e-e383e7ce9c2b');
INSERT INTO _ModuleToQuestion VALUES('9c8e5d2a-4b7f-4c8d-9e0a-1b2c3d4e5f6a','afde050e-2e6a-498d-9f60-41a0a4d6ad1e');
INSERT INTO _ModuleToQuestion VALUES('87a1da94-793c-4565-8706-8fd073a50cf6','aaf10b9d-c077-4be0-9664-ddc362690beb');
INSERT INTO _ModuleToQuestion VALUES('87a1da94-793c-4565-8706-8fd073a50cf6','2836a9da-1042-40ab-a686-44300695758a');
INSERT INTO _ModuleToQuestion VALUES('87a1da94-793c-4565-8706-8fd073a50cf6','8e73ca25-dac6-4055-b775-8604bcf07a61');
INSERT INTO _ModuleToQuestion VALUES('87a1da94-793c-4565-8706-8fd073a50cf6','64cbc8a7-9e95-4999-a73d-628713b527ef');
INSERT INTO _ModuleToQuestion VALUES('87a1da94-793c-4565-8706-8fd073a50cf6','588b6f9c-ae27-47f9-a8e4-678145f2bc38');
INSERT INTO _ModuleToQuestion VALUES('87a1da94-793c-4565-8706-8fd073a50cf6','b63dc0f8-0951-44dd-93ca-e3cb1dbd63d0');
INSERT INTO _ModuleToQuestion VALUES('87a1da94-793c-4565-8706-8fd073a50cf6','d0bb0263-5ec1-48d1-85db-dd6eea02067d');
INSERT INTO _ModuleToQuestion VALUES('87a1da94-793c-4565-8706-8fd073a50cf6','748f47e6-26ba-4b71-b63a-c0a87dafb3ca');
INSERT INTO _ModuleToQuestion VALUES('87a1da94-793c-4565-8706-8fd073a50cf6','c9a57967-1c17-4b2c-a88d-474ab59469c1');
INSERT INTO _ModuleToQuestion VALUES('87a1da94-793c-4565-8706-8fd073a50cf6','64889a17-54fb-4edd-b6eb-cf4edd807e3f');
INSERT INTO _ModuleToQuestion VALUES('87a1da94-793c-4565-8706-8fd073a50cf6','21c54a9d-c5ad-4d06-8d07-c89acce469cb');
INSERT INTO _ModuleToQuestion VALUES('87a1da94-793c-4565-8706-8fd073a50cf6','d554a693-d532-42c2-bff3-ad79462494f5');
INSERT INTO _ModuleToQuestion VALUES('87a1da94-793c-4565-8706-8fd073a50cf6','76b2afaa-629e-4379-8e01-0575e74a72b0');
INSERT INTO _ModuleToQuestion VALUES('87a1da94-793c-4565-8706-8fd073a50cf6','2ca6fd38-6d9f-41b1-8823-6a36cff5de7e');
INSERT INTO _ModuleToQuestion VALUES('87a1da94-793c-4565-8706-8fd073a50cf6','55366ebc-51d1-412a-b0a4-33cab00f8c5a');
INSERT INTO _ModuleToQuestion VALUES('87a1da94-793c-4565-8706-8fd073a50cf6','604ff1b4-1b80-485f-a7a1-be1b1fb43dc2');
INSERT INTO _ModuleToQuestion VALUES('87a1da94-793c-4565-8706-8fd073a50cf6','5f6fe70f-7417-4f0c-86b6-5703dc3b9fa7');
INSERT INTO _ModuleToQuestion VALUES('87a1da94-793c-4565-8706-8fd073a50cf6','a69f2e8c-0a35-4a51-8ba3-f74890ea0b64');
INSERT INTO _ModuleToQuestion VALUES('87a1da94-793c-4565-8706-8fd073a50cf6','f7f54fbc-c140-4fb0-9654-11b39c406563');
INSERT INTO _ModuleToQuestion VALUES('87a1da94-793c-4565-8706-8fd073a50cf6','20771ee6-aafe-433b-b153-03b474b67aa3');
INSERT INTO _ModuleToQuestion VALUES('2b8d7f9c-3a4e-4b5f-8c9d-1e2f3a4b5c6d','0CB337D9-F5CA-43B4-8945-531CF4C57BC2');
INSERT INTO _ModuleToQuestion VALUES('2b8d7f9c-3a4e-4b5f-8c9d-1e2f3a4b5c6d','7928652E-847C-4685-8618-2449068369B2');
INSERT INTO _ModuleToQuestion VALUES('c6dd59ac-1802-4bc9-b91e-ca77bb32620e','f235ed49-ae6d-4202-8d1a-e5592106f7b0');
INSERT INTO _ModuleToQuestion VALUES('c6dd59ac-1802-4bc9-b91e-ca77bb32620e','b6be29ea-7790-4e42-aac1-12a00e493d1e');
INSERT INTO _ModuleToQuestion VALUES('c6dd59ac-1802-4bc9-b91e-ca77bb32620e','2e19beed-16e7-4e45-8a00-749755150309');
INSERT INTO _ModuleToQuestion VALUES('c6dd59ac-1802-4bc9-b91e-ca77bb32620e','6fc66261-2ece-4828-b7df-abb9f70a9c13');
INSERT INTO _ModuleToQuestion VALUES('c6dd59ac-1802-4bc9-b91e-ca77bb32620e','ee3a4ec3-c930-41b5-bd2d-453632eed46f');
INSERT INTO _ModuleToQuestion VALUES('c6dd59ac-1802-4bc9-b91e-ca77bb32620e','76b376fd-00ef-4ac8-b271-5adae1b87ffa');
INSERT INTO _ModuleToQuestion VALUES('c6dd59ac-1802-4bc9-b91e-ca77bb32620e','696df248-43cf-4d31-a04c-21d5bc526201');
INSERT INTO _ModuleToQuestion VALUES('c6dd59ac-1802-4bc9-b91e-ca77bb32620e','1812c17a-631d-412c-9b53-0bbe8616865b');
INSERT INTO _ModuleToQuestion VALUES('c6dd59ac-1802-4bc9-b91e-ca77bb32620e','731ff527-0bb4-449a-8bb0-8054a7ce4ff7');
INSERT INTO _ModuleToQuestion VALUES('c6dd59ac-1802-4bc9-b91e-ca77bb32620e','4e5c702f-1653-4273-9e0b-6d0d0f371123');
INSERT INTO _ModuleToQuestion VALUES('2b8d7f9c-3a4e-4b5f-8c9d-1e2f3a4b5c6d','0cca7095-d2b5-402c-8895-c028c791c3b3');
INSERT INTO _ModuleToQuestion VALUES('4f5a6b7c-8d9e-4012-a456-789abc123def','adc25314-48a4-4fb9-8849-45120c8e5b24');
INSERT INTO _ModuleToQuestion VALUES('4f5a6b7c-8d9e-4012-a456-789abc123def','8c9fbf32-317c-48de-a1d0-3409ad149a3c');
INSERT INTO _ModuleToQuestion VALUES('4f5a6b7c-8d9e-4012-a456-789abc123def','e527edaf-afba-4686-9837-5d43bb4899bc');
INSERT INTO _ModuleToQuestion VALUES('4f5a6b7c-8d9e-4012-a456-789abc123def','05736047-d0a1-44b5-ab41-1ea5c554a109');
INSERT INTO _ModuleToQuestion VALUES('4f5a6b7c-8d9e-4012-a456-789abc123def','863a44be-8e03-47f1-88e2-69009ef72a55');
INSERT INTO _ModuleToQuestion VALUES('4f5a6b7c-8d9e-4012-a456-789abc123def','b09577a0-f325-43eb-a04b-19f0244b38a2');
INSERT INTO _ModuleToQuestion VALUES('4f5a6b7c-8d9e-4012-a456-789abc123def','3d0e7cbc-c976-4aa5-a1ee-f9249617adf2');
INSERT INTO _ModuleToQuestion VALUES('4f5a6b7c-8d9e-4012-a456-789abc123def','0078b5b8-2eef-4856-962a-67fb9441fe24');
INSERT INTO _ModuleToQuestion VALUES('4f5a6b7c-8d9e-4012-a456-789abc123def','e3281abd-5909-4fec-880e-68f8da4bbdc6');
INSERT INTO _ModuleToQuestion VALUES('4f5a6b7c-8d9e-4012-a456-789abc123def','da5384d3-36b9-439d-81c7-4468b53d09bf');
INSERT INTO _ModuleToQuestion VALUES('5a6b7c8d-9e0f-4123-b567-89abcd234eff','d197e3c8-3d75-4351-9f9a-64c19a7b4f74');
INSERT INTO _ModuleToQuestion VALUES('5a6b7c8d-9e0f-4123-b567-89abcd234eff','34d9cdd1-9e6f-48df-be32-fabcfd1ab5a0');
INSERT INTO _ModuleToQuestion VALUES('5a6b7c8d-9e0f-4123-b567-89abcd234eff','ba270cb5-d635-41bf-8bc0-e02f794e1fb1');
INSERT INTO _ModuleToQuestion VALUES('5a6b7c8d-9e0f-4123-b567-89abcd234eff','14da5f4c-c1ab-42a5-a6c8-ceda73f5d986');
INSERT INTO _ModuleToQuestion VALUES('5a6b7c8d-9e0f-4123-b567-89abcd234eff','31b9fc47-e768-47e5-9851-1e9a7b3c631e');
INSERT INTO _ModuleToQuestion VALUES('5a6b7c8d-9e0f-4123-b567-89abcd234eff','01eb567b-c978-409b-a7a1-ce0074384d49');
INSERT INTO _ModuleToQuestion VALUES('5a6b7c8d-9e0f-4123-b567-89abcd234eff','142f8b3e-b45d-447b-8f62-eed97f162e2a');
INSERT INTO _ModuleToQuestion VALUES('5a6b7c8d-9e0f-4123-b567-89abcd234eff','81360e39-00c4-457c-b830-89834c8fdfe8');
INSERT INTO _ModuleToQuestion VALUES('5a6b7c8d-9e0f-4123-b567-89abcd234eff','b727573b-e1b5-4382-989d-bcc450db06cf');
INSERT INTO _ModuleToQuestion VALUES('5a6b7c8d-9e0f-4123-b567-89abcd234eff','f156e0a4-ce55-43b4-aa22-c740a684aae6');
INSERT INTO _ModuleToQuestion VALUES('5a6b7c8d-9e0f-4123-b567-89abcd234eff','fa6c1642-52f4-488f-986b-c7af0b31efee');
INSERT INTO _ModuleToQuestion VALUES('5a6b7c8d-9e0f-4123-b567-89abcd234eff','947b2af5-5bb8-48e4-b6e3-b124a38a87ee');
INSERT INTO _ModuleToQuestion VALUES('5a6b7c8d-9e0f-4123-b567-89abcd234eff','bede7c3d-a729-4519-a5f7-4180955d1adf');
INSERT INTO _ModuleToQuestion VALUES('5a6b7c8d-9e0f-4123-b567-89abcd234eff','eb010669-7f22-4122-aefd-bb3241a4d391');
INSERT INTO _ModuleToQuestion VALUES('5a6b7c8d-9e0f-4123-b567-89abcd234eff','e9c7cc22-e039-406a-bde5-de4d1d9809de');
INSERT INTO _ModuleToQuestion VALUES('5a6b7c8d-9e0f-4123-b567-89abcd234eff','c70bafe7-7d48-4916-84c2-d85bda658367');
INSERT INTO _ModuleToQuestion VALUES('5a6b7c8d-9e0f-4123-b567-89abcd234eff','0dcd28d3-543b-4767-b4bf-c6e69381291f');
INSERT INTO _ModuleToQuestion VALUES('5a6b7c8d-9e0f-4123-b567-89abcd234eff','57e72e6e-f794-49f7-912a-a89e14d60250');
INSERT INTO _ModuleToQuestion VALUES('5a6b7c8d-9e0f-4123-b567-89abcd234eff','f5160286-1312-4b1e-89ef-6a5e9b5ecd05');
INSERT INTO _ModuleToQuestion VALUES('5a6b7c8d-9e0f-4123-b567-89abcd234eff','2ef37e93-03e8-44cf-8d46-f9e959bb6370');
INSERT INTO _ModuleToQuestion VALUES('82da973e-a84a-44f4-b33f-bcf907961eb3','f1f1199b-8535-40a8-a24e-85f90d4f79f5');
INSERT INTO _ModuleToQuestion VALUES('82da973e-a84a-44f4-b33f-bcf907961eb3','053fef57-b721-4fc0-a182-661e79593209');
INSERT INTO _ModuleToQuestion VALUES('82da973e-a84a-44f4-b33f-bcf907961eb3','2cce300c-e714-4af8-a4f3-fc353468d03d');
INSERT INTO _ModuleToQuestion VALUES('82da973e-a84a-44f4-b33f-bcf907961eb3','210937a0-8392-4661-85e0-ac34e5c51f4d');
INSERT INTO _ModuleToQuestion VALUES('82da973e-a84a-44f4-b33f-bcf907961eb3','30142fba-9dd7-4d33-b91d-cec9cacff81d');
INSERT INTO _ModuleToQuestion VALUES('82da973e-a84a-44f4-b33f-bcf907961eb3','758927d5-136f-45bd-a017-9ed0ff13b587');
INSERT INTO _ModuleToQuestion VALUES('82da973e-a84a-44f4-b33f-bcf907961eb3','16e7c749-51f8-4482-8b84-1cf9eec7fdbc');
INSERT INTO _ModuleToQuestion VALUES('82da973e-a84a-44f4-b33f-bcf907961eb3','42977405-31b2-44b9-9a50-a39caf11e7df');
INSERT INTO _ModuleToQuestion VALUES('82da973e-a84a-44f4-b33f-bcf907961eb3','51aaa9ae-f682-43b2-9865-07909157adc3');
INSERT INTO _ModuleToQuestion VALUES('82da973e-a84a-44f4-b33f-bcf907961eb3','1dac838b-24d1-42c1-a4fa-c39cfa911020');
INSERT INTO _ModuleToQuestion VALUES('82da973e-a84a-44f4-b33f-bcf907961eb3','435a3fdb-fbeb-4fc2-bccb-5c1ae5d7c3b7');
INSERT INTO _ModuleToQuestion VALUES('82da973e-a84a-44f4-b33f-bcf907961eb3','631e3d95-9be1-4b06-8c67-0b284c6743f4');
INSERT INTO _ModuleToQuestion VALUES('82da973e-a84a-44f4-b33f-bcf907961eb3','8024ece5-d316-4f14-8095-02448b7319b4');
INSERT INTO _ModuleToQuestion VALUES('82da973e-a84a-44f4-b33f-bcf907961eb3','67e9763f-efc6-42c5-a1d2-65a79ea8a6a5');
INSERT INTO _ModuleToQuestion VALUES('82da973e-a84a-44f4-b33f-bcf907961eb3','ed24fe0e-e03b-487e-bc4e-024185cc1eed');
INSERT INTO _ModuleToQuestion VALUES('82da973e-a84a-44f4-b33f-bcf907961eb3','67521599-9c4d-4caa-b954-28d693b455a9');
INSERT INTO _ModuleToQuestion VALUES('82da973e-a84a-44f4-b33f-bcf907961eb3','a8d52088-a920-4c15-8430-cb64ed141c8b');
INSERT INTO _ModuleToQuestion VALUES('82da973e-a84a-44f4-b33f-bcf907961eb3','9e0d0fae-3372-47b1-ada0-cf4bed191b06');
INSERT INTO _ModuleToQuestion VALUES('82da973e-a84a-44f4-b33f-bcf907961eb3','3ca98efb-fadd-43c7-b769-54eaf0af0f8d');
INSERT INTO _ModuleToQuestion VALUES('82da973e-a84a-44f4-b33f-bcf907961eb3','571753da-c324-43dc-b470-af03755d33ca');
INSERT INTO _ModuleToQuestion VALUES('f2866b62-f4f6-4e22-8fcc-f4bd8bbdb275','e2a99c54-dce2-4abf-b873-ce05a23d6904');
INSERT INTO _ModuleToQuestion VALUES('f2866b62-f4f6-4e22-8fcc-f4bd8bbdb275','6be2c824-0394-4e7b-a885-e9f101bc9429');
INSERT INTO _ModuleToQuestion VALUES('f2866b62-f4f6-4e22-8fcc-f4bd8bbdb275','721b116a-8c30-40f6-8d0b-800c6c971c74');
INSERT INTO _ModuleToQuestion VALUES('f2866b62-f4f6-4e22-8fcc-f4bd8bbdb275','830c9066-5f82-4e11-b1f6-5b372c9bad51');
INSERT INTO _ModuleToQuestion VALUES('f2866b62-f4f6-4e22-8fcc-f4bd8bbdb275','57bb3d11-c0ed-42b7-8a47-a506e747b8b0');
INSERT INTO _ModuleToQuestion VALUES('f2866b62-f4f6-4e22-8fcc-f4bd8bbdb275','70f236db-e064-47c1-8932-1addccc2cf90');
INSERT INTO _ModuleToQuestion VALUES('f2866b62-f4f6-4e22-8fcc-f4bd8bbdb275','503986fa-775c-42ca-9f1e-d16bc0ec043a');
INSERT INTO _ModuleToQuestion VALUES('f2866b62-f4f6-4e22-8fcc-f4bd8bbdb275','13958006-433b-4362-8a14-68f721e0af63');
INSERT INTO _ModuleToQuestion VALUES('f2866b62-f4f6-4e22-8fcc-f4bd8bbdb275','646a17e1-ff64-44ea-8058-f4989d4b93cf');
INSERT INTO _ModuleToQuestion VALUES('f2866b62-f4f6-4e22-8fcc-f4bd8bbdb275','e21ee86d-3073-400d-9bd3-872fd1883740');
INSERT INTO _ModuleToQuestion VALUES('f2866b62-f4f6-4e22-8fcc-f4bd8bbdb275','916a44ad-414a-4cb0-bb1a-3ac2dec17764');
INSERT INTO _ModuleToQuestion VALUES('f2866b62-f4f6-4e22-8fcc-f4bd8bbdb275','3eb245c5-c5c6-4bdf-959e-23f2dc91e5ef');
INSERT INTO _ModuleToQuestion VALUES('f2866b62-f4f6-4e22-8fcc-f4bd8bbdb275','a9008c59-3857-423e-ae40-875950cb2372');
INSERT INTO _ModuleToQuestion VALUES('f2866b62-f4f6-4e22-8fcc-f4bd8bbdb275','8989e12a-1358-425a-b370-27e734b161de');
INSERT INTO _ModuleToQuestion VALUES('f2866b62-f4f6-4e22-8fcc-f4bd8bbdb275','d28cdc03-a801-4ab8-bb2d-171814ebce17');
INSERT INTO _ModuleToQuestion VALUES('f2866b62-f4f6-4e22-8fcc-f4bd8bbdb275','38847c2a-6b25-4c8e-8457-3242f316ce8a');
INSERT INTO _ModuleToQuestion VALUES('f2866b62-f4f6-4e22-8fcc-f4bd8bbdb275','388939fb-97cd-4a18-8f37-7f40cec42792');
INSERT INTO _ModuleToQuestion VALUES('f2866b62-f4f6-4e22-8fcc-f4bd8bbdb275','187163a2-a449-4581-afc0-c48f5edf8fe6');
INSERT INTO _ModuleToQuestion VALUES('f2866b62-f4f6-4e22-8fcc-f4bd8bbdb275','519d8b74-57a3-4307-9ecf-d1e13b4bcb3a');
INSERT INTO _ModuleToQuestion VALUES('f2866b62-f4f6-4e22-8fcc-f4bd8bbdb275','cb840bda-23ce-49ac-9127-9646ac0086cb');
INSERT INTO _ModuleToQuestion VALUES('1d2e3f4a-5b6c-4d7e-8f9a-0b1c2d3e4f5a','f1a2b3c4-1111-4567-890a-bcdef0123456');
INSERT INTO _ModuleToQuestion VALUES('1d2e3f4a-5b6c-4d7e-8f9a-0b1c2d3e4f5a','f2a2b3c4-2222-4567-890a-bcdef0123456');
INSERT INTO _ModuleToQuestion VALUES('1d2e3f4a-5b6c-4d7e-8f9a-0b1c2d3e4f5a','f3a2b3c4-3333-4567-890a-bcdef0123456');
INSERT INTO _ModuleToQuestion VALUES('1d2e3f4a-5b6c-4d7e-8f9a-0b1c2d3e4f5a','f4a2b3c4-4444-4567-890a-bcdef0123456');
INSERT INTO _ModuleToQuestion VALUES('1d2e3f4a-5b6c-4d7e-8f9a-0b1c2d3e4f5a','f5a2b3c4-5555-4567-890a-bcdef0123456');
INSERT INTO _ModuleToQuestion VALUES('1d2e3f4a-5b6c-4d7e-8f9a-0b1c2d3e4f5a','f6a2b3c4-6666-4567-890a-bcdef0123456');
INSERT INTO _ModuleToQuestion VALUES('1d2e3f4a-5b6c-4d7e-8f9a-0b1c2d3e4f5a','f7a2b3c4-7777-4567-890a-bcdef0123456');
INSERT INTO _ModuleToQuestion VALUES('1d2e3f4a-5b6c-4d7e-8f9a-0b1c2d3e4f5a','f8a2b3c4-8888-4567-890a-bcdef0123456');
INSERT INTO _ModuleToQuestion VALUES('1d2e3f4a-5b6c-4d7e-8f9a-0b1c2d3e4f5a','f9a2b3c4-9999-4567-890a-bcdef0123456');
INSERT INTO _ModuleToQuestion VALUES('1d2e3f4a-5b6c-4d7e-8f9a-0b1c2d3e4f5a','faa2b3c4-aaaa-4567-890a-bcdef0123456');
INSERT INTO _ModuleToQuestion VALUES('1d2e3f4a-5b6c-4d7e-8f9a-0b1c2d3e4f5a','fba2b3c4-bbbb-4567-890a-bcdef0123456');
INSERT INTO _ModuleToQuestion VALUES('1d2e3f4a-5b6c-4d7e-8f9a-0b1c2d3e4f5a','fca2b3c4-cccc-4567-890a-bcdef0123456');
INSERT INTO _ModuleToQuestion VALUES('1d2e3f4a-5b6c-4d7e-8f9a-0b1c2d3e4f5a','fda2b3c4-dddd-4567-890a-bcdef0123456');
INSERT INTO _ModuleToQuestion VALUES('1d2e3f4a-5b6c-4d7e-8f9a-0b1c2d3e4f5a','fea2b3c4-eeee-4567-890a-bcdef0123456');
INSERT INTO _ModuleToQuestion VALUES('1d2e3f4a-5b6c-4d7e-8f9a-0b1c2d3e4f5a','ffa2b3c4-ffff-4567-890a-bcdef0123456');
INSERT INTO _ModuleToQuestion VALUES('1d2e3f4a-5b6c-4d7e-8f9a-0b1c2d3e4f5a','f0a2b3c4-0000-4567-890a-bcdef0123456');
INSERT INTO _ModuleToQuestion VALUES('1d2e3f4a-5b6c-4d7e-8f9a-0b1c2d3e4f5a','1c01fb9c-eedf-4792-9c4e-7868098f0254');
INSERT INTO _ModuleToQuestion VALUES('1d2e3f4a-5b6c-4d7e-8f9a-0b1c2d3e4f5a','ed852db8-47b4-4632-9032-b8ad4447f6de');
INSERT INTO _ModuleToQuestion VALUES('1d2e3f4a-5b6c-4d7e-8f9a-0b1c2d3e4f5a','a2de90e6-8816-4185-b876-0e0408f53d1b');
INSERT INTO _ModuleToQuestion VALUES('a1b2c3d4-5e6f-4a8b-9c0d-2e3f4a5b6c7d','1e96dd52-45d6-43eb-8c3a-2b8bd80cb11d');
INSERT INTO _ModuleToQuestion VALUES('a1b2c3d4-5e6f-4a8b-9c0d-2e3f4a5b6c7d','65f191e3-41fe-4dc7-9f1d-3ace05dec094');
INSERT INTO _ModuleToQuestion VALUES('28a65ee2-09c0-4a86-a920-34c5f2a0f0d7','2906e9e4-8565-4096-9a7b-516366f991a3');
INSERT INTO _ModuleToQuestion VALUES('28a65ee2-09c0-4a86-a920-34c5f2a0f0d7','5dedb416-8cfb-4a84-b1e3-4305e10689fd');
INSERT INTO _ModuleToQuestion VALUES('a1b2c3d4-5e6f-4a8b-9c0d-2e3f4a5b6c7d','de8d4330-0e4f-440c-874a-58a63441b07d');
INSERT INTO _ModuleToQuestion VALUES('5a95b965-7626-4c7d-98db-4c45bf72083a','52c4d70d-5b41-40eb-841a-d655bee0ded0');
INSERT INTO _ModuleToQuestion VALUES('5a95b965-7626-4c7d-98db-4c45bf72083a','e52169d0-cba2-4889-b327-3a2f610df34f');
INSERT INTO _ModuleToQuestion VALUES('5a95b965-7626-4c7d-98db-4c45bf72083a','4817954c-91ff-460d-a69b-a50507781d48');
INSERT INTO _ModuleToQuestion VALUES('5a95b965-7626-4c7d-98db-4c45bf72083a','3ed9edf5-6783-4a6c-8421-5b6e39f4416e');
INSERT INTO _ModuleToQuestion VALUES('5a95b965-7626-4c7d-98db-4c45bf72083a','9da9bb06-7c47-49e0-8e5f-2d705b8e0c65');
INSERT INTO _ModuleToQuestion VALUES('5a95b965-7626-4c7d-98db-4c45bf72083a','96d606d2-95d4-42bf-b6bd-40e20deea584');
INSERT INTO _ModuleToQuestion VALUES('5a95b965-7626-4c7d-98db-4c45bf72083a','055356ae-1862-4150-8b82-2f53f3abd864');
INSERT INTO _ModuleToQuestion VALUES('5a95b965-7626-4c7d-98db-4c45bf72083a','fb6d6ef9-dd8e-4e77-969d-bbe4b2c65a8a');
INSERT INTO _ModuleToQuestion VALUES('5a95b965-7626-4c7d-98db-4c45bf72083a','8ddfb44e-b729-4d52-946b-ccef0fdc7639');
INSERT INTO _ModuleToQuestion VALUES('5a95b965-7626-4c7d-98db-4c45bf72083a','08eb3b54-0990-4767-a1bc-f06af3845a4b');
INSERT INTO _ModuleToQuestion VALUES('5a95b965-7626-4c7d-98db-4c45bf72083a','abebb16a-625f-46bc-86f7-8d62b26a0068');
INSERT INTO _ModuleToQuestion VALUES('5a95b965-7626-4c7d-98db-4c45bf72083a','6418770c-9dc3-46fe-a975-c9cf96a1e6e1');
INSERT INTO _ModuleToQuestion VALUES('5a95b965-7626-4c7d-98db-4c45bf72083a','0f2a875a-76ae-4d97-af58-6ad023ca5097');
INSERT INTO _ModuleToQuestion VALUES('5a95b965-7626-4c7d-98db-4c45bf72083a','ce287b90-6484-4619-b3e0-96c3a9a246c0');
INSERT INTO _ModuleToQuestion VALUES('5a95b965-7626-4c7d-98db-4c45bf72083a','2343d8a5-264f-4cfd-a3d1-fbe415d5ce54');
INSERT INTO _ModuleToQuestion VALUES('5a95b965-7626-4c7d-98db-4c45bf72083a','f70a4043-8eea-48ce-80cb-9dd68f0075c8');
INSERT INTO _ModuleToQuestion VALUES('5a95b965-7626-4c7d-98db-4c45bf72083a','06575de9-99ef-407f-ab59-8046e2467450');
INSERT INTO _ModuleToQuestion VALUES('5a95b965-7626-4c7d-98db-4c45bf72083a','6d8f2416-61eb-4d7c-9499-af265f0e2bbf');
INSERT INTO _ModuleToQuestion VALUES('5a95b965-7626-4c7d-98db-4c45bf72083a','428ea415-923a-4fb6-be7d-510a569bcb3b');
INSERT INTO _ModuleToQuestion VALUES('5a95b965-7626-4c7d-98db-4c45bf72083a','b70fe21c-11f4-4122-98bf-8594a2412f68');
INSERT INTO _ModuleToQuestion VALUES('5a95b965-7626-4c7d-98db-4c45bf72083a','f0e6f719-8309-4215-af93-273ddb0a0a4b');
INSERT INTO _ModuleToQuestion VALUES('5a95b965-7626-4c7d-98db-4c45bf72083a','edefe330-a9bc-4eda-94e9-9fd172313023');
INSERT INTO _ModuleToQuestion VALUES('5a95b965-7626-4c7d-98db-4c45bf72083a','acad4524-e5c5-418e-9049-f4cc51e3fbd9');
INSERT INTO _ModuleToQuestion VALUES('5a95b965-7626-4c7d-98db-4c45bf72083a','2d1da962-4d25-4cde-8a06-9d338b07fe3c');
INSERT INTO _ModuleToQuestion VALUES('5a95b965-7626-4c7d-98db-4c45bf72083a','cfca8708-73de-4f07-be3d-7ab69a4e3725');
INSERT INTO _ModuleToQuestion VALUES('5a95b965-7626-4c7d-98db-4c45bf72083a','e7c0b8ce-e03c-40ba-8c89-53bff74528e2');
INSERT INTO _ModuleToQuestion VALUES('5a95b965-7626-4c7d-98db-4c45bf72083a','690c8cae-2262-42be-8451-e858a386a2a7');
INSERT INTO _ModuleToQuestion VALUES('5a95b965-7626-4c7d-98db-4c45bf72083a','87681174-9ddf-4cb4-b79d-dade47e59670');
INSERT INTO _ModuleToQuestion VALUES('5a95b965-7626-4c7d-98db-4c45bf72083a','d983d39d-c906-4e43-a213-e25317ca85ad');
INSERT INTO _ModuleToQuestion VALUES('5a95b965-7626-4c7d-98db-4c45bf72083a','7bd38a61-eae0-4790-818d-98bdda27f2fe');
INSERT INTO _ModuleToQuestion VALUES('f91d2e2e-3fc8-45b5-ae64-e08a7d075e24','e44492b0-ba38-425a-9b26-f6187cfac406');
INSERT INTO _ModuleToQuestion VALUES('f91d2e2e-3fc8-45b5-ae64-e08a7d075e24','44bcfec5-15f7-4e6b-93e6-c2d218a5d958');
INSERT INTO _ModuleToQuestion VALUES('f91d2e2e-3fc8-45b5-ae64-e08a7d075e24','c66f213d-d82d-4487-bd84-fcc16c42bc12');
INSERT INTO _ModuleToQuestion VALUES('f91d2e2e-3fc8-45b5-ae64-e08a7d075e24','83ec1df6-61b0-4f0f-b1a0-85868f36504a');
INSERT INTO _ModuleToQuestion VALUES('f91d2e2e-3fc8-45b5-ae64-e08a7d075e24','a3d0274f-e899-4cb9-8f51-dd8a70c3da11');
INSERT INTO _ModuleToQuestion VALUES('f91d2e2e-3fc8-45b5-ae64-e08a7d075e24','f947f030-47fe-4fa2-8f8f-ac491e4870f9');
INSERT INTO _ModuleToQuestion VALUES('f91d2e2e-3fc8-45b5-ae64-e08a7d075e24','a6537faa-4599-471a-952b-6a6353678eca');
INSERT INTO _ModuleToQuestion VALUES('f91d2e2e-3fc8-45b5-ae64-e08a7d075e24','230b27d3-deb0-4205-a6ed-e4ee00245157');
INSERT INTO _ModuleToQuestion VALUES('f91d2e2e-3fc8-45b5-ae64-e08a7d075e24','3c26a434-840a-4879-9d26-ffe43a40cbb9');
INSERT INTO _ModuleToQuestion VALUES('f91d2e2e-3fc8-45b5-ae64-e08a7d075e24','6a48d3d3-0b58-4852-a500-9eb907a8bb19');
INSERT INTO _ModuleToQuestion VALUES('7496bad2-981e-4ac5-b464-788c4fc0d118','17b109bc-907c-407a-8f72-d66076911a70');
INSERT INTO _ModuleToQuestion VALUES('7496bad2-981e-4ac5-b464-788c4fc0d118','1d982e83-fe47-4a63-9cee-d981e4c4904d');
INSERT INTO _ModuleToQuestion VALUES('7496bad2-981e-4ac5-b464-788c4fc0d118','f298ba0b-62c1-4b53-9a75-7945e2f029f6');
INSERT INTO _ModuleToQuestion VALUES('7496bad2-981e-4ac5-b464-788c4fc0d118','a8441874-6a87-4499-ae41-c82e792136ba');
INSERT INTO _ModuleToQuestion VALUES('7496bad2-981e-4ac5-b464-788c4fc0d118','fdaa8909-b6be-46b8-a2e0-60cac2bf0eb8');
INSERT INTO _ModuleToQuestion VALUES('7496bad2-981e-4ac5-b464-788c4fc0d118','c3f99998-cb6c-4b3d-ad3e-2bcf2f257069');
INSERT INTO _ModuleToQuestion VALUES('7496bad2-981e-4ac5-b464-788c4fc0d118','2a2fe409-b5b6-4bc8-9c21-8248d9cd020b');
INSERT INTO _ModuleToQuestion VALUES('7496bad2-981e-4ac5-b464-788c4fc0d118','ce3ae121-e61b-4c92-a9ea-02072a962772');
INSERT INTO _ModuleToQuestion VALUES('7496bad2-981e-4ac5-b464-788c4fc0d118','0d4204af-0ad5-4448-8d97-ad3b023fe9ed');
INSERT INTO _ModuleToQuestion VALUES('7496bad2-981e-4ac5-b464-788c4fc0d118','38c3828e-444f-4770-9f4c-4910bb54cc0a');
INSERT INTO _ModuleToQuestion VALUES('e4e3361c-9c9f-4d12-a9d6-8de53f794295','d27e5c2b-3992-4f6a-be46-8a0d969caf05');
INSERT INTO _ModuleToQuestion VALUES('e4e3361c-9c9f-4d12-a9d6-8de53f794295','00ff0e8c-87ab-4ed5-b918-4ebab262ace4');
INSERT INTO _ModuleToQuestion VALUES('e4e3361c-9c9f-4d12-a9d6-8de53f794295','7c2bad71-6b03-4791-a5ef-52807aec0aba');
INSERT INTO _ModuleToQuestion VALUES('e4e3361c-9c9f-4d12-a9d6-8de53f794295','bec99b5f-f52c-4209-99c3-66d6165a9e7a');
INSERT INTO _ModuleToQuestion VALUES('e4e3361c-9c9f-4d12-a9d6-8de53f794295','124add0f-b5ef-41ad-8939-32c8c373ac9e');
INSERT INTO _ModuleToQuestion VALUES('e4e3361c-9c9f-4d12-a9d6-8de53f794295','9da95bcd-f5a7-46e2-ad2f-938b4d48af1a');
INSERT INTO _ModuleToQuestion VALUES('e4e3361c-9c9f-4d12-a9d6-8de53f794295','71f6d68b-59df-461c-9b4a-e62d7d69fcc7');
INSERT INTO _ModuleToQuestion VALUES('e4e3361c-9c9f-4d12-a9d6-8de53f794295','3a7032df-266b-41e8-8f45-097feddf6427');
INSERT INTO _ModuleToQuestion VALUES('e4e3361c-9c9f-4d12-a9d6-8de53f794295','67d78342-8c06-40db-b0a3-32ed84e9bddf');
INSERT INTO _ModuleToQuestion VALUES('e4e3361c-9c9f-4d12-a9d6-8de53f794295','e22ba0c5-db91-48cc-86dc-d958263f2df7');
INSERT INTO _ModuleToQuestion VALUES('e4e3361c-9c9f-4d12-a9d6-8de53f794295','256982fd-bf39-417d-bfe3-daa794d29558');
INSERT INTO _ModuleToQuestion VALUES('e4e3361c-9c9f-4d12-a9d6-8de53f794295','23befada-1f8c-458e-b7c2-3a7bb04754e6');
INSERT INTO _ModuleToQuestion VALUES('e4e3361c-9c9f-4d12-a9d6-8de53f794295','57527199-a218-437d-878a-256cc6f3cb29');
INSERT INTO _ModuleToQuestion VALUES('e4e3361c-9c9f-4d12-a9d6-8de53f794295','efb91ef1-adbf-43a4-a274-5e678bdacb8c');
INSERT INTO _ModuleToQuestion VALUES('e4e3361c-9c9f-4d12-a9d6-8de53f794295','119e94e0-1f02-4b50-9f11-1c2b2e57a3a1');
INSERT INTO _ModuleToQuestion VALUES('e4e3361c-9c9f-4d12-a9d6-8de53f794295','66f09cf2-bdef-49d1-8efd-0ca68d6ee442');
INSERT INTO _ModuleToQuestion VALUES('e4e3361c-9c9f-4d12-a9d6-8de53f794295','c54dbe9e-651f-4ceb-bc86-dcb249399f1a');
INSERT INTO _ModuleToQuestion VALUES('e4e3361c-9c9f-4d12-a9d6-8de53f794295','77e9f393-4765-4110-b574-2b3820a4a9d9');
INSERT INTO _ModuleToQuestion VALUES('e4e3361c-9c9f-4d12-a9d6-8de53f794295','870736ac-8f98-4d81-9e5f-7fe8be91ce84');
INSERT INTO _ModuleToQuestion VALUES('e4e3361c-9c9f-4d12-a9d6-8de53f794295','f5c1b2bd-d36a-47c0-b1f5-f9079f507af2');
INSERT INTO _ModuleToQuestion VALUES('e4e3361c-9c9f-4d12-a9d6-8de53f794295','8e0ca9ae-1f52-4735-bf77-a950f308b82e');
INSERT INTO _ModuleToQuestion VALUES('e4e3361c-9c9f-4d12-a9d6-8de53f794295','97b0af31-f20f-489b-9ffc-37eda98139b7');
INSERT INTO _ModuleToQuestion VALUES('e4e3361c-9c9f-4d12-a9d6-8de53f794295','56fd3334-00c8-4ebd-b8ae-e377982725ca');
INSERT INTO _ModuleToQuestion VALUES('e4e3361c-9c9f-4d12-a9d6-8de53f794295','bf3841af-391c-4ae1-9ea9-86254c11dbd4');
INSERT INTO _ModuleToQuestion VALUES('e4e3361c-9c9f-4d12-a9d6-8de53f794295','f2abaae8-7d7c-458e-81d6-cda7d93ae729');
INSERT INTO _ModuleToQuestion VALUES('e4e3361c-9c9f-4d12-a9d6-8de53f794295','a83c08dc-697c-416b-9958-dfeda3f7095f');
INSERT INTO _ModuleToQuestion VALUES('e4e3361c-9c9f-4d12-a9d6-8de53f794295','d5ce3376-2009-4ed5-9043-26423e5587db');
INSERT INTO _ModuleToQuestion VALUES('e4e3361c-9c9f-4d12-a9d6-8de53f794295','60966760-92b4-4649-9979-a992ddf2f7a0');
INSERT INTO _ModuleToQuestion VALUES('e4e3361c-9c9f-4d12-a9d6-8de53f794295','d64cdb6d-80d1-483f-8868-617b84bf8227');
INSERT INTO _ModuleToQuestion VALUES('e4e3361c-9c9f-4d12-a9d6-8de53f794295','de0f5218-c34a-4370-9c38-6f9ae74fce81');
INSERT INTO _ModuleToQuestion VALUES('d49b124c-df8c-403d-8460-8f7ee813784f','4d7afd65-ae33-4f2e-9bc6-428c44d3c000');
INSERT INTO _ModuleToQuestion VALUES('d49b124c-df8c-403d-8460-8f7ee813784f','6dcace07-8234-422d-b43f-48c9f6a408a3');
INSERT INTO _ModuleToQuestion VALUES('d49b124c-df8c-403d-8460-8f7ee813784f','804e496e-a643-4e20-b03a-595e53dcdacc');
INSERT INTO _ModuleToQuestion VALUES('d49b124c-df8c-403d-8460-8f7ee813784f','66bbc725-0cca-428e-a996-24ae24790223');
INSERT INTO _ModuleToQuestion VALUES('d49b124c-df8c-403d-8460-8f7ee813784f','d9dac7fe-2c62-437e-af20-358eb2ebd6f9');
INSERT INTO _ModuleToQuestion VALUES('d49b124c-df8c-403d-8460-8f7ee813784f','93c3a659-430d-455a-96c4-9c2fa4fc2bc1');
INSERT INTO _ModuleToQuestion VALUES('d49b124c-df8c-403d-8460-8f7ee813784f','39dda17c-e48f-449d-bfb5-adf7fdd9b2c7');
INSERT INTO _ModuleToQuestion VALUES('d49b124c-df8c-403d-8460-8f7ee813784f','929e1990-c723-4ae6-8f5c-03f024e9287c');
INSERT INTO _ModuleToQuestion VALUES('d49b124c-df8c-403d-8460-8f7ee813784f','6bf879f6-aabb-4623-951b-f3bacd831ce5');
INSERT INTO _ModuleToQuestion VALUES('d49b124c-df8c-403d-8460-8f7ee813784f','87a25c59-a7cc-4e3e-9204-89c80c0bf4d6');
INSERT INTO _ModuleToQuestion VALUES('a2093775-11c1-40e2-9c10-3cdaaeaf6559','85a97174-e9fe-4a46-baf5-c31613ada86f');
INSERT INTO _ModuleToQuestion VALUES('a2093775-11c1-40e2-9c10-3cdaaeaf6559','81fdadc1-14b4-4ff6-8bc8-4a465db7897c');
INSERT INTO _ModuleToQuestion VALUES('a2093775-11c1-40e2-9c10-3cdaaeaf6559','5aad3c32-d657-4406-802a-dd3580280c62');
INSERT INTO _ModuleToQuestion VALUES('a2093775-11c1-40e2-9c10-3cdaaeaf6559','ad86be35-9e48-4ef7-9ab8-79ad1aff4578');
INSERT INTO _ModuleToQuestion VALUES('a2093775-11c1-40e2-9c10-3cdaaeaf6559','77494a04-db05-4e75-83a1-c3cec9a081a7');
INSERT INTO _ModuleToQuestion VALUES('a2093775-11c1-40e2-9c10-3cdaaeaf6559','7e72328b-6383-4bac-9745-d87025dff8ce');
INSERT INTO _ModuleToQuestion VALUES('a2093775-11c1-40e2-9c10-3cdaaeaf6559','eab5f0e8-bdbd-4df9-bbda-8b85ef7383d6');
INSERT INTO _ModuleToQuestion VALUES('a2093775-11c1-40e2-9c10-3cdaaeaf6559','f12c90a9-df9d-46b2-bf3d-3c3acf9e92b4');
INSERT INTO _ModuleToQuestion VALUES('a2093775-11c1-40e2-9c10-3cdaaeaf6559','559beeff-3657-4e88-9184-b85b5ea8d2c8');
INSERT INTO _ModuleToQuestion VALUES('a2093775-11c1-40e2-9c10-3cdaaeaf6559','4d4ed414-9c07-482b-afe0-274bbbadf9e4');
INSERT INTO _ModuleToQuestion VALUES('0030cff5-5c9c-48db-ba6c-1c8fe12b9f7b','c6c31eff-fdf1-4313-a9b5-091bd670224e');
INSERT INTO _ModuleToQuestion VALUES('0030cff5-5c9c-48db-ba6c-1c8fe12b9f7b','b94a896c-5e07-4c39-8034-1a9cae95b925');
INSERT INTO _ModuleToQuestion VALUES('0030cff5-5c9c-48db-ba6c-1c8fe12b9f7b','7a814e80-cea5-4c79-951f-ad794482dd5d');
INSERT INTO _ModuleToQuestion VALUES('0030cff5-5c9c-48db-ba6c-1c8fe12b9f7b','41f76405-4085-42a4-9af6-823933a361ca');
INSERT INTO _ModuleToQuestion VALUES('0030cff5-5c9c-48db-ba6c-1c8fe12b9f7b','c93d3b6a-febd-425a-9dbc-949f3822ceb6');
INSERT INTO _ModuleToQuestion VALUES('0030cff5-5c9c-48db-ba6c-1c8fe12b9f7b','5274ebaf-2465-4b33-bdae-0c3c6d27ad6b');
INSERT INTO _ModuleToQuestion VALUES('0030cff5-5c9c-48db-ba6c-1c8fe12b9f7b','af5fb900-4857-4ab7-bd32-981df31d8308');
INSERT INTO _ModuleToQuestion VALUES('0030cff5-5c9c-48db-ba6c-1c8fe12b9f7b','4d3a65e4-7bcc-4a91-bc88-8953a42e9e67');
INSERT INTO _ModuleToQuestion VALUES('0030cff5-5c9c-48db-ba6c-1c8fe12b9f7b','a717d79d-5a37-4bb6-a876-bb66b611178f');
INSERT INTO _ModuleToQuestion VALUES('0030cff5-5c9c-48db-ba6c-1c8fe12b9f7b','091c829c-9f64-4206-b18a-a10f438c4a35');
INSERT INTO _ModuleToQuestion VALUES('62e38ada-eb92-4a9c-bd52-943f6ed49b17','3868f16c-c4e5-4df1-9c2e-eeafe926473d');
INSERT INTO _ModuleToQuestion VALUES('7f7b0380-8d2d-45f2-9a8a-645755fadf42','0b289b7e-74f3-48af-8096-aa5601fceb1a');
CREATE TABLE IF NOT EXISTS "Degree" (
    "id" TEXT NOT NULL PRIMARY KEY,
    "translationId" TEXT NOT NULL,
    "universityId" TEXT NOT NULL,
    "facultyId" TEXT,
    CONSTRAINT "Degree_translationId_fkey" FOREIGN KEY ("translationId") REFERENCES "Translation" ("id") ON DELETE RESTRICT ON UPDATE CASCADE,
    CONSTRAINT "Degree_universityId_fkey" FOREIGN KEY ("universityId") REFERENCES "University" ("id") ON DELETE RESTRICT ON UPDATE CASCADE,
    CONSTRAINT "Degree_facultyId_fkey" FOREIGN KEY ("facultyId") REFERENCES "Faculty" ("id") ON DELETE SET NULL ON UPDATE CASCADE
);
INSERT INTO Degree VALUES('17004398-f4fe-4658-a023-f79283bf22de','5b51d5e2-608f-4ceb-8184-efc63ce643cd','3856bd36-8082-4821-8b1d-9ce806403ab2',NULL);
INSERT INTO Degree VALUES('8c6a661a-a1f0-4922-82dd-45b4938b3887','ee53adf0-406c-43bc-9710-3a96cdcfb4c0','3856bd36-8082-4821-8b1d-9ce806403ab2',NULL);
INSERT INTO Degree VALUES('fa8a5dc5-8368-4f13-97f7-83cd9f701013','f0c2636f-08a8-4529-a37a-6206d7e1772a','3856bd36-8082-4821-8b1d-9ce806403ab2',NULL);
INSERT INTO Degree VALUES('43eae81a-0c42-4e5c-894d-bd803334f0cd','e8b9f640-68b9-4d90-a56b-9ab8dfade0af','3856bd36-8082-4821-8b1d-9ce806403ab2',NULL);
INSERT INTO Degree VALUES('73ef0be5-bd20-4181-aa70-52cf19ac5a9c','63e95b0b-85de-4c54-b6af-face80091bb4','3856bd36-8082-4821-8b1d-9ce806403ab2','c65fa3bd-2f3a-40d8-b192-3be77adc7802');
INSERT INTO Degree VALUES('c7a1e2b2-8e2d-4c1a-9e2a-1a2b3c4d5e6f','63e95b0b-85de-4c54-b6af-face80091bb4','92e73fb7-96de-45e4-aff3-4ca7b89be16c','7e3f2c1b-9a8d-4f6e-8c5b-2d3e4f5a6b7c');
INSERT INTO Degree VALUES('fe63f747-f7c8-4c63-bb5b-904f503cd23e','25800af4-b146-4cd0-83c0-dc64729dcc7f','42e9a858-0a22-482d-ab1d-65f7a00ceb4c',NULL);
CREATE UNIQUE INDEX "Faculty_translationId_universityId_key" ON "Faculty"("translationId", "universityId");
CREATE UNIQUE INDEX "Course_translationId_universityId_key" ON "Course"("translationId", "universityId");
CREATE UNIQUE INDEX "BlockRelationship_prerequisiteId_postrequisiteId_key" ON "BlockRelationship"("prerequisiteId", "postrequisiteId");
CREATE UNIQUE INDEX "RelationshipMetadata_key_blockRelationshipId_key" ON "RelationshipMetadata"("key", "blockRelationshipId");
CREATE UNIQUE INDEX "Translation_en_text_he_text_key" ON "Translation"("en_text", "he_text");
CREATE UNIQUE INDEX "QuestionPart_questionId_order_key" ON "QuestionPart"("questionId", "order");
CREATE UNIQUE INDEX "UnitAnswer_answerId_key" ON "UnitAnswer"("answerId");
CREATE UNIQUE INDEX "NumberAnswer_answerId_key" ON "NumberAnswer"("answerId");
CREATE UNIQUE INDEX "_CourseModules_AB_unique" ON "_CourseModules"("A", "B");
CREATE INDEX "_CourseModules_B_index" ON "_CourseModules"("B");
CREATE UNIQUE INDEX "_CourseToDegree_AB_unique" ON "_CourseToDegree"("A", "B");
CREATE INDEX "_CourseToDegree_B_index" ON "_CourseToDegree"("B");
CREATE UNIQUE INDEX "_ModuleHierarchy_AB_unique" ON "_ModuleHierarchy"("A", "B");
CREATE INDEX "_ModuleHierarchy_B_index" ON "_ModuleHierarchy"("B");
CREATE UNIQUE INDEX "_ModuleToQuestion_AB_unique" ON "_ModuleToQuestion"("A", "B");
CREATE INDEX "_ModuleToQuestion_B_index" ON "_ModuleToQuestion"("B");
COMMIT;
